<?xml version="1.0" encoding="UTF-8"?>
<gpx  version="1.1"  creator="Verlag Esterbauer" xmlns:xsi="http://www.w3.org/2001/XMLSchema-instance" xmlns="http://www.topografix.com/GPX/1/1"  xsi:schemaLocation="http://www.topografix.com/GPX/1/1 http://www.topografix.com/GPX/1/1/gpx.xsd">
  <trk>
    <name>00 Gesamt Berlin-Peenemuende</name>
    <cmt>by Verlag Esterbauer</cmt>
    <trkseg>
      <trkpt lat="52.51769862" lon="13.39933334">
        <ele>33</ele>
        <time>2026-07-01T02:00:00Z</time>
      </trkpt>
      <trkpt lat="52.51832028" lon="13.40104389">
        <ele>34.66667</ele>
        <time>2026-07-01T02:00:28.622Z</time>
      </trkpt>
      <trkpt lat="52.51897917" lon="13.40029417">
        <ele>34.8</ele>
        <time>2026-07-01T02:00:47.522Z</time>
      </trkpt>
      <trkpt lat="52.52010139" lon="13.39910667">
        <ele>36.28571</ele>
        <time>2026-07-01T02:01:18.997Z</time>
      </trkpt>
      <trkpt lat="52.52034223" lon="13.39982362">
        <ele>35.77778</ele>
        <time>2026-07-01T02:01:30.762Z</time>
      </trkpt>
      <trkpt lat="52.52073556" lon="13.40075028">
        <ele>35.45454</ele>
        <time>2026-07-01T02:01:46.99Z</time>
      </trkpt>
      <trkpt lat="52.52092917" lon="13.40148417">
        <ele>36.07692</ele>
        <time>2026-07-01T02:01:58.483Z</time>
      </trkpt>
      <trkpt lat="52.52141001" lon="13.40289528">
        <ele>36.53846</ele>
        <time>2026-07-01T02:02:21.717Z</time>
      </trkpt>
      <trkpt lat="52.52161723" lon="13.40353306">
        <ele>37.53846</ele>
        <time>2026-07-01T02:02:32.104Z</time>
      </trkpt>
      <trkpt lat="52.52195695" lon="13.40455362">
        <ele>38.30769</ele>
        <time>2026-07-01T02:02:48.816Z</time>
      </trkpt>
      <trkpt lat="52.52211389" lon="13.40471445">
        <ele>38.46154</ele>
        <time>2026-07-01T02:02:53.176Z</time>
      </trkpt>
      <trkpt lat="52.52245028" lon="13.40584278">
        <ele>39.38462</ele>
        <time>2026-07-01T02:03:11.228Z</time>
      </trkpt>
      <trkpt lat="52.52280917" lon="13.40662612">
        <ele>40.07692</ele>
        <time>2026-07-01T02:03:25.31Z</time>
      </trkpt>
      <trkpt lat="52.52298473" lon="13.40686">
        <ele>40.53846</ele>
        <time>2026-07-01T02:03:30.638Z</time>
      </trkpt>
      <trkpt lat="52.52348556" lon="13.40718889">
        <ele>42</ele>
        <time>2026-07-01T02:03:43.349Z</time>
      </trkpt>
      <trkpt lat="52.52454862" lon="13.40790473">
        <ele>43.46154</ele>
        <time>2026-07-01T02:04:10.43Z</time>
      </trkpt>
      <trkpt lat="52.52686695" lon="13.40885251">
        <ele>44.69231</ele>
        <time>2026-07-01T02:05:06.733Z</time>
      </trkpt>
      <trkpt lat="52.52821167" lon="13.40950306">
        <ele>45.69231</ele>
        <time>2026-07-01T02:05:39.771Z</time>
      </trkpt>
      <trkpt lat="52.52825334" lon="13.40895389">
        <ele>46.15385</ele>
        <time>2026-07-01T02:05:47.724Z</time>
      </trkpt>
      <trkpt lat="52.52889612" lon="13.40956167">
        <ele>47.07692</ele>
        <time>2026-07-01T02:06:05.209Z</time>
      </trkpt>
      <trkpt lat="52.52962695" lon="13.41007278">
        <ele>47.92308</ele>
        <time>2026-07-01T02:06:23.932Z</time>
      </trkpt>
      <trkpt lat="52.53001362" lon="13.41042112">
        <ele>48.07692</ele>
        <time>2026-07-01T02:06:34.325Z</time>
      </trkpt>
      <trkpt lat="52.5305525" lon="13.41106806">
        <ele>48.76923</ele>
        <time>2026-07-01T02:06:50.063Z</time>
      </trkpt>
      <trkpt lat="52.53111306" lon="13.41181195">
        <ele>50.15385</ele>
        <time>2026-07-01T02:07:07.056Z</time>
      </trkpt>
      <trkpt lat="52.53127806" lon="13.41208223">
        <ele>51.23077</ele>
        <time>2026-07-01T02:07:12.548Z</time>
      </trkpt>
      <trkpt lat="52.53179362" lon="13.41230862">
        <ele>52.61538</ele>
        <time>2026-07-01T02:07:25.124Z</time>
      </trkpt>
      <trkpt lat="52.53248501" lon="13.41248445">
        <ele>53.46154</ele>
        <time>2026-07-01T02:07:41.611Z</time>
      </trkpt>
      <trkpt lat="52.53259778" lon="13.41255167">
        <ele>54.76923</ele>
        <time>2026-07-01T02:07:44.438Z</time>
      </trkpt>
      <trkpt lat="52.53282612" lon="13.4119075">
        <ele>55.46154</ele>
        <time>2026-07-01T02:07:55.145Z</time>
      </trkpt>
      <trkpt lat="52.53334251" lon="13.410725">
        <ele>56.30769</ele>
        <time>2026-07-01T02:08:16.045Z</time>
      </trkpt>
      <trkpt lat="52.53372723" lon="13.40958334">
        <ele>57.15385</ele>
        <time>2026-07-01T02:08:34.789Z</time>
      </trkpt>
      <trkpt lat="52.53427473" lon="13.4082075">
        <ele>57.46154</ele>
        <time>2026-07-01T02:08:58.397Z</time>
      </trkpt>
      <trkpt lat="52.53465806" lon="13.40732695">
        <ele>57.53846</ele>
        <time>2026-07-01T02:09:13.944Z</time>
      </trkpt>
      <trkpt lat="52.53597417" lon="13.40653889">
        <ele>57.46154</ele>
        <time>2026-07-01T02:09:46.96Z</time>
      </trkpt>
      <trkpt lat="52.53666889" lon="13.40616056">
        <ele>57.38462</ele>
        <time>2026-07-01T02:10:04.208Z</time>
      </trkpt>
      <trkpt lat="52.53911667" lon="13.40483945">
        <ele>56.84615</ele>
        <time>2026-07-01T02:11:04.932Z</time>
      </trkpt>
      <trkpt lat="52.53974612" lon="13.40454084">
        <ele>56.30769</ele>
        <time>2026-07-01T02:11:20.371Z</time>
      </trkpt>
      <trkpt lat="52.54011139" lon="13.40439584">
        <ele>55.61538</ele>
        <time>2026-07-01T02:11:29.226Z</time>
      </trkpt>
      <trkpt lat="52.54021362" lon="13.40440139">
        <ele>55.07692</ele>
        <time>2026-07-01T02:11:31.636Z</time>
      </trkpt>
      <trkpt lat="52.54042528" lon="13.40464167">
        <ele>54.15385</ele>
        <time>2026-07-01T02:11:37.699Z</time>
      </trkpt>
      <trkpt lat="52.54054556" lon="13.40445223">
        <ele>52.30769</ele>
        <time>2026-07-01T02:11:41.626Z</time>
      </trkpt>
      <trkpt lat="52.54067556" lon="13.40427362">
        <ele>51.38462</ele>
        <time>2026-07-01T02:11:45.62Z</time>
      </trkpt>
      <trkpt lat="52.54267362" lon="13.40318306">
        <ele>50.61538</ele>
        <time>2026-07-01T02:12:35.242Z</time>
      </trkpt>
      <trkpt lat="52.54643389" lon="13.40130473">
        <ele>50.07692</ele>
        <time>2026-07-01T02:14:07.869Z</time>
      </trkpt>
      <trkpt lat="52.54668528" lon="13.40120612">
        <ele>50.53846</ele>
        <time>2026-07-01T02:14:13.96Z</time>
      </trkpt>
      <trkpt lat="52.54866556" lon="13.40046501">
        <ele>50.76923</ele>
        <time>2026-07-01T02:15:01.824Z</time>
      </trkpt>
      <trkpt lat="52.54904639" lon="13.4003375">
        <ele>50.84615</ele>
        <time>2026-07-01T02:15:10.983Z</time>
      </trkpt>
      <trkpt lat="52.550585" lon="13.39976195">
        <ele>50.92308</ele>
        <time>2026-07-01T02:15:48.171Z</time>
      </trkpt>
      <trkpt lat="52.55097056" lon="13.39962001">
        <ele>51.23077</ele>
        <time>2026-07-01T02:15:57.482Z</time>
      </trkpt>
      <trkpt lat="52.55110695" lon="13.39957195">
        <ele>51.46154</ele>
        <time>2026-07-01T02:16:00.769Z</time>
      </trkpt>
      <trkpt lat="52.55117639" lon="13.40027945">
        <ele>51.76923</ele>
        <time>2026-07-01T02:16:11.063Z</time>
      </trkpt>
      <trkpt lat="52.55109917" lon="13.400295">
        <ele>51.84615</ele>
        <time>2026-07-01T02:16:12.896Z</time>
      </trkpt>
      <trkpt lat="52.55065917" lon="13.40044584">
        <ele>52.38462</ele>
        <time>2026-07-01T02:16:23.488Z</time>
      </trkpt>
      <trkpt lat="52.55062639" lon="13.40028001">
        <ele>52.84615</ele>
        <time>2026-07-01T02:16:25.989Z</time>
      </trkpt>
      <trkpt lat="52.55109167" lon="13.40001862">
        <ele>52.76923</ele>
        <time>2026-07-01T02:16:37.577Z</time>
      </trkpt>
      <trkpt lat="52.55139084" lon="13.39991056">
        <ele>52.61538</ele>
        <time>2026-07-01T02:16:44.795Z</time>
      </trkpt>
      <trkpt lat="52.55161139" lon="13.39998084">
        <ele>52.46154</ele>
        <time>2026-07-01T02:16:50.089Z</time>
      </trkpt>
      <trkpt lat="52.55209251" lon="13.39969889">
        <ele>51.76923</ele>
        <time>2026-07-01T02:17:02.126Z</time>
      </trkpt>
      <trkpt lat="52.55263278" lon="13.39946556">
        <ele>51.07692</ele>
        <time>2026-07-01T02:17:15.29Z</time>
      </trkpt>
      <trkpt lat="52.55441834" lon="13.39892334">
        <ele>50.84615</ele>
        <time>2026-07-01T02:17:58.081Z</time>
      </trkpt>
      <trkpt lat="52.55505028" lon="13.39887612">
        <ele>50.69231</ele>
        <time>2026-07-01T02:18:12.988Z</time>
      </trkpt>
      <trkpt lat="52.55521528" lon="13.39884556">
        <ele>50.53846</ele>
        <time>2026-07-01T02:18:16.901Z</time>
      </trkpt>
      <trkpt lat="52.55575473" lon="13.39889362">
        <ele>50.30769</ele>
        <time>2026-07-01T02:18:29.632Z</time>
      </trkpt>
      <trkpt lat="52.55685973" lon="13.39880473">
        <ele>50.23077</ele>
        <time>2026-07-01T02:18:55.702Z</time>
      </trkpt>
      <trkpt lat="52.55773167" lon="13.39901612">
        <ele>50.07692</ele>
        <time>2026-07-01T02:19:16.472Z</time>
      </trkpt>
      <trkpt lat="52.55847362" lon="13.39941334">
        <ele>49.69231</ele>
        <time>2026-07-01T02:19:34.861Z</time>
      </trkpt>
      <trkpt lat="52.55844278" lon="13.39946528">
        <ele>49.69231</ele>
        <time>2026-07-01T02:19:35.902Z</time>
      </trkpt>
      <trkpt lat="52.55863584" lon="13.40001112">
        <ele>49.84615</ele>
        <time>2026-07-01T02:19:44.966Z</time>
      </trkpt>
      <trkpt lat="52.55899667" lon="13.40046806">
        <ele>49.76923</ele>
        <time>2026-07-01T02:19:55.702Z</time>
      </trkpt>
      <trkpt lat="52.55973167" lon="13.40160195">
        <ele>49.92308</ele>
        <time>2026-07-01T02:20:19.475Z</time>
      </trkpt>
      <trkpt lat="52.56059473" lon="13.40292306">
        <ele>50.23077</ele>
        <time>2026-07-01T02:20:47.289Z</time>
      </trkpt>
      <trkpt lat="52.56143334" lon="13.40420945">
        <ele>51</ele>
        <time>2026-07-01T02:21:14.341Z</time>
      </trkpt>
      <trkpt lat="52.56147139" lon="13.40422778">
        <ele>51.53846</ele>
        <time>2026-07-01T02:21:15.275Z</time>
      </trkpt>
      <trkpt lat="52.56193445" lon="13.40343056">
        <ele>52</ele>
        <time>2026-07-01T02:21:31.091Z</time>
      </trkpt>
      <trkpt lat="52.56230028" lon="13.40277862">
        <ele>52.38462</ele>
        <time>2026-07-01T02:21:43.818Z</time>
      </trkpt>
      <trkpt lat="52.56268751" lon="13.40279584">
        <ele>52.92308</ele>
        <time>2026-07-01T02:21:52.946Z</time>
      </trkpt>
      <trkpt lat="52.56389528" lon="13.40269445">
        <ele>53.15385</ele>
        <time>2026-07-01T02:22:21.444Z</time>
      </trkpt>
      <trkpt lat="52.56566528" lon="13.40253528">
        <ele>53.46154</ele>
        <time>2026-07-01T02:23:03.216Z</time>
      </trkpt>
      <trkpt lat="52.56664639" lon="13.40233556">
        <ele>53.84615</ele>
        <time>2026-07-01T02:23:26.512Z</time>
      </trkpt>
      <trkpt lat="52.56804528" lon="13.40193862">
        <ele>53.92308</ele>
        <time>2026-07-01T02:23:59.964Z</time>
      </trkpt>
      <trkpt lat="52.56940334" lon="13.40141528">
        <ele>54</ele>
        <time>2026-07-01T02:24:32.837Z</time>
      </trkpt>
      <trkpt lat="52.56937389" lon="13.40177528">
        <ele>54.30769</ele>
        <time>2026-07-01T02:24:38.046Z</time>
      </trkpt>
      <trkpt lat="52.56938417" lon="13.40271639">
        <ele>54.30769</ele>
        <time>2026-07-01T02:24:51.561Z</time>
      </trkpt>
      <trkpt lat="52.56951945" lon="13.40336139">
        <ele>54.30769</ele>
        <time>2026-07-01T02:25:01.355Z</time>
      </trkpt>
      <trkpt lat="52.56945445" lon="13.40329778">
        <ele>54.07692</ele>
        <time>2026-07-01T02:25:03.138Z</time>
      </trkpt>
      <trkpt lat="52.56939167" lon="13.40441806">
        <ele>54.30769</ele>
        <time>2026-07-01T02:25:19.291Z</time>
      </trkpt>
      <trkpt lat="52.56977056" lon="13.40621195">
        <ele>54.53846</ele>
        <time>2026-07-01T02:25:46.552Z</time>
      </trkpt>
      <trkpt lat="52.57005389" lon="13.40739306">
        <ele>54.30769</ele>
        <time>2026-07-01T02:26:04.778Z</time>
      </trkpt>
      <trkpt lat="52.57083278" lon="13.41014778">
        <ele>53.76923</ele>
        <time>2026-07-01T02:26:48.381Z</time>
      </trkpt>
      <trkpt lat="52.57084" lon="13.41016084">
        <ele>53.72106</ele>
        <time>2026-07-01T02:26:48.634Z</time>
      </trkpt>
      <trkpt lat="52.57106334" lon="13.40983695">
        <ele>52.38462</ele>
        <time>2026-07-01T02:26:55.653Z</time>
      </trkpt>
      <trkpt lat="52.57112834" lon="13.40929917">
        <ele>51.92308</ele>
        <time>2026-07-01T02:27:03.525Z</time>
      </trkpt>
      <trkpt lat="52.571115" lon="13.40885278">
        <ele>52.07692</ele>
        <time>2026-07-01T02:27:09.934Z</time>
      </trkpt>
      <trkpt lat="52.57217473" lon="13.40834084">
        <ele>52.46154</ele>
        <time>2026-07-01T02:27:35.966Z</time>
      </trkpt>
      <trkpt lat="52.5730325" lon="13.40792667">
        <ele>52.92308</ele>
        <time>2026-07-01T02:27:57.034Z</time>
      </trkpt>
      <trkpt lat="52.57390806" lon="13.40751973">
        <ele>53.69231</ele>
        <time>2026-07-01T02:28:18.476Z</time>
      </trkpt>
      <trkpt lat="52.57384056" lon="13.40754501">
        <ele>54.15385</ele>
        <time>2026-07-01T02:28:20.107Z</time>
      </trkpt>
      <trkpt lat="52.57419584" lon="13.40784862">
        <ele>54.61538</ele>
        <time>2026-07-01T02:28:29.543Z</time>
      </trkpt>
      <trkpt lat="52.57482862" lon="13.40790139">
        <ele>54.69231</ele>
        <time>2026-07-01T02:28:44.474Z</time>
      </trkpt>
      <trkpt lat="52.57533195" lon="13.40778834">
        <ele>54.92308</ele>
        <time>2026-07-01T02:28:56.445Z</time>
      </trkpt>
      <trkpt lat="52.57550195" lon="13.40753556">
        <ele>55.38462</ele>
        <time>2026-07-01T02:29:01.847Z</time>
      </trkpt>
      <trkpt lat="52.57634362" lon="13.40765667">
        <ele>55.92308</ele>
        <time>2026-07-01T02:29:21.757Z</time>
      </trkpt>
      <trkpt lat="52.57694417" lon="13.40802917">
        <ele>56.30769</ele>
        <time>2026-07-01T02:29:36.883Z</time>
      </trkpt>
      <trkpt lat="52.57765139" lon="13.40886917">
        <ele>56.69231</ele>
        <time>2026-07-01T02:29:57.454Z</time>
      </trkpt>
      <trkpt lat="52.57847695" lon="13.40908167">
        <ele>56.92308</ele>
        <time>2026-07-01T02:30:17.145Z</time>
      </trkpt>
      <trkpt lat="52.57869862" lon="13.40933778">
        <ele>56.69231</ele>
        <time>2026-07-01T02:30:23.53Z</time>
      </trkpt>
      <trkpt lat="52.57917139" lon="13.40992306">
        <ele>56.30769</ele>
        <time>2026-07-01T02:30:37.484Z</time>
      </trkpt>
      <trkpt lat="52.57985556" lon="13.41316445">
        <ele>55.84615</ele>
        <time>2026-07-01T02:31:26.728Z</time>
      </trkpt>
      <trkpt lat="52.58052834" lon="13.41648889">
        <ele>54.92308</ele>
        <time>2026-07-01T02:32:17.014Z</time>
      </trkpt>
      <trkpt lat="52.58101473" lon="13.41867001">
        <ele>54.61538</ele>
        <time>2026-07-01T02:32:50.355Z</time>
      </trkpt>
      <trkpt lat="52.58121862" lon="13.41975778">
        <ele>54.07692</ele>
        <time>2026-07-01T02:33:06.692Z</time>
      </trkpt>
      <trkpt lat="52.58175889" lon="13.42209167">
        <ele>53.92308</ele>
        <time>2026-07-01T02:33:42.531Z</time>
      </trkpt>
      <trkpt lat="52.58249556" lon="13.42578806">
        <ele>53.46154</ele>
        <time>2026-07-01T02:34:38.357Z</time>
      </trkpt>
      <trkpt lat="52.58293334" lon="13.42767945">
        <ele>53.23077</ele>
        <time>2026-07-01T02:35:07.4Z</time>
      </trkpt>
      <trkpt lat="52.58296778" lon="13.42841612">
        <ele>53.07692</ele>
        <time>2026-07-01T02:35:18.005Z</time>
      </trkpt>
      <trkpt lat="52.58300195" lon="13.42897695">
        <ele>53.38462</ele>
        <time>2026-07-01T02:35:26.095Z</time>
      </trkpt>
      <trkpt lat="52.58295445" lon="13.42871556">
        <ele>53.69231</ele>
        <time>2026-07-01T02:35:30.006Z</time>
      </trkpt>
      <trkpt lat="52.58296528" lon="13.42925334">
        <ele>54</ele>
        <time>2026-07-01T02:35:37.729Z</time>
      </trkpt>
      <trkpt lat="52.58302" lon="13.42962584">
        <ele>54.61538</ele>
        <time>2026-07-01T02:35:43.223Z</time>
      </trkpt>
      <trkpt lat="52.58313917" lon="13.43019612">
        <ele>55.07692</ele>
        <time>2026-07-01T02:35:51.877Z</time>
      </trkpt>
      <trkpt lat="52.58326417" lon="13.43011723">
        <ele>55.38462</ele>
        <time>2026-07-01T02:35:55.032Z</time>
      </trkpt>
      <trkpt lat="52.58337528" lon="13.43019834">
        <ele>55.92308</ele>
        <time>2026-07-01T02:35:57.897Z</time>
      </trkpt>
      <trkpt lat="52.58371612" lon="13.43029778">
        <ele>56</ele>
        <time>2026-07-01T02:36:06.054Z</time>
      </trkpt>
      <trkpt lat="52.58407723" lon="13.43044945">
        <ele>56.46154</ele>
        <time>2026-07-01T02:36:14.837Z</time>
      </trkpt>
      <trkpt lat="52.58441028" lon="13.43068167">
        <ele>56.30769</ele>
        <time>2026-07-01T02:36:23.362Z</time>
      </trkpt>
      <trkpt lat="52.58512417" lon="13.43087389">
        <ele>56.15385</ele>
        <time>2026-07-01T02:36:40.409Z</time>
      </trkpt>
      <trkpt lat="52.58535084" lon="13.43088167">
        <ele>55.92308</ele>
        <time>2026-07-01T02:36:45.752Z</time>
      </trkpt>
      <trkpt lat="52.58580695" lon="13.43114167">
        <ele>55.69231</ele>
        <time>2026-07-01T02:36:57.128Z</time>
      </trkpt>
      <trkpt lat="52.58719362" lon="13.43182473">
        <ele>55.30769</ele>
        <time>2026-07-01T02:37:31.244Z</time>
      </trkpt>
      <trkpt lat="52.58781834" lon="13.43209973">
        <ele>55.15385</ele>
        <time>2026-07-01T02:37:46.484Z</time>
      </trkpt>
      <trkpt lat="52.58819278" lon="13.43229889">
        <ele>54.92308</ele>
        <time>2026-07-01T02:37:55.758Z</time>
      </trkpt>
      <trkpt lat="52.58836501" lon="13.43259">
        <ele>54.23077</ele>
        <time>2026-07-01T02:38:01.579Z</time>
      </trkpt>
      <trkpt lat="52.58838639" lon="13.43299834">
        <ele>53.92308</ele>
        <time>2026-07-01T02:38:07.454Z</time>
      </trkpt>
      <trkpt lat="52.58838612" lon="13.43321584">
        <ele>53.53846</ele>
        <time>2026-07-01T02:38:10.572Z</time>
      </trkpt>
      <trkpt lat="52.58848306" lon="13.43344612">
        <ele>53.07692</ele>
        <time>2026-07-01T02:38:14.586Z</time>
      </trkpt>
      <trkpt lat="52.588865" lon="13.43372473">
        <ele>52.84615</ele>
        <time>2026-07-01T02:38:24.433Z</time>
      </trkpt>
      <trkpt lat="52.58911556" lon="13.4338325">
        <ele>52.30769</ele>
        <time>2026-07-01T02:38:30.536Z</time>
      </trkpt>
      <trkpt lat="52.58950945" lon="13.43402028">
        <ele>52</ele>
        <time>2026-07-01T02:38:40.2Z</time>
      </trkpt>
      <trkpt lat="52.59004167" lon="13.43489112">
        <ele>52.23077</ele>
        <time>2026-07-01T02:38:57.906Z</time>
      </trkpt>
      <trkpt lat="52.59046223" lon="13.43534751">
        <ele>52.46154</ele>
        <time>2026-07-01T02:39:09.781Z</time>
      </trkpt>
      <trkpt lat="52.59097945" lon="13.43585278">
        <ele>52.69231</ele>
        <time>2026-07-01T02:39:23.963Z</time>
      </trkpt>
      <trkpt lat="52.59169889" lon="13.43775306">
        <ele>52.92308</ele>
        <time>2026-07-01T02:39:56.074Z</time>
      </trkpt>
      <trkpt lat="52.59187278" lon="13.43828306">
        <ele>52.84615</ele>
        <time>2026-07-01T02:40:04.714Z</time>
      </trkpt>
      <trkpt lat="52.59199612" lon="13.43827056">
        <ele>52.61538</ele>
        <time>2026-07-01T02:40:07.626Z</time>
      </trkpt>
      <trkpt lat="52.59214528" lon="13.43757334">
        <ele>52.76923</ele>
        <time>2026-07-01T02:40:18.231Z</time>
      </trkpt>
      <trkpt lat="52.59234278" lon="13.43700167">
        <ele>52.69231</ele>
        <time>2026-07-01T02:40:27.663Z</time>
      </trkpt>
      <trkpt lat="52.59254334" lon="13.43669612">
        <ele>52.84615</ele>
        <time>2026-07-01T02:40:34.106Z</time>
      </trkpt>
      <trkpt lat="52.5925525" lon="13.43671917">
        <ele>53</ele>
        <time>2026-07-01T02:40:34.501Z</time>
      </trkpt>
      <trkpt lat="52.59304723" lon="13.43801945">
        <ele>52.92308</ele>
        <time>2026-07-01T02:40:56.503Z</time>
      </trkpt>
      <trkpt lat="52.59439695" lon="13.43709667">
        <ele>53.23077</ele>
        <time>2026-07-01T02:41:30.956Z</time>
      </trkpt>
      <trkpt lat="52.59479362" lon="13.43880195">
        <ele>53.46154</ele>
        <time>2026-07-01T02:41:57.151Z</time>
      </trkpt>
      <trkpt lat="52.59529139" lon="13.43931612">
        <ele>53.23077</ele>
        <time>2026-07-01T02:42:11.008Z</time>
      </trkpt>
      <trkpt lat="52.59580389" lon="13.43973445">
        <ele>53.07692</ele>
        <time>2026-07-01T02:42:24.491Z</time>
      </trkpt>
      <trkpt lat="52.59710306" lon="13.44060139">
        <ele>52.84615</ele>
        <time>2026-07-01T02:42:57.537Z</time>
      </trkpt>
      <trkpt lat="52.59917417" lon="13.44179195">
        <ele>52.69231</ele>
        <time>2026-07-01T02:43:49.246Z</time>
      </trkpt>
      <trkpt lat="52.60002306" lon="13.44247028">
        <ele>52.61538</ele>
        <time>2026-07-01T02:44:11.492Z</time>
      </trkpt>
      <trkpt lat="52.60114389" lon="13.44258389">
        <ele>52.76923</ele>
        <time>2026-07-01T02:44:37.954Z</time>
      </trkpt>
      <trkpt lat="52.60153278" lon="13.44279334">
        <ele>52.84615</ele>
        <time>2026-07-01T02:44:47.597Z</time>
      </trkpt>
      <trkpt lat="52.60211945" lon="13.4428375">
        <ele>53</ele>
        <time>2026-07-01T02:45:01.436Z</time>
      </trkpt>
      <trkpt lat="52.60257139" lon="13.44295056">
        <ele>53</ele>
        <time>2026-07-01T02:45:12.208Z</time>
      </trkpt>
      <trkpt lat="52.60319584" lon="13.44309473">
        <ele>53.15385</ele>
        <time>2026-07-01T02:45:27.067Z</time>
      </trkpt>
      <trkpt lat="52.60331362" lon="13.44310639">
        <ele>53.38462</ele>
        <time>2026-07-01T02:45:29.848Z</time>
      </trkpt>
      <trkpt lat="52.60398139" lon="13.44317973">
        <ele>53.23077</ele>
        <time>2026-07-01T02:45:45.619Z</time>
      </trkpt>
      <trkpt lat="52.60465945" lon="13.44317084">
        <ele>53.15385</ele>
        <time>2026-07-01T02:46:01.598Z</time>
      </trkpt>
      <trkpt lat="52.60481889" lon="13.44318278">
        <ele>53.07692</ele>
        <time>2026-07-01T02:46:05.359Z</time>
      </trkpt>
      <trkpt lat="52.60556" lon="13.44323584">
        <ele>52.69231</ele>
        <time>2026-07-01T02:46:22.84Z</time>
      </trkpt>
      <trkpt lat="52.60626417" lon="13.44330139">
        <ele>52.38462</ele>
        <time>2026-07-01T02:46:39.46Z</time>
      </trkpt>
      <trkpt lat="52.60678362" lon="13.44337723">
        <ele>52.07692</ele>
        <time>2026-07-01T02:46:51.749Z</time>
      </trkpt>
      <trkpt lat="52.60710862" lon="13.44339112">
        <ele>51.92308</ele>
        <time>2026-07-01T02:46:59.41Z</time>
      </trkpt>
      <trkpt lat="52.60671139" lon="13.44738973">
        <ele>51.76923</ele>
        <time>2026-07-01T02:47:57.533Z</time>
      </trkpt>
      <trkpt lat="52.60672834" lon="13.44766334">
        <ele>51.61538</ele>
        <time>2026-07-01T02:48:01.474Z</time>
      </trkpt>
      <trkpt lat="52.60687917" lon="13.44807639">
        <ele>51.30769</ele>
        <time>2026-07-01T02:48:08.378Z</time>
      </trkpt>
      <trkpt lat="52.60675862" lon="13.44826306">
        <ele>51</ele>
        <time>2026-07-01T02:48:12.28Z</time>
      </trkpt>
      <trkpt lat="52.60667084" lon="13.44845306">
        <ele>50.61538</ele>
        <time>2026-07-01T02:48:15.699Z</time>
      </trkpt>
      <trkpt lat="52.606545" lon="13.45007028">
        <ele>50.30769</ele>
        <time>2026-07-01T02:48:39.089Z</time>
      </trkpt>
      <trkpt lat="52.60632528" lon="13.45033223">
        <ele>50.30769</ele>
        <time>2026-07-01T02:48:45.484Z</time>
      </trkpt>
      <trkpt lat="52.60634362" lon="13.45044612">
        <ele>50.23077</ele>
        <time>2026-07-01T02:48:47.172Z</time>
      </trkpt>
      <trkpt lat="52.60643362" lon="13.45066639">
        <ele>50.46154</ele>
        <time>2026-07-01T02:48:50.975Z</time>
      </trkpt>
      <trkpt lat="52.60642195" lon="13.45103028">
        <ele>51.15385</ele>
        <time>2026-07-01T02:48:56.196Z</time>
      </trkpt>
      <trkpt lat="52.60641667" lon="13.45120723">
        <ele>51.38462</ele>
        <time>2026-07-01T02:48:58.734Z</time>
      </trkpt>
      <trkpt lat="52.60658334" lon="13.45136945">
        <ele>51.46154</ele>
        <time>2026-07-01T02:49:03.298Z</time>
      </trkpt>
      <trkpt lat="52.60784112" lon="13.45220306">
        <ele>51.30769</ele>
        <time>2026-07-01T02:49:35.259Z</time>
      </trkpt>
      <trkpt lat="52.60880306" lon="13.4527375">
        <ele>51.15385</ele>
        <time>2026-07-01T02:49:59.189Z</time>
      </trkpt>
      <trkpt lat="52.60965862" lon="13.45105834">
        <ele>51</ele>
        <time>2026-07-01T02:50:30.601Z</time>
      </trkpt>
      <trkpt lat="52.61015056" lon="13.45114889">
        <ele>50.92308</ele>
        <time>2026-07-01T02:50:42.266Z</time>
      </trkpt>
      <trkpt lat="52.61129945" lon="13.4518525">
        <ele>51</ele>
        <time>2026-07-01T02:51:11.16Z</time>
      </trkpt>
      <trkpt lat="52.61179723" lon="13.45233278">
        <ele>51.15385</ele>
        <time>2026-07-01T02:51:24.764Z</time>
      </trkpt>
      <trkpt lat="52.61225389" lon="13.45289028">
        <ele>51.15385</ele>
        <time>2026-07-01T02:51:38.171Z</time>
      </trkpt>
      <trkpt lat="52.6127275" lon="13.45384251">
        <ele>51.07692</ele>
        <time>2026-07-01T02:51:55.81Z</time>
      </trkpt>
      <trkpt lat="52.61266362" lon="13.45390139">
        <ele>51.07692</ele>
        <time>2026-07-01T02:51:57.536Z</time>
      </trkpt>
      <trkpt lat="52.61290417" lon="13.45366778">
        <ele>50.92308</ele>
        <time>2026-07-01T02:52:04.119Z</time>
      </trkpt>
      <trkpt lat="52.61303945" lon="13.45391306">
        <ele>50.61538</ele>
        <time>2026-07-01T02:52:08.864Z</time>
      </trkpt>
      <trkpt lat="52.61350139" lon="13.45457306">
        <ele>50.69231</ele>
        <time>2026-07-01T02:52:23.29Z</time>
      </trkpt>
      <trkpt lat="52.61533556" lon="13.45761945">
        <ele>50.84615</ele>
        <time>2026-07-01T02:53:24.751Z</time>
      </trkpt>
      <trkpt lat="52.61623917" lon="13.45931667">
        <ele>51.07692</ele>
        <time>2026-07-01T02:53:57.093Z</time>
      </trkpt>
      <trkpt lat="52.61627612" lon="13.45932056">
        <ele>51.38462</ele>
        <time>2026-07-01T02:53:57.966Z</time>
      </trkpt>
      <trkpt lat="52.61667945" lon="13.46024945">
        <ele>51.61538</ele>
        <time>2026-07-01T02:54:14.332Z</time>
      </trkpt>
      <trkpt lat="52.61670028" lon="13.46028862">
        <ele>51.76923</ele>
        <time>2026-07-01T02:54:15.078Z</time>
      </trkpt>
      <trkpt lat="52.61919667" lon="13.46529751">
        <ele>52</ele>
        <time>2026-07-01T02:55:47.931Z</time>
      </trkpt>
      <trkpt lat="52.62031917" lon="13.46678834">
        <ele>52.15385</ele>
        <time>2026-07-01T02:56:21.944Z</time>
      </trkpt>
      <trkpt lat="52.62189362" lon="13.46884028">
        <ele>52.53846</ele>
        <time>2026-07-01T02:57:09.299Z</time>
      </trkpt>
      <trkpt lat="52.62272167" lon="13.4700575">
        <ele>52.61538</ele>
        <time>2026-07-01T02:57:35.481Z</time>
      </trkpt>
      <trkpt lat="52.62420973" lon="13.4732825">
        <ele>52.69231</ele>
        <time>2026-07-01T02:58:33.52Z</time>
      </trkpt>
      <trkpt lat="52.62431639" lon="13.47361112">
        <ele>52.84615</ele>
        <time>2026-07-01T02:58:38.856Z</time>
      </trkpt>
      <trkpt lat="52.62526056" lon="13.47726806">
        <ele>52.84615</ele>
        <time>2026-07-01T02:59:35.822Z</time>
      </trkpt>
      <trkpt lat="52.62584945" lon="13.47923778">
        <ele>52.92308</ele>
        <time>2026-07-01T03:00:07.293Z</time>
      </trkpt>
      <trkpt lat="52.62609917" lon="13.48033723">
        <ele>53.15385</ele>
        <time>2026-07-01T03:00:24.121Z</time>
      </trkpt>
      <trkpt lat="52.62670751" lon="13.48097806">
        <ele>53.30769</ele>
        <time>2026-07-01T03:00:41.149Z</time>
      </trkpt>
      <trkpt lat="52.62665028" lon="13.48091334">
        <ele>53.30769</ele>
        <time>2026-07-01T03:00:42.785Z</time>
      </trkpt>
      <trkpt lat="52.62807889" lon="13.48252501">
        <ele>53.69231</ele>
        <time>2026-07-01T03:01:23.619Z</time>
      </trkpt>
      <trkpt lat="52.62841612" lon="13.48289695">
        <ele>53.84615</ele>
        <time>2026-07-01T03:01:33.186Z</time>
      </trkpt>
      <trkpt lat="52.62833584" lon="13.48281084">
        <ele>54.07692</ele>
        <time>2026-07-01T03:01:35.444Z</time>
      </trkpt>
      <trkpt lat="52.63045584" lon="13.48506973">
        <ele>54.61538</ele>
        <time>2026-07-01T03:02:34.983Z</time>
      </trkpt>
      <trkpt lat="52.63081834" lon="13.48547362">
        <ele>54.76923</ele>
        <time>2026-07-01T03:02:45.299Z</time>
      </trkpt>
      <trkpt lat="52.63074973" lon="13.48540751">
        <ele>55.38462</ele>
        <time>2026-07-01T03:02:47.173Z</time>
      </trkpt>
      <trkpt lat="52.63190834" lon="13.48669806">
        <ele>56.46154</ele>
        <time>2026-07-01T03:03:20.155Z</time>
      </trkpt>
      <trkpt lat="52.63302306" lon="13.48801528">
        <ele>57.61538</ele>
        <time>2026-07-01T03:03:52.508Z</time>
      </trkpt>
      <trkpt lat="52.63443834" lon="13.48932723">
        <ele>58.15385</ele>
        <time>2026-07-01T03:04:30.798Z</time>
      </trkpt>
      <trkpt lat="52.63537889" lon="13.49021889">
        <ele>59.84615</ele>
        <time>2026-07-01T03:04:56.385Z</time>
      </trkpt>
      <trkpt lat="52.63691306" lon="13.49213723">
        <ele>61.38462</ele>
        <time>2026-07-01T03:05:41.81Z</time>
      </trkpt>
      <trkpt lat="52.63649028" lon="13.49291223">
        <ele>63.23077</ele>
        <time>2026-07-01T03:05:56.733Z</time>
      </trkpt>
      <trkpt lat="52.63714334" lon="13.49382167">
        <ele>64.84615</ele>
        <time>2026-07-01T03:06:16.903Z</time>
      </trkpt>
      <trkpt lat="52.63701584" lon="13.49415528">
        <ele>66.15385</ele>
        <time>2026-07-01T03:06:22.546Z</time>
      </trkpt>
      <trkpt lat="52.63689584" lon="13.49546945">
        <ele>67.84615</ele>
        <time>2026-07-01T03:06:41.597Z</time>
      </trkpt>
      <trkpt lat="52.63755362" lon="13.49584195">
        <ele>69.23077</ele>
        <time>2026-07-01T03:06:57.99Z</time>
      </trkpt>
      <trkpt lat="52.63810723" lon="13.49609834">
        <ele>70.23077</ele>
        <time>2026-07-01T03:07:11.543Z</time>
      </trkpt>
      <trkpt lat="52.63849417" lon="13.49669112">
        <ele>71.30769</ele>
        <time>2026-07-01T03:07:24.007Z</time>
      </trkpt>
      <trkpt lat="52.63884445" lon="13.49787528">
        <ele>71.38461</ele>
        <time>2026-07-01T03:07:42.883Z</time>
      </trkpt>
      <trkpt lat="52.63896973" lon="13.49875278">
        <ele>70.69231</ele>
        <time>2026-07-01T03:07:55.804Z</time>
      </trkpt>
      <trkpt lat="52.63906334" lon="13.49927917">
        <ele>69.76923</ele>
        <time>2026-07-01T03:08:03.666Z</time>
      </trkpt>
      <trkpt lat="52.6393425" lon="13.49947528">
        <ele>69.69231</ele>
        <time>2026-07-01T03:08:10.819Z</time>
      </trkpt>
      <trkpt lat="52.63961028" lon="13.49927667">
        <ele>68.46154</ele>
        <time>2026-07-01T03:08:17.74Z</time>
      </trkpt>
      <trkpt lat="52.63977528" lon="13.49916278">
        <ele>67.23077</ele>
        <time>2026-07-01T03:08:21.956Z</time>
      </trkpt>
      <trkpt lat="52.63991973" lon="13.49949139">
        <ele>65.84615</ele>
        <time>2026-07-01T03:08:27.763Z</time>
      </trkpt>
      <trkpt lat="52.63992806" lon="13.49982056">
        <ele>64.53846</ele>
        <time>2026-07-01T03:08:32.48Z</time>
      </trkpt>
      <trkpt lat="52.63964139" lon="13.50033251">
        <ele>63.15385</ele>
        <time>2026-07-01T03:08:42.455Z</time>
      </trkpt>
      <trkpt lat="52.63968445" lon="13.50082862">
        <ele>61.69231</ele>
        <time>2026-07-01T03:08:49.639Z</time>
      </trkpt>
      <trkpt lat="52.64056139" lon="13.50250278">
        <ele>60.46154</ele>
        <time>2026-07-01T03:09:21.31Z</time>
      </trkpt>
      <trkpt lat="52.64110389" lon="13.50379389">
        <ele>59.30769</ele>
        <time>2026-07-01T03:09:43.804Z</time>
      </trkpt>
      <trkpt lat="52.64127278" lon="13.50436556">
        <ele>58.53846</ele>
        <time>2026-07-01T03:09:52.914Z</time>
      </trkpt>
      <trkpt lat="52.64219362" lon="13.50639556">
        <ele>58.61538</ele>
        <time>2026-07-01T03:10:29.213Z</time>
      </trkpt>
      <trkpt lat="52.64347084" lon="13.50982473">
        <ele>59.15385</ele>
        <time>2026-07-01T03:11:26.85Z</time>
      </trkpt>
      <trkpt lat="52.64384139" lon="13.51097889">
        <ele>59.61538</ele>
        <time>2026-07-01T03:11:45.557Z</time>
      </trkpt>
      <trkpt lat="52.64341195" lon="13.51138417">
        <ele>59.92308</ele>
        <time>2026-07-01T03:11:57.222Z</time>
      </trkpt>
      <trkpt lat="52.64345834" lon="13.51134001">
        <ele>59.92308</ele>
        <time>2026-07-01T03:11:58.485Z</time>
      </trkpt>
      <trkpt lat="52.6425875" lon="13.51210362">
        <ele>59.84615</ele>
        <time>2026-07-01T03:12:21.743Z</time>
      </trkpt>
      <trkpt lat="52.64309028" lon="13.51367362">
        <ele>59.69231</ele>
        <time>2026-07-01T03:12:47.176Z</time>
      </trkpt>
      <trkpt lat="52.64382778" lon="13.51535278">
        <ele>60.07692</ele>
        <time>2026-07-01T03:13:16.864Z</time>
      </trkpt>
      <trkpt lat="52.64380112" lon="13.51527667">
        <ele>60.53846</ele>
        <time>2026-07-01T03:13:18.122Z</time>
      </trkpt>
      <trkpt lat="52.64401501" lon="13.51556723">
        <ele>60.92308</ele>
        <time>2026-07-01T03:13:24.657Z</time>
      </trkpt>
      <trkpt lat="52.64534306" lon="13.51936306">
        <ele>61.23077</ele>
        <time>2026-07-01T03:14:27.424Z</time>
      </trkpt>
      <trkpt lat="52.64567556" lon="13.51969112">
        <ele>61.61538</ele>
        <time>2026-07-01T03:14:36.559Z</time>
      </trkpt>
      <trkpt lat="52.64585806" lon="13.52049112">
        <ele>61.84615</ele>
        <time>2026-07-01T03:14:48.806Z</time>
      </trkpt>
      <trkpt lat="52.64649501" lon="13.52222139">
        <ele>62</ele>
        <time>2026-07-01T03:15:17.795Z</time>
      </trkpt>
      <trkpt lat="52.64654445" lon="13.52228778">
        <ele>62.07692</ele>
        <time>2026-07-01T03:15:19.299Z</time>
      </trkpt>
      <trkpt lat="52.64757445" lon="13.52046167">
        <ele>62.23077</ele>
        <time>2026-07-01T03:15:54.995Z</time>
      </trkpt>
      <trkpt lat="52.64757917" lon="13.52044778">
        <ele>62.30769</ele>
        <time>2026-07-01T03:15:55.223Z</time>
      </trkpt>
      <trkpt lat="52.64960334" lon="13.52491834">
        <ele>62.76923</ele>
        <time>2026-07-01T03:17:15.103Z</time>
      </trkpt>
      <trkpt lat="52.65086528" lon="13.52787001">
        <ele>63.46154</ele>
        <time>2026-07-01T03:18:06.813Z</time>
      </trkpt>
      <trkpt lat="52.65187139" lon="13.52895528">
        <ele>64.23077</ele>
        <time>2026-07-01T03:18:35.169Z</time>
      </trkpt>
      <trkpt lat="52.65210667" lon="13.52918056">
        <ele>64.53846</ele>
        <time>2026-07-01T03:18:41.583Z</time>
      </trkpt>
      <trkpt lat="52.65207389" lon="13.52925417">
        <ele>64.92308</ele>
        <time>2026-07-01T03:18:42.889Z</time>
      </trkpt>
      <trkpt lat="52.65176695" lon="13.53165667">
        <ele>65.23077</ele>
        <time>2026-07-01T03:19:18.072Z</time>
      </trkpt>
      <trkpt lat="52.65195751" lon="13.53174362">
        <ele>65.38461</ele>
        <time>2026-07-01T03:19:22.732Z</time>
      </trkpt>
      <trkpt lat="52.6523025" lon="13.53194195">
        <ele>65.46154</ele>
        <time>2026-07-01T03:19:31.343Z</time>
      </trkpt>
      <trkpt lat="52.65241334" lon="13.53216167">
        <ele>65.46154</ele>
        <time>2026-07-01T03:19:35.431Z</time>
      </trkpt>
      <trkpt lat="52.65301223" lon="13.53244362">
        <ele>65.46154</ele>
        <time>2026-07-01T03:19:50.11Z</time>
      </trkpt>
      <trkpt lat="52.65370556" lon="13.53279695">
        <ele>65.53846</ele>
        <time>2026-07-01T03:20:07.213Z</time>
      </trkpt>
      <trkpt lat="52.65388973" lon="13.53303612">
        <ele>65.46154</ele>
        <time>2026-07-01T03:20:12.741Z</time>
      </trkpt>
      <trkpt lat="52.65563334" lon="13.53372417">
        <ele>65.30769</ele>
        <time>2026-07-01T03:20:54.996Z</time>
      </trkpt>
      <trkpt lat="52.65602056" lon="13.53391112">
        <ele>65.15385</ele>
        <time>2026-07-01T03:21:04.505Z</time>
      </trkpt>
      <trkpt lat="52.65601445" lon="13.53406945">
        <ele>65.07692</ele>
        <time>2026-07-01T03:21:06.776Z</time>
      </trkpt>
      <trkpt lat="52.65611223" lon="13.53410306">
        <ele>64.84615</ele>
        <time>2026-07-01T03:21:09.13Z</time>
      </trkpt>
      <trkpt lat="52.65633889" lon="13.53425167">
        <ele>64.69231</ele>
        <time>2026-07-01T03:21:14.879Z</time>
      </trkpt>
      <trkpt lat="52.65666945" lon="13.53358778">
        <ele>64.61539</ele>
        <time>2026-07-01T03:21:27.175Z</time>
      </trkpt>
      <trkpt lat="52.65743973" lon="13.53212612">
        <ele>64.76923</ele>
        <time>2026-07-01T03:21:54.891Z</time>
      </trkpt>
      <trkpt lat="52.65770084" lon="13.53186667">
        <ele>65.07692</ele>
        <time>2026-07-01T03:22:02.078Z</time>
      </trkpt>
      <trkpt lat="52.65819445" lon="13.53194139">
        <ele>65.46154</ele>
        <time>2026-07-01T03:22:13.759Z</time>
      </trkpt>
      <trkpt lat="52.6588" lon="13.53303139">
        <ele>65.76923</ele>
        <time>2026-07-01T03:22:34.915Z</time>
      </trkpt>
      <trkpt lat="52.65862362" lon="13.53335556">
        <ele>66.15385</ele>
        <time>2026-07-01T03:22:41.144Z</time>
      </trkpt>
      <trkpt lat="52.65886084" lon="13.53377167">
        <ele>66.53846</ele>
        <time>2026-07-01T03:22:49.312Z</time>
      </trkpt>
      <trkpt lat="52.66002389" lon="13.53580417">
        <ele>67.15385</ele>
        <time>2026-07-01T03:23:29.304Z</time>
      </trkpt>
      <trkpt lat="52.66046917" lon="13.53665056">
        <ele>67.76923</ele>
        <time>2026-07-01T03:23:45.341Z</time>
      </trkpt>
      <trkpt lat="52.66071334" lon="13.53685528">
        <ele>68.30769</ele>
        <time>2026-07-01T03:23:51.798Z</time>
      </trkpt>
      <trkpt lat="52.66162334" lon="13.53876278">
        <ele>68.69231</ele>
        <time>2026-07-01T03:24:26.538Z</time>
      </trkpt>
      <trkpt lat="52.66178112" lon="13.53947389">
        <ele>69.07692</ele>
        <time>2026-07-01T03:24:37.384Z</time>
      </trkpt>
      <trkpt lat="52.66225834" lon="13.54025139">
        <ele>69.30769</ele>
        <time>2026-07-01T03:24:53.213Z</time>
      </trkpt>
      <trkpt lat="52.66244612" lon="13.54103056">
        <ele>69.30769</ele>
        <time>2026-07-01T03:25:05.222Z</time>
      </trkpt>
      <trkpt lat="52.66267973" lon="13.54210751">
        <ele>69.23077</ele>
        <time>2026-07-01T03:25:21.605Z</time>
      </trkpt>
      <trkpt lat="52.66284945" lon="13.54289612">
        <ele>69.15385</ele>
        <time>2026-07-01T03:25:33.591Z</time>
      </trkpt>
      <trkpt lat="52.66318195" lon="13.54429139">
        <ele>69</ele>
        <time>2026-07-01T03:25:55.063Z</time>
      </trkpt>
      <trkpt lat="52.66339751" lon="13.54514167">
        <ele>68.92308</ele>
        <time>2026-07-01T03:26:08.262Z</time>
      </trkpt>
      <trkpt lat="52.66355862" lon="13.54561195">
        <ele>68.61539</ele>
        <time>2026-07-01T03:26:15.996Z</time>
      </trkpt>
      <trkpt lat="52.66369278" lon="13.54606806">
        <ele>68.23077</ele>
        <time>2026-07-01T03:26:23.248Z</time>
      </trkpt>
      <trkpt lat="52.66364473" lon="13.5462925">
        <ele>67.84615</ele>
        <time>2026-07-01T03:26:26.653Z</time>
      </trkpt>
      <trkpt lat="52.66347028" lon="13.54665751">
        <ele>67.69231</ele>
        <time>2026-07-01T03:26:33.3Z</time>
      </trkpt>
      <trkpt lat="52.66336167" lon="13.54679362">
        <ele>67.53846</ele>
        <time>2026-07-01T03:26:36.516Z</time>
      </trkpt>
      <trkpt lat="52.66332973" lon="13.54693167">
        <ele>67.30769</ele>
        <time>2026-07-01T03:26:38.63Z</time>
      </trkpt>
      <trkpt lat="52.66354612" lon="13.54762001">
        <ele>67</ele>
        <time>2026-07-01T03:26:49.733Z</time>
      </trkpt>
      <trkpt lat="52.6638775" lon="13.54891223">
        <ele>67</ele>
        <time>2026-07-01T03:27:09.827Z</time>
      </trkpt>
      <trkpt lat="52.66458139" lon="13.55189223">
        <ele>67.07692</ele>
        <time>2026-07-01T03:27:55.631Z</time>
      </trkpt>
      <trkpt lat="52.66501556" lon="13.55343723">
        <ele>67.07692</ele>
        <time>2026-07-01T03:28:20.017Z</time>
      </trkpt>
      <trkpt lat="52.66304806" lon="13.55524056">
        <ele>67.15385</ele>
        <time>2026-07-01T03:29:13.094Z</time>
      </trkpt>
      <trkpt lat="52.66227723" lon="13.55549362">
        <ele>67.15385</ele>
        <time>2026-07-01T03:29:31.616Z</time>
      </trkpt>
      <trkpt lat="52.66156501" lon="13.55571639">
        <ele>67.30769</ele>
        <time>2026-07-01T03:29:48.7Z</time>
      </trkpt>
      <trkpt lat="52.66175834" lon="13.55704389">
        <ele>67.46154</ele>
        <time>2026-07-01T03:30:08.259Z</time>
      </trkpt>
      <trkpt lat="52.66174834" lon="13.55703917">
        <ele>67.53846</ele>
        <time>2026-07-01T03:30:08.504Z</time>
      </trkpt>
      <trkpt lat="52.66196751" lon="13.55809417">
        <ele>67.38461</ele>
        <time>2026-07-01T03:30:24.478Z</time>
      </trkpt>
      <trkpt lat="52.66216084" lon="13.55896028">
        <ele>67.15385</ele>
        <time>2026-07-01T03:30:37.698Z</time>
      </trkpt>
      <trkpt lat="52.66296195" lon="13.56022056">
        <ele>67.07692</ele>
        <time>2026-07-01T03:31:03.822Z</time>
      </trkpt>
      <trkpt lat="52.66387445" lon="13.56082723">
        <ele>67.46154</ele>
        <time>2026-07-01T03:31:27.016Z</time>
      </trkpt>
      <trkpt lat="52.66437" lon="13.56149056">
        <ele>68.23077</ele>
        <time>2026-07-01T03:31:42.072Z</time>
      </trkpt>
      <trkpt lat="52.66436806" lon="13.56164056">
        <ele>69.61539</ele>
        <time>2026-07-01T03:31:44.219Z</time>
      </trkpt>
      <trkpt lat="52.66507889" lon="13.56258945">
        <ele>70.46154</ele>
        <time>2026-07-01T03:32:05.792Z</time>
      </trkpt>
      <trkpt lat="52.66532278" lon="13.56340778">
        <ele>70.61539</ele>
        <time>2026-07-01T03:32:18.849Z</time>
      </trkpt>
      <trkpt lat="52.66623945" lon="13.56572528">
        <ele>70.92308</ele>
        <time>2026-07-01T03:32:58.46Z</time>
      </trkpt>
      <trkpt lat="52.66728417" lon="13.56853501">
        <ele>71.30769</ele>
        <time>2026-07-01T03:33:45.645Z</time>
      </trkpt>
      <trkpt lat="52.66787834" lon="13.56987112">
        <ele>71.38461</ele>
        <time>2026-07-01T03:34:09.361Z</time>
      </trkpt>
      <trkpt lat="52.66953084" lon="13.57400084">
        <ele>71.53846</ele>
        <time>2026-07-01T03:35:20.189Z</time>
      </trkpt>
      <trkpt lat="52.67035167" lon="13.5761325">
        <ele>71.46154</ele>
        <time>2026-07-01T03:35:56.337Z</time>
      </trkpt>
      <trkpt lat="52.67121473" lon="13.57824084">
        <ele>71.69231</ele>
        <time>2026-07-01T03:36:32.749Z</time>
      </trkpt>
      <trkpt lat="52.67140223" lon="13.57826667">
        <ele>71.92308</ele>
        <time>2026-07-01T03:36:37.183Z</time>
      </trkpt>
      <trkpt lat="52.67159362" lon="13.57901723">
        <ele>72.07692</ele>
        <time>2026-07-01T03:36:48.842Z</time>
      </trkpt>
      <trkpt lat="52.67174501" lon="13.57992084">
        <ele>71.53846</ele>
        <time>2026-07-01T03:37:02.269Z</time>
      </trkpt>
      <trkpt lat="52.67173084" lon="13.58154639">
        <ele>70.92308</ele>
        <time>2026-07-01T03:37:25.557Z</time>
      </trkpt>
      <trkpt lat="52.67174778" lon="13.5822375">
        <ele>69.76923</ele>
        <time>2026-07-01T03:37:35.465Z</time>
      </trkpt>
      <trkpt lat="52.67204806" lon="13.58379917">
        <ele>68.76923</ele>
        <time>2026-07-01T03:37:58.928Z</time>
      </trkpt>
      <trkpt lat="52.67207584" lon="13.58374834">
        <ele>68.46154</ele>
        <time>2026-07-01T03:37:59.906Z</time>
      </trkpt>
      <trkpt lat="52.67145417" lon="13.58383223">
        <ele>67.92308</ele>
        <time>2026-07-01T03:38:14.605Z</time>
      </trkpt>
      <trkpt lat="52.67136195" lon="13.58447862">
        <ele>67.61539</ele>
        <time>2026-07-01T03:38:24.116Z</time>
      </trkpt>
      <trkpt lat="52.671335" lon="13.58494084">
        <ele>67.30769</ele>
        <time>2026-07-01T03:38:30.76Z</time>
      </trkpt>
      <trkpt lat="52.67112945" lon="13.58608667">
        <ele>67.15385</ele>
        <time>2026-07-01T03:38:47.874Z</time>
      </trkpt>
      <trkpt lat="52.67118362" lon="13.58695306">
        <ele>67.46154</ele>
        <time>2026-07-01T03:39:00.351Z</time>
      </trkpt>
      <trkpt lat="52.67125556" lon="13.587605">
        <ele>67.61539</ele>
        <time>2026-07-01T03:39:09.843Z</time>
      </trkpt>
      <trkpt lat="52.67138056" lon="13.5876375">
        <ele>67.84615</ele>
        <time>2026-07-01T03:39:12.825Z</time>
      </trkpt>
      <trkpt lat="52.67222612" lon="13.59063584">
        <ele>67.84615</ele>
        <time>2026-07-01T03:40:00.173Z</time>
      </trkpt>
      <trkpt lat="52.67301723" lon="13.59170778">
        <ele>68.07692</ele>
        <time>2026-07-01T03:40:24.325Z</time>
      </trkpt>
      <trkpt lat="52.67470639" lon="13.59353778">
        <ele>68.23077</ele>
        <time>2026-07-01T03:41:11.986Z</time>
      </trkpt>
      <trkpt lat="52.67605445" lon="13.59485195">
        <ele>68.23077</ele>
        <time>2026-07-01T03:41:48.912Z</time>
      </trkpt>
      <trkpt lat="52.67601362" lon="13.59480556">
        <ele>68.46154</ele>
        <time>2026-07-01T03:41:50.081Z</time>
      </trkpt>
      <trkpt lat="52.67631501" lon="13.59416278">
        <ele>68.84615</ele>
        <time>2026-07-01T03:42:01.709Z</time>
      </trkpt>
      <trkpt lat="52.67666167" lon="13.59332528">
        <ele>69.30769</ele>
        <time>2026-07-01T03:42:16.222Z</time>
      </trkpt>
      <trkpt lat="52.67681778" lon="13.59313167">
        <ele>69.69231</ele>
        <time>2026-07-01T03:42:20.827Z</time>
      </trkpt>
      <trkpt lat="52.67695862" lon="13.59304639">
        <ele>70.30769</ele>
        <time>2026-07-01T03:42:24.363Z</time>
      </trkpt>
      <trkpt lat="52.67723834" lon="13.59286112">
        <ele>70.76923</ele>
        <time>2026-07-01T03:42:31.468Z</time>
      </trkpt>
      <trkpt lat="52.67694862" lon="13.59178945">
        <ele>70.84615</ele>
        <time>2026-07-01T03:42:48.268Z</time>
      </trkpt>
      <trkpt lat="52.67664945" lon="13.59056834">
        <ele>70.92308</ele>
        <time>2026-07-01T03:43:07.126Z</time>
      </trkpt>
      <trkpt lat="52.67738056" lon="13.59011778">
        <ele>71.30769</ele>
        <time>2026-07-01T03:43:25.521Z</time>
      </trkpt>
      <trkpt lat="52.6780925" lon="13.58969806">
        <ele>71.76923</ele>
        <time>2026-07-01T03:43:43.34Z</time>
      </trkpt>
      <trkpt lat="52.6778275" lon="13.58832945">
        <ele>72.38461</ele>
        <time>2026-07-01T03:44:03.913Z</time>
      </trkpt>
      <trkpt lat="52.67753945" lon="13.58712556">
        <ele>73</ele>
        <time>2026-07-01T03:44:22.444Z</time>
      </trkpt>
      <trkpt lat="52.67720389" lon="13.58581917">
        <ele>73.69231</ele>
        <time>2026-07-01T03:44:42.758Z</time>
      </trkpt>
      <trkpt lat="52.67800223" lon="13.58515417">
        <ele>74.46154</ele>
        <time>2026-07-01T03:45:03.845Z</time>
      </trkpt>
      <trkpt lat="52.67903" lon="13.58455584">
        <ele>75</ele>
        <time>2026-07-01T03:45:29.536Z</time>
      </trkpt>
      <trkpt lat="52.67950445" lon="13.58494473">
        <ele>75.23077</ele>
        <time>2026-07-01T03:45:42.024Z</time>
      </trkpt>
      <trkpt lat="52.68000584" lon="13.58552001">
        <ele>75.61539</ele>
        <time>2026-07-01T03:45:56.428Z</time>
      </trkpt>
      <trkpt lat="52.68016556" lon="13.58559528">
        <ele>75.61539</ele>
        <time>2026-07-01T03:46:00.343Z</time>
      </trkpt>
      <trkpt lat="52.68088417" lon="13.58361917">
        <ele>75.92308</ele>
        <time>2026-07-01T03:46:33.324Z</time>
      </trkpt>
      <trkpt lat="52.68083973" lon="13.58350139">
        <ele>76.38461</ele>
        <time>2026-07-01T03:46:35.308Z</time>
      </trkpt>
      <trkpt lat="52.68111862" lon="13.5838425">
        <ele>76.84615</ele>
        <time>2026-07-01T03:46:43.493Z</time>
      </trkpt>
      <trkpt lat="52.68167945" lon="13.58465056">
        <ele>77.07692</ele>
        <time>2026-07-01T03:47:01.06Z</time>
      </trkpt>
      <trkpt lat="52.68201278" lon="13.58584223">
        <ele>77.84615</ele>
        <time>2026-07-01T03:47:19.847Z</time>
      </trkpt>
      <trkpt lat="52.68325639" lon="13.58517334">
        <ele>78.46154</ele>
        <time>2026-07-01T03:47:50.679Z</time>
      </trkpt>
      <trkpt lat="52.68391723" lon="13.58492639">
        <ele>79</ele>
        <time>2026-07-01T03:48:06.647Z</time>
      </trkpt>
      <trkpt lat="52.68391528" lon="13.58495389">
        <ele>79.01881</ele>
        <time>2026-07-01T03:48:07.043Z</time>
      </trkpt>
      <trkpt lat="52.68450445" lon="13.58514889">
        <ele>79.69231</ele>
        <time>2026-07-01T03:48:21.204Z</time>
      </trkpt>
      <trkpt lat="52.68540723" lon="13.58569473">
        <ele>80</ele>
        <time>2026-07-01T03:48:43.869Z</time>
      </trkpt>
      <trkpt lat="52.688745" lon="13.58796473">
        <ele>80.53846</ele>
        <time>2026-07-01T03:50:08.977Z</time>
      </trkpt>
      <trkpt lat="52.68929028" lon="13.58818028">
        <ele>80.38461</ele>
        <time>2026-07-01T03:50:22.191Z</time>
      </trkpt>
      <trkpt lat="52.68923973" lon="13.58817862">
        <ele>80.61539</ele>
        <time>2026-07-01T03:50:23.382Z</time>
      </trkpt>
      <trkpt lat="52.68924167" lon="13.58884195">
        <ele>80.53846</ele>
        <time>2026-07-01T03:50:32.88Z</time>
      </trkpt>
      <trkpt lat="52.68977056" lon="13.58883473">
        <ele>80.46154</ele>
        <time>2026-07-01T03:50:45.344Z</time>
      </trkpt>
      <trkpt lat="52.69107917" lon="13.58858806">
        <ele>80.84615</ele>
        <time>2026-07-01T03:51:16.383Z</time>
      </trkpt>
      <trkpt lat="52.69109695" lon="13.58839556">
        <ele>81.23077</ele>
        <time>2026-07-01T03:51:19.168Z</time>
      </trkpt>
      <trkpt lat="52.69318778" lon="13.58861528">
        <ele>81.15385</ele>
        <time>2026-07-01T03:52:08.539Z</time>
      </trkpt>
      <trkpt lat="52.69412" lon="13.58858001">
        <ele>81.23077</ele>
        <time>2026-07-01T03:52:30.513Z</time>
      </trkpt>
      <trkpt lat="52.69481945" lon="13.58853528">
        <ele>81</ele>
        <time>2026-07-01T03:52:47.008Z</time>
      </trkpt>
      <trkpt lat="52.69646528" lon="13.58843862">
        <ele>80.84615</ele>
        <time>2026-07-01T03:53:25.817Z</time>
      </trkpt>
      <trkpt lat="52.69962306" lon="13.58827112">
        <ele>80.46154</ele>
        <time>2026-07-01T03:54:40.27Z</time>
      </trkpt>
      <trkpt lat="52.70101473" lon="13.58815584">
        <ele>80.30769</ele>
        <time>2026-07-01T03:55:13.107Z</time>
      </trkpt>
      <trkpt lat="52.70163362" lon="13.58818139">
        <ele>80.15385</ele>
        <time>2026-07-01T03:55:27.696Z</time>
      </trkpt>
      <trkpt lat="52.70247751" lon="13.58824223">
        <ele>80.46154</ele>
        <time>2026-07-01T03:55:47.602Z</time>
      </trkpt>
      <trkpt lat="52.70311417" lon="13.58856917">
        <ele>80.92308</ele>
        <time>2026-07-01T03:56:03.316Z</time>
      </trkpt>
      <trkpt lat="52.70360473" lon="13.58847">
        <ele>81.92308</ele>
        <time>2026-07-01T03:56:14.963Z</time>
      </trkpt>
      <trkpt lat="52.70554695" lon="13.58724584">
        <ele>83.07692</ele>
        <time>2026-07-01T03:57:03.972Z</time>
      </trkpt>
      <trkpt lat="52.70560556" lon="13.58733806">
        <ele>82.92308</ele>
        <time>2026-07-01T03:57:05.881Z</time>
      </trkpt>
      <trkpt lat="52.70724028" lon="13.58871223">
        <ele>82.46154</ele>
        <time>2026-07-01T03:57:49.135Z</time>
      </trkpt>
      <trkpt lat="52.70791028" lon="13.58931112">
        <ele>81.76923</ele>
        <time>2026-07-01T03:58:07.101Z</time>
      </trkpt>
      <trkpt lat="52.70843139" lon="13.58962195">
        <ele>81</ele>
        <time>2026-07-01T03:58:20.16Z</time>
      </trkpt>
      <trkpt lat="52.70984556" lon="13.590335">
        <ele>80.30769</ele>
        <time>2026-07-01T03:58:55.013Z</time>
      </trkpt>
      <trkpt lat="52.71118028" lon="13.59090445">
        <ele>79.92308</ele>
        <time>2026-07-01T03:59:27.505Z</time>
      </trkpt>
      <trkpt lat="52.71241973" lon="13.59131473">
        <ele>78.76923</ele>
        <time>2026-07-01T03:59:57.296Z</time>
      </trkpt>
      <trkpt lat="52.71576834" lon="13.59255945">
        <ele>77.61539</ele>
        <time>2026-07-01T04:01:18.193Z</time>
      </trkpt>
      <trkpt lat="52.71991501" lon="13.59431973">
        <ele>76.53846</ele>
        <time>2026-07-01T04:02:59.105Z</time>
      </trkpt>
      <trkpt lat="52.71982556" lon="13.59425945">
        <ele>75.46154</ele>
        <time>2026-07-01T04:03:01.382Z</time>
      </trkpt>
      <trkpt lat="52.7202625" lon="13.59450917">
        <ele>74.15385</ele>
        <time>2026-07-01T04:03:12.28Z</time>
      </trkpt>
      <trkpt lat="52.72269695" lon="13.59596028">
        <ele>72.46154</ele>
        <time>2026-07-01T04:04:13.291Z</time>
      </trkpt>
      <trkpt lat="52.72397862" lon="13.59714778">
        <ele>71.61539</ele>
        <time>2026-07-01T04:04:47.945Z</time>
      </trkpt>
      <trkpt lat="52.72594056" lon="13.59883917">
        <ele>71.76923</ele>
        <time>2026-07-01T04:05:40.129Z</time>
      </trkpt>
      <trkpt lat="52.72690139" lon="13.59955917">
        <ele>71.30769</ele>
        <time>2026-07-01T04:06:05.004Z</time>
      </trkpt>
      <trkpt lat="52.72745362" lon="13.60000251">
        <ele>69.53846</ele>
        <time>2026-07-01T04:06:19.478Z</time>
      </trkpt>
      <trkpt lat="52.72742362" lon="13.59999167">
        <ele>69.42883</ele>
        <time>2026-07-01T04:06:20.202Z</time>
      </trkpt>
      <trkpt lat="52.72803834" lon="13.60074778">
        <ele>66.69231</ele>
        <time>2026-07-01T04:06:38.281Z</time>
      </trkpt>
      <trkpt lat="52.73039612" lon="13.60338389">
        <ele>64.69231</ele>
        <time>2026-07-01T04:07:45.433Z</time>
      </trkpt>
      <trkpt lat="52.73468139" lon="13.60828084">
        <ele>63.69231</ele>
        <time>2026-07-01T04:09:48.335Z</time>
      </trkpt>
      <trkpt lat="52.73835612" lon="13.61258917">
        <ele>62.46154</ele>
        <time>2026-07-01T04:11:34.621Z</time>
      </trkpt>
      <trkpt lat="52.73932695" lon="13.61325723">
        <ele>61.15385</ele>
        <time>2026-07-01T04:11:59.414Z</time>
      </trkpt>
      <trkpt lat="52.73931167" lon="13.61321473">
        <ele>61.11117</ele>
        <time>2026-07-01T04:12:00.12Z</time>
      </trkpt>
      <trkpt lat="52.74053556" lon="13.61442501">
        <ele>59.07692</ele>
        <time>2026-07-01T04:12:33.757Z</time>
      </trkpt>
      <trkpt lat="52.74084417" lon="13.61471417">
        <ele>58.07692</ele>
        <time>2026-07-01T04:12:42.121Z</time>
      </trkpt>
      <trkpt lat="52.74106806" lon="13.61489834">
        <ele>56</ele>
        <time>2026-07-01T04:12:48.017Z</time>
      </trkpt>
      <trkpt lat="52.74187751" lon="13.61451806">
        <ele>53.76923</ele>
        <time>2026-07-01T04:13:07.85Z</time>
      </trkpt>
      <trkpt lat="52.74250751" lon="13.61457806">
        <ele>52.69231</ele>
        <time>2026-07-01T04:13:22.721Z</time>
      </trkpt>
      <trkpt lat="52.74278528" lon="13.61448556">
        <ele>52.76923</ele>
        <time>2026-07-01T04:13:29.399Z</time>
      </trkpt>
      <trkpt lat="52.74305667" lon="13.61461334">
        <ele>52.84615</ele>
        <time>2026-07-01T04:13:36.05Z</time>
      </trkpt>
      <trkpt lat="52.74365001" lon="13.61496306">
        <ele>52</ele>
        <time>2026-07-01T04:13:50.898Z</time>
      </trkpt>
      <trkpt lat="52.74392528" lon="13.61496139">
        <ele>51.38462</ele>
        <time>2026-07-01T04:13:57.385Z</time>
      </trkpt>
      <trkpt lat="52.74481417" lon="13.61465556">
        <ele>50.69231</ele>
        <time>2026-07-01T04:14:18.783Z</time>
      </trkpt>
      <trkpt lat="52.74571278" lon="13.61455334">
        <ele>50.15385</ele>
        <time>2026-07-01T04:14:40.009Z</time>
      </trkpt>
      <trkpt lat="52.747715" lon="13.61522639">
        <ele>49.69231</ele>
        <time>2026-07-01T04:15:28.164Z</time>
      </trkpt>
      <trkpt lat="52.74799667" lon="13.61552945">
        <ele>49</ele>
        <time>2026-07-01T04:15:36.088Z</time>
      </trkpt>
      <trkpt lat="52.74957834" lon="13.61772001">
        <ele>48</ele>
        <time>2026-07-01T04:16:24.776Z</time>
      </trkpt>
      <trkpt lat="52.74985362" lon="13.61804028">
        <ele>47.15385</ele>
        <time>2026-07-01T04:16:32.714Z</time>
      </trkpt>
      <trkpt lat="52.75075584" lon="13.61869917">
        <ele>46.53846</ele>
        <time>2026-07-01T04:16:55.969Z</time>
      </trkpt>
      <trkpt lat="52.75128639" lon="13.61931639">
        <ele>46</ele>
        <time>2026-07-01T04:17:11.273Z</time>
      </trkpt>
      <trkpt lat="52.75135028" lon="13.61960278">
        <ele>45.38462</ele>
        <time>2026-07-01T04:17:15.631Z</time>
      </trkpt>
      <trkpt lat="52.75152278" lon="13.62008751">
        <ele>44.53846</ele>
        <time>2026-07-01T04:17:23.666Z</time>
      </trkpt>
      <trkpt lat="52.75171556" lon="13.62046084">
        <ele>43.92308</ele>
        <time>2026-07-01T04:17:30.671Z</time>
      </trkpt>
      <trkpt lat="52.75222139" lon="13.62122501">
        <ele>43.61538</ele>
        <time>2026-07-01T04:17:46.841Z</time>
      </trkpt>
      <trkpt lat="52.75296584" lon="13.62261139">
        <ele>43.69231</ele>
        <time>2026-07-01T04:18:13.312Z</time>
      </trkpt>
      <trkpt lat="52.75436612" lon="13.62520112">
        <ele>43.76923</ele>
        <time>2026-07-01T04:19:02.91Z</time>
      </trkpt>
      <trkpt lat="52.7553425" lon="13.62711001">
        <ele>43.92308</ele>
        <time>2026-07-01T04:19:38.607Z</time>
      </trkpt>
      <trkpt lat="52.75600612" lon="13.62884945">
        <ele>43.92308</ele>
        <time>2026-07-01T04:20:07.985Z</time>
      </trkpt>
      <trkpt lat="52.75618028" lon="13.62926556">
        <ele>44</ele>
        <time>2026-07-01T04:20:15.207Z</time>
      </trkpt>
      <trkpt lat="52.75641917" lon="13.62937917">
        <ele>44.15385</ele>
        <time>2026-07-01T04:20:21.066Z</time>
      </trkpt>
      <trkpt lat="52.75899862" lon="13.62973028">
        <ele>44.15385</ele>
        <time>2026-07-01T04:21:22.059Z</time>
      </trkpt>
      <trkpt lat="52.75931195" lon="13.62975306">
        <ele>44.23077</ele>
        <time>2026-07-01T04:21:29.45Z</time>
      </trkpt>
      <trkpt lat="52.7597275" lon="13.6297725">
        <ele>44.76923</ele>
        <time>2026-07-01T04:21:39.247Z</time>
      </trkpt>
      <trkpt lat="52.76012139" lon="13.62995139">
        <ele>45.30769</ele>
        <time>2026-07-01T04:21:48.874Z</time>
      </trkpt>
      <trkpt lat="52.76115889" lon="13.63080917">
        <ele>46.53846</ele>
        <time>2026-07-01T04:22:16.226Z</time>
      </trkpt>
      <trkpt lat="52.76299556" lon="13.63065417">
        <ele>47.53846</ele>
        <time>2026-07-01T04:22:59.565Z</time>
      </trkpt>
      <trkpt lat="52.76345945" lon="13.63043806">
        <ele>48.53846</ele>
        <time>2026-07-01T04:23:10.924Z</time>
      </trkpt>
      <trkpt lat="52.76416" lon="13.63055723">
        <ele>49.30769</ele>
        <time>2026-07-01T04:23:27.52Z</time>
      </trkpt>
      <trkpt lat="52.76483056" lon="13.630775">
        <ele>50.15385</ele>
        <time>2026-07-01T04:23:43.625Z</time>
      </trkpt>
      <trkpt lat="52.76567167" lon="13.63132195">
        <ele>51</ele>
        <time>2026-07-01T04:24:04.932Z</time>
      </trkpt>
      <trkpt lat="52.76583362" lon="13.63129612">
        <ele>51.23077</ele>
        <time>2026-07-01T04:24:08.766Z</time>
      </trkpt>
      <trkpt lat="52.76574667" lon="13.63103584">
        <ele>51.15385</ele>
        <time>2026-07-01T04:24:13.009Z</time>
      </trkpt>
      <trkpt lat="52.76584306" lon="13.63070639">
        <ele>51</ele>
        <time>2026-07-01T04:24:18.232Z</time>
      </trkpt>
      <trkpt lat="52.76661834" lon="13.62812306">
        <ele>50.84615</ele>
        <time>2026-07-01T04:24:59.431Z</time>
      </trkpt>
      <trkpt lat="52.76664445" lon="13.62802389">
        <ele>50.61538</ele>
        <time>2026-07-01T04:25:00.975Z</time>
      </trkpt>
      <trkpt lat="52.76682695" lon="13.62806778">
        <ele>49.84615</ele>
        <time>2026-07-01T04:25:05.321Z</time>
      </trkpt>
      <trkpt lat="52.76750695" lon="13.62788028">
        <ele>48.69231</ele>
        <time>2026-07-01T04:25:21.568Z</time>
      </trkpt>
      <trkpt lat="52.76831389" lon="13.62724334">
        <ele>47.38462</ele>
        <time>2026-07-01T04:25:42.651Z</time>
      </trkpt>
      <trkpt lat="52.76956445" lon="13.62755695">
        <ele>46.23077</ele>
        <time>2026-07-01T04:26:12.459Z</time>
      </trkpt>
      <trkpt lat="52.77048973" lon="13.62748751">
        <ele>45.07692</ele>
        <time>2026-07-01T04:26:34.286Z</time>
      </trkpt>
      <trkpt lat="52.77336056" lon="13.62723667">
        <ele>44.23077</ele>
        <time>2026-07-01T04:27:42.034Z</time>
      </trkpt>
      <trkpt lat="52.77397223" lon="13.62718917">
        <ele>43.46154</ele>
        <time>2026-07-01T04:27:56.464Z</time>
      </trkpt>
      <trkpt lat="52.77422556" lon="13.62731084">
        <ele>42.84615</ele>
        <time>2026-07-01T04:28:02.681Z</time>
      </trkpt>
      <trkpt lat="52.77422639" lon="13.62768445">
        <ele>43.30769</ele>
        <time>2026-07-01T04:28:08.014Z</time>
      </trkpt>
      <trkpt lat="52.77401334" lon="13.62809862">
        <ele>43.84615</ele>
        <time>2026-07-01T04:28:15.77Z</time>
      </trkpt>
      <trkpt lat="52.77402278" lon="13.62821251">
        <ele>45</ele>
        <time>2026-07-01T04:28:17.411Z</time>
      </trkpt>
      <trkpt lat="52.77414334" lon="13.62888834">
        <ele>46</ele>
        <time>2026-07-01T04:28:27.479Z</time>
      </trkpt>
      <trkpt lat="52.77417806" lon="13.62891167">
        <ele>46.32653</ele>
        <time>2026-07-01T04:28:28.362Z</time>
      </trkpt>
      <trkpt lat="52.77444528" lon="13.62877139">
        <ele>48.76923</ele>
        <time>2026-07-01T04:28:34.97Z</time>
      </trkpt>
      <trkpt lat="52.77501056" lon="13.62859167">
        <ele>50.53846</ele>
        <time>2026-07-01T04:28:48.536Z</time>
      </trkpt>
      <trkpt lat="52.77575695" lon="13.62853278">
        <ele>52.53846</ele>
        <time>2026-07-01T04:29:06.145Z</time>
      </trkpt>
      <trkpt lat="52.77679778" lon="13.62847445">
        <ele>54.38462</ele>
        <time>2026-07-01T04:29:30.687Z</time>
      </trkpt>
      <trkpt lat="52.77797195" lon="13.62870306">
        <ele>56</ele>
        <time>2026-07-01T04:29:58.549Z</time>
      </trkpt>
      <trkpt lat="52.77899445" lon="13.62941806">
        <ele>56.61538</ele>
        <time>2026-07-01T04:30:24.722Z</time>
      </trkpt>
      <trkpt lat="52.77969945" lon="13.63073528">
        <ele>57.53846</ele>
        <time>2026-07-01T04:30:49.828Z</time>
      </trkpt>
      <trkpt lat="52.78043973" lon="13.63175056">
        <ele>58.38462</ele>
        <time>2026-07-01T04:31:12.517Z</time>
      </trkpt>
      <trkpt lat="52.78144723" lon="13.63393945">
        <ele>58.53846</ele>
        <time>2026-07-01T04:31:51.785Z</time>
      </trkpt>
      <trkpt lat="52.7820075" lon="13.63484223">
        <ele>58.92308</ele>
        <time>2026-07-01T04:32:10.244Z</time>
      </trkpt>
      <trkpt lat="52.78245334" lon="13.63532362">
        <ele>58.53846</ele>
        <time>2026-07-01T04:32:22.802Z</time>
      </trkpt>
      <trkpt lat="52.78444528" lon="13.63804556">
        <ele>58</ele>
        <time>2026-07-01T04:33:23.762Z</time>
      </trkpt>
      <trkpt lat="52.78721667" lon="13.63641389">
        <ele>56.92308</ele>
        <time>2026-07-01T04:34:33.108Z</time>
      </trkpt>
      <trkpt lat="52.78778195" lon="13.63601417">
        <ele>54.84615</ele>
        <time>2026-07-01T04:34:47.599Z</time>
      </trkpt>
      <trkpt lat="52.78913056" lon="13.63421112">
        <ele>52.84615</ele>
        <time>2026-07-01T04:35:28.508Z</time>
      </trkpt>
      <trkpt lat="52.78995112" lon="13.63301778">
        <ele>50.76923</ele>
        <time>2026-07-01T04:35:54.287Z</time>
      </trkpt>
      <trkpt lat="52.7909375" lon="13.63175889">
        <ele>48.69231</ele>
        <time>2026-07-01T04:36:23.677Z</time>
      </trkpt>
      <trkpt lat="52.79219445" lon="13.63085001">
        <ele>47</ele>
        <time>2026-07-01T04:36:56.019Z</time>
      </trkpt>
      <trkpt lat="52.79358639" lon="13.62929139">
        <ele>46.15385</ele>
        <time>2026-07-01T04:37:35.664Z</time>
      </trkpt>
      <trkpt lat="52.79381362" lon="13.62862195">
        <ele>45.30769</ele>
        <time>2026-07-01T04:37:46.624Z</time>
      </trkpt>
      <trkpt lat="52.79405306" lon="13.628105">
        <ele>44.84615</ele>
        <time>2026-07-01T04:37:55.918Z</time>
      </trkpt>
      <trkpt lat="52.79426001" lon="13.62772001">
        <ele>44.76923</ele>
        <time>2026-07-01T04:38:03.263Z</time>
      </trkpt>
      <trkpt lat="52.79511389" lon="13.62682778">
        <ele>44.53846</ele>
        <time>2026-07-01T04:38:27.082Z</time>
      </trkpt>
      <trkpt lat="52.79587278" lon="13.62615917">
        <ele>44.23077</ele>
        <time>2026-07-01T04:38:47.356Z</time>
      </trkpt>
      <trkpt lat="52.79651834" lon="13.62597362">
        <ele>44.15385</ele>
        <time>2026-07-01T04:39:02.798Z</time>
      </trkpt>
      <trkpt lat="52.79883556" lon="13.62513001">
        <ele>44.46154</ele>
        <time>2026-07-01T04:39:58.719Z</time>
      </trkpt>
      <trkpt lat="52.79951612" lon="13.6247625">
        <ele>45.46154</ele>
        <time>2026-07-01T04:40:15.592Z</time>
      </trkpt>
      <trkpt lat="52.80181445" lon="13.62652056">
        <ele>46.38462</ele>
        <time>2026-07-01T04:41:15.291Z</time>
      </trkpt>
      <trkpt lat="52.80452139" lon="13.62880139">
        <ele>46.84615</ele>
        <time>2026-07-01T04:42:26.918Z</time>
      </trkpt>
      <trkpt lat="52.80803417" lon="13.63173806">
        <ele>47</ele>
        <time>2026-07-01T04:43:59.716Z</time>
      </trkpt>
      <trkpt lat="52.80983528" lon="13.6331925">
        <ele>47.07692</ele>
        <time>2026-07-01T04:44:46.97Z</time>
      </trkpt>
      <trkpt lat="52.81258362" lon="13.63549195">
        <ele>47.61538</ele>
        <time>2026-07-01T04:45:59.584Z</time>
      </trkpt>
      <trkpt lat="52.81330473" lon="13.63689167">
        <ele>48.23077</ele>
        <time>2026-07-01T04:46:25.818Z</time>
      </trkpt>
      <trkpt lat="52.81350084" lon="13.63701612">
        <ele>47.92308</ele>
        <time>2026-07-01T04:46:30.769Z</time>
      </trkpt>
      <trkpt lat="52.81369862" lon="13.6369975">
        <ele>47.76923</ele>
        <time>2026-07-01T04:46:35.437Z</time>
      </trkpt>
      <trkpt lat="52.81414889" lon="13.63626223">
        <ele>47.61538</ele>
        <time>2026-07-01T04:46:50.364Z</time>
      </trkpt>
      <trkpt lat="52.81428195" lon="13.63628445">
        <ele>47.07692</ele>
        <time>2026-07-01T04:46:53.516Z</time>
      </trkpt>
      <trkpt lat="52.81455028" lon="13.63638528">
        <ele>46.76923</ele>
        <time>2026-07-01T04:47:00.001Z</time>
      </trkpt>
      <trkpt lat="52.81483501" lon="13.6368125">
        <ele>47.15385</ele>
        <time>2026-07-01T04:47:09.064Z</time>
      </trkpt>
      <trkpt lat="52.81569306" lon="13.63804834">
        <ele>47.15385</ele>
        <time>2026-07-01T04:47:35.901Z</time>
      </trkpt>
      <trkpt lat="52.81628889" lon="13.63869862">
        <ele>46.46154</ele>
        <time>2026-07-01T04:47:52.734Z</time>
      </trkpt>
      <trkpt lat="52.82051945" lon="13.64211556">
        <ele>45.84615</ele>
        <time>2026-07-01T04:49:43.726Z</time>
      </trkpt>
      <trkpt lat="52.82322639" lon="13.64434834">
        <ele>45.38462</ele>
        <time>2026-07-01T04:50:55.037Z</time>
      </trkpt>
      <trkpt lat="52.82664917" lon="13.64720223">
        <ele>45.30769</ele>
        <time>2026-07-01T04:52:25.402Z</time>
      </trkpt>
      <trkpt lat="52.82749306" lon="13.64787056">
        <ele>44.69231</ele>
        <time>2026-07-01T04:52:47.459Z</time>
      </trkpt>
      <trkpt lat="52.82771445" lon="13.64815028">
        <ele>44.30769</ele>
        <time>2026-07-01T04:52:54.026Z</time>
      </trkpt>
      <trkpt lat="52.82828889" lon="13.64865389">
        <ele>44.53846</ele>
        <time>2026-07-01T04:53:09.353Z</time>
      </trkpt>
      <trkpt lat="52.82837334" lon="13.64829278">
        <ele>44.23077</ele>
        <time>2026-07-01T04:53:14.872Z</time>
      </trkpt>
      <trkpt lat="52.82874667" lon="13.64758362">
        <ele>44.38462</ele>
        <time>2026-07-01T04:53:28.283Z</time>
      </trkpt>
      <trkpt lat="52.82884501" lon="13.64708917">
        <ele>44.84615</ele>
        <time>2026-07-01T04:53:35.711Z</time>
      </trkpt>
      <trkpt lat="52.82882667" lon="13.64475362">
        <ele>45.07692</ele>
        <time>2026-07-01T04:54:09.05Z</time>
      </trkpt>
      <trkpt lat="52.82880695" lon="13.64250195">
        <ele>44.30769</ele>
        <time>2026-07-01T04:54:41.192Z</time>
      </trkpt>
      <trkpt lat="52.82864556" lon="13.64137389">
        <ele>43.38462</ele>
        <time>2026-07-01T04:54:57.736Z</time>
      </trkpt>
      <trkpt lat="52.82856195" lon="13.63972473">
        <ele>43.23077</ele>
        <time>2026-07-01T04:55:21.358Z</time>
      </trkpt>
      <trkpt lat="52.82879139" lon="13.63713556">
        <ele>43.76923</ele>
        <time>2026-07-01T04:55:58.708Z</time>
      </trkpt>
      <trkpt lat="52.82872028" lon="13.63418723">
        <ele>44.23077</ele>
        <time>2026-07-01T04:56:40.824Z</time>
      </trkpt>
      <trkpt lat="52.82875862" lon="13.63391639">
        <ele>44.07692</ele>
        <time>2026-07-01T04:56:44.789Z</time>
      </trkpt>
      <trkpt lat="52.82910278" lon="13.6333825">
        <ele>44.15385</ele>
        <time>2026-07-01T04:56:55.918Z</time>
      </trkpt>
      <trkpt lat="52.8296375" lon="13.63309195">
        <ele>43.84615</ele>
        <time>2026-07-01T04:57:09.182Z</time>
      </trkpt>
      <trkpt lat="52.83005528" lon="13.63240917">
        <ele>43.30769</ele>
        <time>2026-07-01T04:57:23.035Z</time>
      </trkpt>
      <trkpt lat="52.83113389" lon="13.62970639">
        <ele>42.92308</ele>
        <time>2026-07-01T04:58:09.233Z</time>
      </trkpt>
      <trkpt lat="52.83240751" lon="13.62645028">
        <ele>42.23077</ele>
        <time>2026-07-01T04:59:04.555Z</time>
      </trkpt>
      <trkpt lat="52.83273695" lon="13.62609334">
        <ele>41.69231</ele>
        <time>2026-07-01T04:59:13.837Z</time>
      </trkpt>
      <trkpt lat="52.83304223" lon="13.62601028">
        <ele>40.92308</ele>
        <time>2026-07-01T04:59:21.128Z</time>
      </trkpt>
      <trkpt lat="52.83422945" lon="13.62595612">
        <ele>40.46154</ele>
        <time>2026-07-01T04:59:49.116Z</time>
      </trkpt>
      <trkpt lat="52.83601917" lon="13.62589889">
        <ele>40.23077</ele>
        <time>2026-07-01T05:00:31.3Z</time>
      </trkpt>
      <trkpt lat="52.83686834" lon="13.62574278">
        <ele>39.92308</ele>
        <time>2026-07-01T05:00:51.435Z</time>
      </trkpt>
      <trkpt lat="52.83711278" lon="13.62563028">
        <ele>39.46154</ele>
        <time>2026-07-01T05:00:57.414Z</time>
      </trkpt>
      <trkpt lat="52.83724973" lon="13.62538389">
        <ele>39.46154</ele>
        <time>2026-07-01T05:01:02.184Z</time>
      </trkpt>
      <trkpt lat="52.83737612" lon="13.62471362">
        <ele>39.92308</ele>
        <time>2026-07-01T05:01:12.202Z</time>
      </trkpt>
      <trkpt lat="52.83741473" lon="13.62452473">
        <ele>39.84615</ele>
        <time>2026-07-01T05:01:15.044Z</time>
      </trkpt>
      <trkpt lat="52.83775" lon="13.62420389">
        <ele>39.23077</ele>
        <time>2026-07-01T05:01:24.173Z</time>
      </trkpt>
      <trkpt lat="52.83990723" lon="13.6243">
        <ele>38.76923</ele>
        <time>2026-07-01T05:02:15.028Z</time>
      </trkpt>
      <trkpt lat="52.84058584" lon="13.62438278">
        <ele>38.76923</ele>
        <time>2026-07-01T05:02:31.063Z</time>
      </trkpt>
      <trkpt lat="52.84090139" lon="13.62423945">
        <ele>38.84615</ele>
        <time>2026-07-01T05:02:38.775Z</time>
      </trkpt>
      <trkpt lat="52.84112112" lon="13.62484223">
        <ele>39.30769</ele>
        <time>2026-07-01T05:02:48.815Z</time>
      </trkpt>
      <trkpt lat="52.84154251" lon="13.62572">
        <ele>39.92308</ele>
        <time>2026-07-01T05:03:04.799Z</time>
      </trkpt>
      <trkpt lat="52.84161056" lon="13.62640889">
        <ele>40.38462</ele>
        <time>2026-07-01T05:03:14.759Z</time>
      </trkpt>
      <trkpt lat="52.84173639" lon="13.62654612">
        <ele>40.84615</ele>
        <time>2026-07-01T05:03:18.311Z</time>
      </trkpt>
      <trkpt lat="52.84199723" lon="13.62664667">
        <ele>40.92308</ele>
        <time>2026-07-01T05:03:24.623Z</time>
      </trkpt>
      <trkpt lat="52.84222112" lon="13.62658778">
        <ele>40.61538</ele>
        <time>2026-07-01T05:03:29.965Z</time>
      </trkpt>
      <trkpt lat="52.842355" lon="13.626415">
        <ele>40.61538</ele>
        <time>2026-07-01T05:03:33.967Z</time>
      </trkpt>
      <trkpt lat="52.84252139" lon="13.62603889">
        <ele>40.61538</ele>
        <time>2026-07-01T05:03:40.608Z</time>
      </trkpt>
      <trkpt lat="52.84273584" lon="13.62464473">
        <ele>41.46154</ele>
        <time>2026-07-01T05:04:01.133Z</time>
      </trkpt>
      <trkpt lat="52.84346834" lon="13.62190806">
        <ele>42</ele>
        <time>2026-07-01T05:04:43.827Z</time>
      </trkpt>
      <trkpt lat="52.84399584" lon="13.62000389">
        <ele>42.23077</ele>
        <time>2026-07-01T05:05:13.706Z</time>
      </trkpt>
      <trkpt lat="52.84419473" lon="13.61959223">
        <ele>41.92308</ele>
        <time>2026-07-01T05:05:21.215Z</time>
      </trkpt>
      <trkpt lat="52.84488723" lon="13.61684028">
        <ele>41.61538</ele>
        <time>2026-07-01T05:06:03.737Z</time>
      </trkpt>
      <trkpt lat="52.84519945" lon="13.61661556">
        <ele>41.30769</ele>
        <time>2026-07-01T05:06:11.761Z</time>
      </trkpt>
      <trkpt lat="52.8461225" lon="13.61578028">
        <ele>41</ele>
        <time>2026-07-01T05:06:36.564Z</time>
      </trkpt>
      <trkpt lat="52.8471725" lon="13.61466278">
        <ele>40.84615</ele>
        <time>2026-07-01T05:07:06Z</time>
      </trkpt>
      <trkpt lat="52.84765251" lon="13.61378612">
        <ele>40.61538</ele>
        <time>2026-07-01T05:07:22.864Z</time>
      </trkpt>
      <trkpt lat="52.848155" lon="13.61243639">
        <ele>40.92308</ele>
        <time>2026-07-01T05:07:45.47Z</time>
      </trkpt>
      <trkpt lat="52.84847612" lon="13.61133056">
        <ele>41.38462</ele>
        <time>2026-07-01T05:08:02.968Z</time>
      </trkpt>
      <trkpt lat="52.84880778" lon="13.61028806">
        <ele>41.38462</ele>
        <time>2026-07-01T05:08:19.77Z</time>
      </trkpt>
      <trkpt lat="52.84899667" lon="13.60971139">
        <ele>41.23077</ele>
        <time>2026-07-01T05:08:29.124Z</time>
      </trkpt>
      <trkpt lat="52.84927223" lon="13.60955584">
        <ele>40.84615</ele>
        <time>2026-07-01T05:08:35.986Z</time>
      </trkpt>
      <trkpt lat="52.84931417" lon="13.60945501">
        <ele>40.84615</ele>
        <time>2026-07-01T05:08:37.73Z</time>
      </trkpt>
      <trkpt lat="52.85028417" lon="13.61161334">
        <ele>41.07692</ele>
        <time>2026-07-01T05:09:16.079Z</time>
      </trkpt>
      <trkpt lat="52.85047389" lon="13.61187723">
        <ele>42</ele>
        <time>2026-07-01T05:09:21.921Z</time>
      </trkpt>
      <trkpt lat="52.85069167" lon="13.61208223">
        <ele>42.69231</ele>
        <time>2026-07-01T05:09:27.826Z</time>
      </trkpt>
      <trkpt lat="52.85096695" lon="13.61214084">
        <ele>43.23077</ele>
        <time>2026-07-01T05:09:34.367Z</time>
      </trkpt>
      <trkpt lat="52.85140639" lon="13.61209334">
        <ele>44.38462</ele>
        <time>2026-07-01T05:09:44.745Z</time>
      </trkpt>
      <trkpt lat="52.85217028" lon="13.61200723">
        <ele>45</ele>
        <time>2026-07-01T05:10:02.789Z</time>
      </trkpt>
      <trkpt lat="52.85253001" lon="13.61194362">
        <ele>45.76923</ele>
        <time>2026-07-01T05:10:11.315Z</time>
      </trkpt>
      <trkpt lat="52.85295473" lon="13.61180778">
        <ele>46.30769</ele>
        <time>2026-07-01T05:10:21.509Z</time>
      </trkpt>
      <trkpt lat="52.85298889" lon="13.61203778">
        <ele>46.84615</ele>
        <time>2026-07-01T05:10:24.883Z</time>
      </trkpt>
      <trkpt lat="52.85285445" lon="13.61174084">
        <ele>47.76923</ele>
        <time>2026-07-01T05:10:30.169Z</time>
      </trkpt>
      <trkpt lat="52.85270778" lon="13.61110917">
        <ele>47.92308</ele>
        <time>2026-07-01T05:10:39.82Z</time>
      </trkpt>
      <trkpt lat="52.85258889" lon="13.61007862">
        <ele>48.15385</ele>
        <time>2026-07-01T05:10:54.786Z</time>
      </trkpt>
      <trkpt lat="52.85225889" lon="13.60645473">
        <ele>48.61538</ele>
        <time>2026-07-01T05:11:47.065Z</time>
      </trkpt>
      <trkpt lat="52.85254639" lon="13.60642889">
        <ele>49.38462</ele>
        <time>2026-07-01T05:11:53.85Z</time>
      </trkpt>
      <trkpt lat="52.852695" lon="13.60647778">
        <ele>49.53846</ele>
        <time>2026-07-01T05:11:57.421Z</time>
      </trkpt>
      <trkpt lat="52.85349751" lon="13.60842695">
        <ele>50.53846</ele>
        <time>2026-07-01T05:12:31.049Z</time>
      </trkpt>
      <trkpt lat="52.85474723" lon="13.61139112">
        <ele>51.23077</ele>
        <time>2026-07-01T05:13:22.579Z</time>
      </trkpt>
      <trkpt lat="52.85504612" lon="13.61196139">
        <ele>51.53846</ele>
        <time>2026-07-01T05:13:33.339Z</time>
      </trkpt>
      <trkpt lat="52.85526556" lon="13.61213195">
        <ele>52.15385</ele>
        <time>2026-07-01T05:13:39.053Z</time>
      </trkpt>
      <trkpt lat="52.85666362" lon="13.61202945">
        <ele>53.15385</ele>
        <time>2026-07-01T05:14:12.032Z</time>
      </trkpt>
      <trkpt lat="52.85754334" lon="13.61228528">
        <ele>53.92308</ele>
        <time>2026-07-01T05:14:33.081Z</time>
      </trkpt>
      <trkpt lat="52.85989112" lon="13.61278639">
        <ele>54.53846</ele>
        <time>2026-07-01T05:15:28.868Z</time>
      </trkpt>
      <trkpt lat="52.86287001" lon="13.61344917">
        <ele>54.76923</ele>
        <time>2026-07-01T05:16:39.702Z</time>
      </trkpt>
      <trkpt lat="52.86365139" lon="13.61392778">
        <ele>55.53846</ele>
        <time>2026-07-01T05:16:59.34Z</time>
      </trkpt>
      <trkpt lat="52.86417223" lon="13.61410612">
        <ele>56.38462</ele>
        <time>2026-07-01T05:17:11.874Z</time>
      </trkpt>
      <trkpt lat="52.86572195" lon="13.61469862">
        <ele>57.15385</ele>
        <time>2026-07-01T05:17:49.359Z</time>
      </trkpt>
      <trkpt lat="52.86685334" lon="13.61517056">
        <ele>57.61538</ele>
        <time>2026-07-01T05:18:16.858Z</time>
      </trkpt>
      <trkpt lat="52.86905778" lon="13.61571945">
        <ele>57.76923</ele>
        <time>2026-07-01T05:19:09.394Z</time>
      </trkpt>
      <trkpt lat="52.869415" lon="13.61582889">
        <ele>57.61538</ele>
        <time>2026-07-01T05:19:17.955Z</time>
      </trkpt>
      <trkpt lat="52.87018195" lon="13.61599917">
        <ele>57.46154</ele>
        <time>2026-07-01T05:19:36.191Z</time>
      </trkpt>
      <trkpt lat="52.87055612" lon="13.61600945">
        <ele>57.38462</ele>
        <time>2026-07-01T05:19:45.01Z</time>
      </trkpt>
      <trkpt lat="52.87079389" lon="13.61607806">
        <ele>57.23077</ele>
        <time>2026-07-01T05:19:50.698Z</time>
      </trkpt>
      <trkpt lat="52.87114" lon="13.61617001">
        <ele>56.38462</ele>
        <time>2026-07-01T05:19:58.959Z</time>
      </trkpt>
      <trkpt lat="52.87198251" lon="13.61637778">
        <ele>55.76923</ele>
        <time>2026-07-01T05:20:19.033Z</time>
      </trkpt>
      <trkpt lat="52.87268278" lon="13.61643862">
        <ele>55.23077</ele>
        <time>2026-07-01T05:20:35.558Z</time>
      </trkpt>
      <trkpt lat="52.87412889" lon="13.61634473">
        <ele>54.53846</ele>
        <time>2026-07-01T05:21:09.663Z</time>
      </trkpt>
      <trkpt lat="52.87416389" lon="13.61692056">
        <ele>53.84615</ele>
        <time>2026-07-01T05:21:17.915Z</time>
      </trkpt>
      <trkpt lat="52.87411834" lon="13.61737889">
        <ele>52.92308</ele>
        <time>2026-07-01T05:21:24.53Z</time>
      </trkpt>
      <trkpt lat="52.87396723" lon="13.61791889">
        <ele>51.92308</ele>
        <time>2026-07-01T05:21:33.013Z</time>
      </trkpt>
      <trkpt lat="52.87360528" lon="13.61857667">
        <ele>50.92308</ele>
        <time>2026-07-01T05:21:45.691Z</time>
      </trkpt>
      <trkpt lat="52.87354417" lon="13.61874723">
        <ele>50.30769</ele>
        <time>2026-07-01T05:21:48.515Z</time>
      </trkpt>
      <trkpt lat="52.87353639" lon="13.61894306">
        <ele>49.23077</ele>
        <time>2026-07-01T05:21:51.31Z</time>
      </trkpt>
      <trkpt lat="52.87356723" lon="13.61919084">
        <ele>48.46154</ele>
        <time>2026-07-01T05:21:54.913Z</time>
      </trkpt>
      <trkpt lat="52.87356917" lon="13.61939778">
        <ele>47.53846</ele>
        <time>2026-07-01T05:21:57.86Z</time>
      </trkpt>
      <trkpt lat="52.87349528" lon="13.61955834">
        <ele>46.92308</ele>
        <time>2026-07-01T05:22:00.734Z</time>
      </trkpt>
      <trkpt lat="52.8733875" lon="13.61970334">
        <ele>46.38462</ele>
        <time>2026-07-01T05:22:04.007Z</time>
      </trkpt>
      <trkpt lat="52.87298556" lon="13.61965723">
        <ele>46.07692</ele>
        <time>2026-07-01T05:22:13.502Z</time>
      </trkpt>
      <trkpt lat="52.87294417" lon="13.61982445">
        <ele>45.92308</ele>
        <time>2026-07-01T05:22:16.075Z</time>
      </trkpt>
      <trkpt lat="52.87294723" lon="13.62016945">
        <ele>45.76923</ele>
        <time>2026-07-01T05:22:20.989Z</time>
      </trkpt>
      <trkpt lat="52.873335" lon="13.62045195">
        <ele>45.69231</ele>
        <time>2026-07-01T05:22:30.974Z</time>
      </trkpt>
      <trkpt lat="52.87341306" lon="13.62058223">
        <ele>45.53846</ele>
        <time>2026-07-01T05:22:33.587Z</time>
      </trkpt>
      <trkpt lat="52.873425" lon="13.62071028">
        <ele>45.53846</ele>
        <time>2026-07-01T05:22:35.432Z</time>
      </trkpt>
      <trkpt lat="52.87347167" lon="13.62122695">
        <ele>46.07692</ele>
        <time>2026-07-01T05:22:42.881Z</time>
      </trkpt>
      <trkpt lat="52.87354139" lon="13.62184167">
        <ele>46.69231</ele>
        <time>2026-07-01T05:22:51.799Z</time>
      </trkpt>
      <trkpt lat="52.87363917" lon="13.6220275">
        <ele>47.38462</ele>
        <time>2026-07-01T05:22:55.308Z</time>
      </trkpt>
      <trkpt lat="52.87379528" lon="13.62220528">
        <ele>48</ele>
        <time>2026-07-01T05:22:59.774Z</time>
      </trkpt>
      <trkpt lat="52.87357973" lon="13.62324223">
        <ele>48.84615</ele>
        <time>2026-07-01T05:23:15.408Z</time>
      </trkpt>
      <trkpt lat="52.87336889" lon="13.62419112">
        <ele>49.61538</ele>
        <time>2026-07-01T05:23:29.822Z</time>
      </trkpt>
      <trkpt lat="52.87270862" lon="13.62654001">
        <ele>50.38462</ele>
        <time>2026-07-01T05:24:06.753Z</time>
      </trkpt>
      <trkpt lat="52.87247167" lon="13.62740056">
        <ele>51.07692</ele>
        <time>2026-07-01T05:24:20.234Z</time>
      </trkpt>
      <trkpt lat="52.87255139" lon="13.62767306">
        <ele>51.76923</ele>
        <time>2026-07-01T05:24:24.546Z</time>
      </trkpt>
      <trkpt lat="52.87298862" lon="13.62796334">
        <ele>52.69231</ele>
        <time>2026-07-01T05:24:35.648Z</time>
      </trkpt>
      <trkpt lat="52.87461417" lon="13.62926806">
        <ele>53.38462</ele>
        <time>2026-07-01T05:25:18.234Z</time>
      </trkpt>
      <trkpt lat="52.87551" lon="13.62999389">
        <ele>53.92308</ele>
        <time>2026-07-01T05:25:41.745Z</time>
      </trkpt>
      <trkpt lat="52.88136473" lon="13.63511139">
        <ele>54.38462</ele>
        <time>2026-07-01T05:28:17.821Z</time>
      </trkpt>
      <trkpt lat="52.88288028" lon="13.63653528">
        <ele>54.46154</ele>
        <time>2026-07-01T05:28:58.902Z</time>
      </trkpt>
      <trkpt lat="52.88323167" lon="13.63664806">
        <ele>54.61538</ele>
        <time>2026-07-01T05:29:07.337Z</time>
      </trkpt>
      <trkpt lat="52.88445278" lon="13.63698973">
        <ele>54.69231</ele>
        <time>2026-07-01T05:29:36.522Z</time>
      </trkpt>
      <trkpt lat="52.8854525" lon="13.63730528">
        <ele>54.61538</ele>
        <time>2026-07-01T05:30:00.506Z</time>
      </trkpt>
      <trkpt lat="52.88707695" lon="13.63785806">
        <ele>54.15385</ele>
        <time>2026-07-01T05:30:39.59Z</time>
      </trkpt>
      <trkpt lat="52.88869417" lon="13.63833445">
        <ele>53.76923</ele>
        <time>2026-07-01T05:31:18.302Z</time>
      </trkpt>
      <trkpt lat="52.88997528" lon="13.63867612">
        <ele>53.53846</ele>
        <time>2026-07-01T05:31:48.882Z</time>
      </trkpt>
      <trkpt lat="52.89030389" lon="13.63864945">
        <ele>52.92308</ele>
        <time>2026-07-01T05:31:56.635Z</time>
      </trkpt>
      <trkpt lat="52.89026528" lon="13.63866584">
        <ele>52.86544</ele>
        <time>2026-07-01T05:31:57.574Z</time>
      </trkpt>
      <trkpt lat="52.89100695" lon="13.63840584">
        <ele>51.76923</ele>
        <time>2026-07-01T05:32:15.44Z</time>
      </trkpt>
      <trkpt lat="52.89152806" lon="13.63858084">
        <ele>51.46154</ele>
        <time>2026-07-01T05:32:27.971Z</time>
      </trkpt>
      <trkpt lat="52.89170445" lon="13.63866862">
        <ele>51.53846</ele>
        <time>2026-07-01T05:32:32.312Z</time>
      </trkpt>
      <trkpt lat="52.89259528" lon="13.63906362">
        <ele>51.38462</ele>
        <time>2026-07-01T05:32:54.045Z</time>
      </trkpt>
      <trkpt lat="52.89424362" lon="13.64096751">
        <ele>51.53846</ele>
        <time>2026-07-01T05:33:41.429Z</time>
      </trkpt>
      <trkpt lat="52.89526139" lon="13.64244584">
        <ele>52.07692</ele>
        <time>2026-07-01T05:34:13.353Z</time>
      </trkpt>
      <trkpt lat="52.89693056" lon="13.64404084">
        <ele>52.76923</ele>
        <time>2026-07-01T05:34:58.784Z</time>
      </trkpt>
      <trkpt lat="52.89837834" lon="13.64534695">
        <ele>53.38462</ele>
        <time>2026-07-01T05:35:37.649Z</time>
      </trkpt>
      <trkpt lat="52.90021639" lon="13.64730834">
        <ele>53.69231</ele>
        <time>2026-07-01T05:36:29.2Z</time>
      </trkpt>
      <trkpt lat="52.90088084" lon="13.64777112">
        <ele>53.46154</ele>
        <time>2026-07-01T05:36:46.187Z</time>
      </trkpt>
      <trkpt lat="52.90143112" lon="13.64854389">
        <ele>53.30769</ele>
        <time>2026-07-01T05:37:03.2Z</time>
      </trkpt>
      <trkpt lat="52.90187306" lon="13.64918695">
        <ele>53.53846</ele>
        <time>2026-07-01T05:37:17.072Z</time>
      </trkpt>
      <trkpt lat="52.90264334" lon="13.64915167">
        <ele>53.69231</ele>
        <time>2026-07-01T05:37:35.231Z</time>
      </trkpt>
      <trkpt lat="52.90335112" lon="13.64928167">
        <ele>53.38462</ele>
        <time>2026-07-01T05:37:52.013Z</time>
      </trkpt>
      <trkpt lat="52.90407306" lon="13.6491425">
        <ele>53.30769</ele>
        <time>2026-07-01T05:38:09.141Z</time>
      </trkpt>
      <trkpt lat="52.90490695" lon="13.64899112">
        <ele>53.46154</ele>
        <time>2026-07-01T05:38:28.91Z</time>
      </trkpt>
      <trkpt lat="52.90544195" lon="13.64901584">
        <ele>53.76923</ele>
        <time>2026-07-01T05:38:41.523Z</time>
      </trkpt>
      <trkpt lat="52.90585973" lon="13.64910334">
        <ele>53.38462</ele>
        <time>2026-07-01T05:38:51.447Z</time>
      </trkpt>
      <trkpt lat="52.90604834" lon="13.64919278">
        <ele>52.61538</ele>
        <time>2026-07-01T05:38:56.07Z</time>
      </trkpt>
      <trkpt lat="52.90668667" lon="13.64957584">
        <ele>51.69231</ele>
        <time>2026-07-01T05:39:12.07Z</time>
      </trkpt>
      <trkpt lat="52.90713528" lon="13.64959473">
        <ele>51.07692</ele>
        <time>2026-07-01T05:39:22.645Z</time>
      </trkpt>
      <trkpt lat="52.90755528" lon="13.64943306">
        <ele>50.92308</ele>
        <time>2026-07-01T05:39:32.807Z</time>
      </trkpt>
      <trkpt lat="52.90784334" lon="13.6492375">
        <ele>51.30769</ele>
        <time>2026-07-01T05:39:40.144Z</time>
      </trkpt>
      <trkpt lat="52.90815639" lon="13.64883778">
        <ele>51.76923</ele>
        <time>2026-07-01T05:39:49.46Z</time>
      </trkpt>
      <trkpt lat="52.90892195" lon="13.64784695">
        <ele>52.30769</ele>
        <time>2026-07-01T05:40:12.368Z</time>
      </trkpt>
      <trkpt lat="52.90926778" lon="13.64726278">
        <ele>53</ele>
        <time>2026-07-01T05:40:24.017Z</time>
      </trkpt>
      <trkpt lat="52.90918889" lon="13.64731667">
        <ele>53.92308</ele>
        <time>2026-07-01T05:40:26.028Z</time>
      </trkpt>
      <trkpt lat="52.90961389" lon="13.64732973">
        <ele>54.69231</ele>
        <time>2026-07-01T05:40:36.045Z</time>
      </trkpt>
      <trkpt lat="52.91050334" lon="13.64766862">
        <ele>55.30769</ele>
        <time>2026-07-01T05:40:57.553Z</time>
      </trkpt>
      <trkpt lat="52.91064695" lon="13.64788667">
        <ele>56.15385</ele>
        <time>2026-07-01T05:41:02.144Z</time>
      </trkpt>
      <trkpt lat="52.91064139" lon="13.64803445">
        <ele>57.30769</ele>
        <time>2026-07-01T05:41:04.251Z</time>
      </trkpt>
      <trkpt lat="52.91071139" lon="13.64818639">
        <ele>58.38462</ele>
        <time>2026-07-01T05:41:06.97Z</time>
      </trkpt>
      <trkpt lat="52.91077501" lon="13.64840001">
        <ele>59.23077</ele>
        <time>2026-07-01T05:41:10.359Z</time>
      </trkpt>
      <trkpt lat="52.91077417" lon="13.64886306">
        <ele>60</ele>
        <time>2026-07-01T05:41:16.948Z</time>
      </trkpt>
      <trkpt lat="52.91074889" lon="13.65013973">
        <ele>60.76923</ele>
        <time>2026-07-01T05:41:35.146Z</time>
      </trkpt>
      <trkpt lat="52.91074028" lon="13.65108306">
        <ele>61.61538</ele>
        <time>2026-07-01T05:41:48.587Z</time>
      </trkpt>
      <trkpt lat="52.91070584" lon="13.65218306">
        <ele>61.76923</ele>
        <time>2026-07-01T05:42:04.279Z</time>
      </trkpt>
      <trkpt lat="52.91060556" lon="13.65262445">
        <ele>61.84615</ele>
        <time>2026-07-01T05:42:10.99Z</time>
      </trkpt>
      <trkpt lat="52.91024778" lon="13.65413445">
        <ele>61.84615</ele>
        <time>2026-07-01T05:42:34.096Z</time>
      </trkpt>
      <trkpt lat="52.91017417" lon="13.65467556">
        <ele>61.61538</ele>
        <time>2026-07-01T05:42:41.998Z</time>
      </trkpt>
      <trkpt lat="52.91023862" lon="13.65543084">
        <ele>61.46154</ele>
        <time>2026-07-01T05:42:52.865Z</time>
      </trkpt>
      <trkpt lat="52.91035834" lon="13.65629584">
        <ele>61.23077</ele>
        <time>2026-07-01T05:43:05.507Z</time>
      </trkpt>
      <trkpt lat="52.91049862" lon="13.65727028">
        <ele>60.92308</ele>
        <time>2026-07-01T05:43:19.778Z</time>
      </trkpt>
      <trkpt lat="52.91077251" lon="13.65763">
        <ele>60.84615</ele>
        <time>2026-07-01T05:43:28.016Z</time>
      </trkpt>
      <trkpt lat="52.91086917" lon="13.65772834">
        <ele>60.76923</ele>
        <time>2026-07-01T05:43:30.689Z</time>
      </trkpt>
      <trkpt lat="52.91087639" lon="13.65853806">
        <ele>60.76923</ele>
        <time>2026-07-01T05:43:42.226Z</time>
      </trkpt>
      <trkpt lat="52.91090417" lon="13.65889473">
        <ele>60.92308</ele>
        <time>2026-07-01T05:43:47.343Z</time>
      </trkpt>
      <trkpt lat="52.91120528" lon="13.65891028">
        <ele>61.15385</ele>
        <time>2026-07-01T05:43:54.442Z</time>
      </trkpt>
      <trkpt lat="52.91163195" lon="13.65875945">
        <ele>61.23077</ele>
        <time>2026-07-01T05:44:04.723Z</time>
      </trkpt>
      <trkpt lat="52.91183167" lon="13.66071723">
        <ele>61.61538</ele>
        <time>2026-07-01T05:44:33.008Z</time>
      </trkpt>
      <trkpt lat="52.91186139" lon="13.66061528">
        <ele>62</ele>
        <time>2026-07-01T05:44:34.619Z</time>
      </trkpt>
      <trkpt lat="52.911935" lon="13.66118751">
        <ele>62.38462</ele>
        <time>2026-07-01T05:44:42.954Z</time>
      </trkpt>
      <trkpt lat="52.91203501" lon="13.661985">
        <ele>62.69231</ele>
        <time>2026-07-01T05:44:54.557Z</time>
      </trkpt>
      <trkpt lat="52.91220695" lon="13.66288834">
        <ele>64</ele>
        <time>2026-07-01T05:45:08.049Z</time>
      </trkpt>
      <trkpt lat="52.9125825" lon="13.66400056">
        <ele>64.23077</ele>
        <time>2026-07-01T05:45:26.198Z</time>
      </trkpt>
      <trkpt lat="52.91316723" lon="13.66564639">
        <ele>64.07692</ele>
        <time>2026-07-01T05:45:53.394Z</time>
      </trkpt>
      <trkpt lat="52.91377695" lon="13.66679528">
        <ele>63.53846</ele>
        <time>2026-07-01T05:46:15.173Z</time>
      </trkpt>
      <trkpt lat="52.91375889" lon="13.66687862">
        <ele>63.47262</ele>
        <time>2026-07-01T05:46:16.433Z</time>
      </trkpt>
      <trkpt lat="52.91458056" lon="13.66845556">
        <ele>61.92308</ele>
        <time>2026-07-01T05:46:46.091Z</time>
      </trkpt>
      <trkpt lat="52.91524667" lon="13.66987862">
        <ele>61.46154</ele>
        <time>2026-07-01T05:47:11.73Z</time>
      </trkpt>
      <trkpt lat="52.91596028" lon="13.67271862">
        <ele>59.84615</ele>
        <time>2026-07-01T05:47:55.542Z</time>
      </trkpt>
      <trkpt lat="52.91650389" lon="13.67501056">
        <ele>58.38462</ele>
        <time>2026-07-01T05:48:30.614Z</time>
      </trkpt>
      <trkpt lat="52.91658223" lon="13.67531612">
        <ele>58.15385</ele>
        <time>2026-07-01T05:48:35.337Z</time>
      </trkpt>
      <trkpt lat="52.91761584" lon="13.67961584">
        <ele>58.69231</ele>
        <time>2026-07-01T05:49:41.25Z</time>
      </trkpt>
      <trkpt lat="52.91833695" lon="13.6825125">
        <ele>58.53846</ele>
        <time>2026-07-01T05:50:25.873Z</time>
      </trkpt>
      <trkpt lat="52.91871667" lon="13.68445445">
        <ele>57.84615</ele>
        <time>2026-07-01T05:50:54.946Z</time>
      </trkpt>
      <trkpt lat="52.91943223" lon="13.68948195">
        <ele>56.76923</ele>
        <time>2026-07-01T05:52:08.516Z</time>
      </trkpt>
      <trkpt lat="52.91955612" lon="13.69054195">
        <ele>56.61538</ele>
        <time>2026-07-01T05:52:23.894Z</time>
      </trkpt>
      <trkpt lat="52.91958306" lon="13.69152139">
        <ele>56.46154</ele>
        <time>2026-07-01T05:52:37.859Z</time>
      </trkpt>
      <trkpt lat="52.91948862" lon="13.693005">
        <ele>56.15385</ele>
        <time>2026-07-01T05:52:59.108Z</time>
      </trkpt>
      <trkpt lat="52.91987723" lon="13.69704806">
        <ele>56.23077</ele>
        <time>2026-07-01T05:53:57.42Z</time>
      </trkpt>
      <trkpt lat="52.92026223" lon="13.70143306">
        <ele>56.07692</ele>
        <time>2026-07-01T05:55:00.533Z</time>
      </trkpt>
      <trkpt lat="52.92035028" lon="13.70251556">
        <ele>55.76923</ele>
        <time>2026-07-01T05:55:16.091Z</time>
      </trkpt>
      <trkpt lat="52.92046973" lon="13.7028225">
        <ele>56.53846</ele>
        <time>2026-07-01T05:55:21.286Z</time>
      </trkpt>
      <trkpt lat="52.92074306" lon="13.70321973">
        <ele>57.38462</ele>
        <time>2026-07-01T05:55:29.855Z</time>
      </trkpt>
      <trkpt lat="52.92108389" lon="13.70339862">
        <ele>57.07692</ele>
        <time>2026-07-01T05:55:38.281Z</time>
      </trkpt>
      <trkpt lat="52.92135417" lon="13.70341723">
        <ele>55.76923</ele>
        <time>2026-07-01T05:55:44.656Z</time>
      </trkpt>
      <trkpt lat="52.92179584" lon="13.70308556">
        <ele>55.15385</ele>
        <time>2026-07-01T05:55:56.084Z</time>
      </trkpt>
      <trkpt lat="52.92211556" lon="13.70292556">
        <ele>55.69231</ele>
        <time>2026-07-01T05:56:03.955Z</time>
      </trkpt>
      <trkpt lat="52.92239751" lon="13.70279639">
        <ele>55.46154</ele>
        <time>2026-07-01T05:56:10.849Z</time>
      </trkpt>
      <trkpt lat="52.92279806" lon="13.70288917">
        <ele>54.23077</ele>
        <time>2026-07-01T05:56:20.38Z</time>
      </trkpt>
      <trkpt lat="52.92303139" lon="13.70301278">
        <ele>53.53846</ele>
        <time>2026-07-01T05:56:26.153Z</time>
      </trkpt>
      <trkpt lat="52.92327223" lon="13.70321973">
        <ele>53.30769</ele>
        <time>2026-07-01T05:56:32.547Z</time>
      </trkpt>
      <trkpt lat="52.92385917" lon="13.70376334">
        <ele>53.30769</ele>
        <time>2026-07-01T05:56:48.398Z</time>
      </trkpt>
      <trkpt lat="52.92470417" lon="13.70422862">
        <ele>53.92308</ele>
        <time>2026-07-01T05:57:09.383Z</time>
      </trkpt>
      <trkpt lat="52.92508417" lon="13.70428084">
        <ele>54</ele>
        <time>2026-07-01T05:57:18.369Z</time>
      </trkpt>
      <trkpt lat="52.92605806" lon="13.70416889">
        <ele>53.84615</ele>
        <time>2026-07-01T05:57:41.375Z</time>
      </trkpt>
      <trkpt lat="52.92646862" lon="13.70415973">
        <ele>53.30769</ele>
        <time>2026-07-01T05:57:51.051Z</time>
      </trkpt>
      <trkpt lat="52.92694945" lon="13.70445278">
        <ele>52.61538</ele>
        <time>2026-07-01T05:58:03.125Z</time>
      </trkpt>
      <trkpt lat="52.92731806" lon="13.70485945">
        <ele>52.30769</ele>
        <time>2026-07-01T05:58:13.561Z</time>
      </trkpt>
      <trkpt lat="52.92828139" lon="13.70591528">
        <ele>52.23077</ele>
        <time>2026-07-01T05:58:40.791Z</time>
      </trkpt>
      <trkpt lat="52.92897389" lon="13.70623889">
        <ele>51.76923</ele>
        <time>2026-07-01T05:58:57.747Z</time>
      </trkpt>
      <trkpt lat="52.92939139" lon="13.70634334">
        <ele>51.38462</ele>
        <time>2026-07-01T05:59:07.697Z</time>
      </trkpt>
      <trkpt lat="52.92970223" lon="13.706325">
        <ele>52</ele>
        <time>2026-07-01T05:59:15.027Z</time>
      </trkpt>
      <trkpt lat="52.92997667" lon="13.70612778">
        <ele>52.30769</ele>
        <time>2026-07-01T05:59:22.077Z</time>
      </trkpt>
      <trkpt lat="52.93074306" lon="13.70524528">
        <ele>52.30769</ele>
        <time>2026-07-01T05:59:44.08Z</time>
      </trkpt>
      <trkpt lat="52.93109417" lon="13.70493278">
        <ele>52.15385</ele>
        <time>2026-07-01T05:59:53.472Z</time>
      </trkpt>
      <trkpt lat="52.93143139" lon="13.70487084">
        <ele>51.38462</ele>
        <time>2026-07-01T06:00:01.468Z</time>
      </trkpt>
      <trkpt lat="52.93174473" lon="13.70489084">
        <ele>51.15385</ele>
        <time>2026-07-01T06:00:08.858Z</time>
      </trkpt>
      <trkpt lat="52.93200945" lon="13.70497973">
        <ele>51.69231</ele>
        <time>2026-07-01T06:00:15.223Z</time>
      </trkpt>
      <trkpt lat="52.93219556" lon="13.70511778">
        <ele>52.38462</ele>
        <time>2026-07-01T06:00:20.028Z</time>
      </trkpt>
      <trkpt lat="52.93233751" lon="13.70528445">
        <ele>53</ele>
        <time>2026-07-01T06:00:24.128Z</time>
      </trkpt>
      <trkpt lat="52.93262473" lon="13.70572945">
        <ele>53.46154</ele>
        <time>2026-07-01T06:00:33.395Z</time>
      </trkpt>
      <trkpt lat="52.93270945" lon="13.70591528">
        <ele>53.76923</ele>
        <time>2026-07-01T06:00:36.707Z</time>
      </trkpt>
      <trkpt lat="52.93362028" lon="13.70764556">
        <ele>54</ele>
        <time>2026-07-01T06:01:09.384Z</time>
      </trkpt>
      <trkpt lat="52.93446973" lon="13.70887251">
        <ele>54.30769</ele>
        <time>2026-07-01T06:01:35.954Z</time>
      </trkpt>
      <trkpt lat="52.93473139" lon="13.70957389">
        <ele>55.07692</ele>
        <time>2026-07-01T06:01:47.691Z</time>
      </trkpt>
      <trkpt lat="52.93500723" lon="13.71000223">
        <ele>56.15385</ele>
        <time>2026-07-01T06:01:56.6Z</time>
      </trkpt>
      <trkpt lat="52.93683362" lon="13.71195251">
        <ele>57.07692</ele>
        <time>2026-07-01T06:02:47.822Z</time>
      </trkpt>
      <trkpt lat="52.93711695" lon="13.71263112">
        <ele>58</ele>
        <time>2026-07-01T06:02:59.567Z</time>
      </trkpt>
      <trkpt lat="52.93739389" lon="13.71374028">
        <ele>58.84615</ele>
        <time>2026-07-01T06:03:16.655Z</time>
      </trkpt>
      <trkpt lat="52.93744417" lon="13.71376501">
        <ele>59</ele>
        <time>2026-07-01T06:03:17.891Z</time>
      </trkpt>
      <trkpt lat="52.93779473" lon="13.71399417">
        <ele>58.61538</ele>
        <time>2026-07-01T06:03:26.772Z</time>
      </trkpt>
      <trkpt lat="52.93803306" lon="13.71478306">
        <ele>58.30769</ele>
        <time>2026-07-01T06:03:39.33Z</time>
      </trkpt>
      <trkpt lat="52.9382375" lon="13.71545501">
        <ele>58.30769</ele>
        <time>2026-07-01T06:03:50.042Z</time>
      </trkpt>
      <trkpt lat="52.93876417" lon="13.71567695">
        <ele>58.46154</ele>
        <time>2026-07-01T06:04:02.849Z</time>
      </trkpt>
      <trkpt lat="52.93909195" lon="13.71580028">
        <ele>58.76923</ele>
        <time>2026-07-01T06:04:10.77Z</time>
      </trkpt>
      <trkpt lat="52.93934112" lon="13.71612167">
        <ele>59.23077</ele>
        <time>2026-07-01T06:04:18.211Z</time>
      </trkpt>
      <trkpt lat="52.93964973" lon="13.71633362">
        <ele>59.76923</ele>
        <time>2026-07-01T06:04:26.084Z</time>
      </trkpt>
      <trkpt lat="52.93989278" lon="13.71641862">
        <ele>59.84615</ele>
        <time>2026-07-01T06:04:31.938Z</time>
      </trkpt>
      <trkpt lat="52.94033223" lon="13.71645389">
        <ele>59.76923</ele>
        <time>2026-07-01T06:04:42.306Z</time>
      </trkpt>
      <trkpt lat="52.94059973" lon="13.71628973">
        <ele>59.92308</ele>
        <time>2026-07-01T06:04:49.028Z</time>
      </trkpt>
      <trkpt lat="52.94084001" lon="13.71610889">
        <ele>60</ele>
        <time>2026-07-01T06:04:55.247Z</time>
      </trkpt>
      <trkpt lat="52.94123278" lon="13.71605306">
        <ele>60.07692</ele>
        <time>2026-07-01T06:05:04.537Z</time>
      </trkpt>
      <trkpt lat="52.94152306" lon="13.71605473">
        <ele>60.30769</ele>
        <time>2026-07-01T06:05:11.378Z</time>
      </trkpt>
      <trkpt lat="52.94178251" lon="13.716175">
        <ele>60.38462</ele>
        <time>2026-07-01T06:05:17.727Z</time>
      </trkpt>
      <trkpt lat="52.94201362" lon="13.71630834">
        <ele>60.53846</ele>
        <time>2026-07-01T06:05:23.494Z</time>
      </trkpt>
      <trkpt lat="52.94261889" lon="13.716565">
        <ele>60.53846</ele>
        <time>2026-07-01T06:05:38.217Z</time>
      </trkpt>
      <trkpt lat="52.94283445" lon="13.71672028">
        <ele>60.38462</ele>
        <time>2026-07-01T06:05:43.756Z</time>
      </trkpt>
      <trkpt lat="52.94307945" lon="13.71703695">
        <ele>59.92308</ele>
        <time>2026-07-01T06:05:51.078Z</time>
      </trkpt>
      <trkpt lat="52.94346889" lon="13.71758056">
        <ele>59.38462</ele>
        <time>2026-07-01T06:06:03.083Z</time>
      </trkpt>
      <trkpt lat="52.9438475" lon="13.71786112">
        <ele>58.53846</ele>
        <time>2026-07-01T06:06:12.857Z</time>
      </trkpt>
      <trkpt lat="52.94408723" lon="13.71794084">
        <ele>57.69231</ele>
        <time>2026-07-01T06:06:18.619Z</time>
      </trkpt>
      <trkpt lat="52.94436723" lon="13.71794973">
        <ele>56.76923</ele>
        <time>2026-07-01T06:06:25.219Z</time>
      </trkpt>
      <trkpt lat="52.94468112" lon="13.71790334">
        <ele>55.84615</ele>
        <time>2026-07-01T06:06:32.646Z</time>
      </trkpt>
      <trkpt lat="52.94533278" lon="13.71766695">
        <ele>54.76923</ele>
        <time>2026-07-01T06:06:48.367Z</time>
      </trkpt>
      <trkpt lat="52.94567251" lon="13.71770001">
        <ele>54.30769</ele>
        <time>2026-07-01T06:06:56.387Z</time>
      </trkpt>
      <trkpt lat="52.94600334" lon="13.71806334">
        <ele>54.30769</ele>
        <time>2026-07-01T06:07:05.739Z</time>
      </trkpt>
      <trkpt lat="52.94599806" lon="13.71821167">
        <ele>54.07692</ele>
        <time>2026-07-01T06:07:07.852Z</time>
      </trkpt>
      <trkpt lat="52.94659528" lon="13.71851084">
        <ele>53.92308</ele>
        <time>2026-07-01T06:07:22.555Z</time>
      </trkpt>
      <trkpt lat="52.94719556" lon="13.71875667">
        <ele>54.15385</ele>
        <time>2026-07-01T06:07:37.127Z</time>
      </trkpt>
      <trkpt lat="52.94992445" lon="13.71859417">
        <ele>54.30769</ele>
        <time>2026-07-01T06:08:41.478Z</time>
      </trkpt>
      <trkpt lat="52.95065862" lon="13.71863612">
        <ele>55.15385</ele>
        <time>2026-07-01T06:08:58.79Z</time>
      </trkpt>
      <trkpt lat="52.95151778" lon="13.71910334">
        <ele>55.61538</ele>
        <time>2026-07-01T06:09:20.099Z</time>
      </trkpt>
      <trkpt lat="52.95242417" lon="13.71980028">
        <ele>57.23077</ele>
        <time>2026-07-01T06:09:43.65Z</time>
      </trkpt>
      <trkpt lat="52.95321112" lon="13.72070112">
        <ele>58.38462</ele>
        <time>2026-07-01T06:10:06.196Z</time>
      </trkpt>
      <trkpt lat="52.95416723" lon="13.72155362">
        <ele>59.76923</ele>
        <time>2026-07-01T06:10:31.787Z</time>
      </trkpt>
      <trkpt lat="52.95405612" lon="13.72145584">
        <ele>61.38462</ele>
        <time>2026-07-01T06:10:34.751Z</time>
      </trkpt>
      <trkpt lat="52.95529445" lon="13.72138889">
        <ele>63.07692</ele>
        <time>2026-07-01T06:11:03.949Z</time>
      </trkpt>
      <trkpt lat="52.95606889" lon="13.72129556">
        <ele>64.38461</ele>
        <time>2026-07-01T06:11:22.248Z</time>
      </trkpt>
      <trkpt lat="52.95729639" lon="13.72127973">
        <ele>66.07692</ele>
        <time>2026-07-01T06:11:51.177Z</time>
      </trkpt>
      <trkpt lat="52.95795306" lon="13.72123084">
        <ele>68.53846</ele>
        <time>2026-07-01T06:12:06.668Z</time>
      </trkpt>
      <trkpt lat="52.95824612" lon="13.72146889">
        <ele>70.84615</ele>
        <time>2026-07-01T06:12:14.359Z</time>
      </trkpt>
      <trkpt lat="52.95849695" lon="13.72176028">
        <ele>73.23077</ele>
        <time>2026-07-01T06:12:21.577Z</time>
      </trkpt>
      <trkpt lat="52.95872" lon="13.72220723">
        <ele>76.30769</ele>
        <time>2026-07-01T06:12:29.822Z</time>
      </trkpt>
      <trkpt lat="52.95893723" lon="13.72267112">
        <ele>78.30769</ele>
        <time>2026-07-01T06:12:38.17Z</time>
      </trkpt>
      <trkpt lat="52.95929556" lon="13.72471056">
        <ele>80.53846</ele>
        <time>2026-07-01T06:13:08.396Z</time>
      </trkpt>
      <trkpt lat="52.95962056" lon="13.72582334">
        <ele>81.53846</ele>
        <time>2026-07-01T06:13:25.986Z</time>
      </trkpt>
      <trkpt lat="52.96000334" lon="13.72667639">
        <ele>83.38461</ele>
        <time>2026-07-01T06:13:41.11Z</time>
      </trkpt>
      <trkpt lat="52.96047945" lon="13.72819167">
        <ele>84.38461</ele>
        <time>2026-07-01T06:14:05.417Z</time>
      </trkpt>
      <trkpt lat="52.96068195" lon="13.73012306">
        <ele>86.38461</ele>
        <time>2026-07-01T06:14:33.312Z</time>
      </trkpt>
      <trkpt lat="52.96131528" lon="13.73446084">
        <ele>87.92308</ele>
        <time>2026-07-01T06:15:36.818Z</time>
      </trkpt>
      <trkpt lat="52.96126528" lon="13.73633945">
        <ele>89</ele>
        <time>2026-07-01T06:16:03.577Z</time>
      </trkpt>
      <trkpt lat="52.96130028" lon="13.73719445">
        <ele>89.69231</ele>
        <time>2026-07-01T06:16:15.772Z</time>
      </trkpt>
      <trkpt lat="52.96169945" lon="13.73845417">
        <ele>90</ele>
        <time>2026-07-01T06:16:36.016Z</time>
      </trkpt>
      <trkpt lat="52.96259945" lon="13.74140695">
        <ele>90.30769</ele>
        <time>2026-07-01T06:17:23.083Z</time>
      </trkpt>
      <trkpt lat="52.96342945" lon="13.74392028">
        <ele>90.23077</ele>
        <time>2026-07-01T06:18:03.846Z</time>
      </trkpt>
      <trkpt lat="52.96420417" lon="13.74479612">
        <ele>89.53846</ele>
        <time>2026-07-01T06:18:25.951Z</time>
      </trkpt>
      <trkpt lat="52.96533501" lon="13.74681084">
        <ele>89.30769</ele>
        <time>2026-07-01T06:19:05.092Z</time>
      </trkpt>
      <trkpt lat="52.96682917" lon="13.74898">
        <ele>89.23077</ele>
        <time>2026-07-01T06:19:51.916Z</time>
      </trkpt>
      <trkpt lat="52.96747056" lon="13.74987945">
        <ele>89.53846</ele>
        <time>2026-07-01T06:20:11.721Z</time>
      </trkpt>
      <trkpt lat="52.96749167" lon="13.74997028">
        <ele>89.61539</ele>
        <time>2026-07-01T06:20:13.104Z</time>
      </trkpt>
      <trkpt lat="52.96747056" lon="13.74987945">
        <ele>90.38461</ele>
        <time>2026-07-01T06:20:14.487Z</time>
      </trkpt>
      <trkpt lat="52.96774862" lon="13.75005778">
        <ele>89.92308</ele>
        <time>2026-07-01T06:20:21.513Z</time>
      </trkpt>
      <trkpt lat="52.96793167" lon="13.75024139">
        <ele>90.23077</ele>
        <time>2026-07-01T06:20:26.555Z</time>
      </trkpt>
      <trkpt lat="52.96825056" lon="13.75026334">
        <ele>90.92308</ele>
        <time>2026-07-01T06:20:34.077Z</time>
      </trkpt>
      <trkpt lat="52.96871945" lon="13.75019251">
        <ele>91.53846</ele>
        <time>2026-07-01T06:20:45.173Z</time>
      </trkpt>
      <trkpt lat="52.96931612" lon="13.74976167">
        <ele>92.15385</ele>
        <time>2026-07-01T06:21:00.509Z</time>
      </trkpt>
      <trkpt lat="52.97014751" lon="13.74881112">
        <ele>92.61539</ele>
        <time>2026-07-01T06:21:24.316Z</time>
      </trkpt>
      <trkpt lat="52.97023084" lon="13.74870389">
        <ele>92.69231</ele>
        <time>2026-07-01T06:21:26.802Z</time>
      </trkpt>
      <trkpt lat="52.97067139" lon="13.74808917">
        <ele>92.69231</ele>
        <time>2026-07-01T06:21:40.377Z</time>
      </trkpt>
      <trkpt lat="52.97101" lon="13.74738945">
        <ele>92.69231</ele>
        <time>2026-07-01T06:21:53.135Z</time>
      </trkpt>
      <trkpt lat="52.97114167" lon="13.74706834">
        <ele>92.61539</ele>
        <time>2026-07-01T06:21:58.653Z</time>
      </trkpt>
      <trkpt lat="52.97132167" lon="13.74641695">
        <ele>92.61539</ele>
        <time>2026-07-01T06:22:08.845Z</time>
      </trkpt>
      <trkpt lat="52.97182751" lon="13.74437362">
        <ele>92</ele>
        <time>2026-07-01T06:22:40.264Z</time>
      </trkpt>
      <trkpt lat="52.97231139" lon="13.74244945">
        <ele>91.07692</ele>
        <time>2026-07-01T06:23:09.918Z</time>
      </trkpt>
      <trkpt lat="52.97244862" lon="13.74211501">
        <ele>89.92308</ele>
        <time>2026-07-01T06:23:15.666Z</time>
      </trkpt>
      <trkpt lat="52.97255139" lon="13.74189945">
        <ele>88.61539</ele>
        <time>2026-07-01T06:23:19.571Z</time>
      </trkpt>
      <trkpt lat="52.97268806" lon="13.74181473">
        <ele>87.23077</ele>
        <time>2026-07-01T06:23:23.009Z</time>
      </trkpt>
      <trkpt lat="52.97420556" lon="13.74157">
        <ele>85.53846</ele>
        <time>2026-07-01T06:23:58.94Z</time>
      </trkpt>
      <trkpt lat="52.97558139" lon="13.74140084">
        <ele>84</ele>
        <time>2026-07-01T06:24:31.452Z</time>
      </trkpt>
      <trkpt lat="52.97634139" lon="13.74150695">
        <ele>82.61539</ele>
        <time>2026-07-01T06:24:49.426Z</time>
      </trkpt>
      <trkpt lat="52.97673389" lon="13.74167389">
        <ele>81.61539</ele>
        <time>2026-07-01T06:24:58.975Z</time>
      </trkpt>
      <trkpt lat="52.97666084" lon="13.74289167">
        <ele>80.69231</ele>
        <time>2026-07-01T06:25:16.383Z</time>
      </trkpt>
      <trkpt lat="52.97665917" lon="13.74389473">
        <ele>79.76923</ele>
        <time>2026-07-01T06:25:30.652Z</time>
      </trkpt>
      <trkpt lat="52.97795223" lon="13.74417028">
        <ele>78.76923</ele>
        <time>2026-07-01T06:26:01.375Z</time>
      </trkpt>
      <trkpt lat="52.97949917" lon="13.74476278">
        <ele>77.38461</ele>
        <time>2026-07-01T06:26:38.792Z</time>
      </trkpt>
      <trkpt lat="52.97956889" lon="13.74482889">
        <ele>76.46154</ele>
        <time>2026-07-01T06:26:40.685Z</time>
      </trkpt>
      <trkpt lat="52.97993695" lon="13.74481945">
        <ele>75.69231</ele>
        <time>2026-07-01T06:26:49.36Z</time>
      </trkpt>
      <trkpt lat="52.98022417" lon="13.74466723">
        <ele>75</ele>
        <time>2026-07-01T06:26:56.466Z</time>
      </trkpt>
      <trkpt lat="52.98041973" lon="13.74439">
        <ele>74.30769</ele>
        <time>2026-07-01T06:27:02.528Z</time>
      </trkpt>
      <trkpt lat="52.98056889" lon="13.74397695">
        <ele>73.61539</ele>
        <time>2026-07-01T06:27:09.368Z</time>
      </trkpt>
      <trkpt lat="52.98092639" lon="13.74307528">
        <ele>73.30769</ele>
        <time>2026-07-01T06:27:24.713Z</time>
      </trkpt>
      <trkpt lat="52.98145278" lon="13.74188751">
        <ele>72.92308</ele>
        <time>2026-07-01T06:27:45.673Z</time>
      </trkpt>
      <trkpt lat="52.9817925" lon="13.74125001">
        <ele>72.46154</ele>
        <time>2026-07-01T06:27:57.769Z</time>
      </trkpt>
      <trkpt lat="52.98229862" lon="13.74062751">
        <ele>71.92308</ele>
        <time>2026-07-01T06:28:12.623Z</time>
      </trkpt>
      <trkpt lat="52.9824875" lon="13.740495">
        <ele>71.38461</ele>
        <time>2026-07-01T06:28:17.456Z</time>
      </trkpt>
      <trkpt lat="52.98267334" lon="13.74044195">
        <ele>70.92308</ele>
        <time>2026-07-01T06:28:21.9Z</time>
      </trkpt>
      <trkpt lat="52.98390945" lon="13.74034862">
        <ele>70.61539</ele>
        <time>2026-07-01T06:28:51.061Z</time>
      </trkpt>
      <trkpt lat="52.98469723" lon="13.74151584">
        <ele>70.53846</ele>
        <time>2026-07-01T06:29:15.966Z</time>
      </trkpt>
      <trkpt lat="52.98604001" lon="13.74326806">
        <ele>70.69231</ele>
        <time>2026-07-01T06:29:56.245Z</time>
      </trkpt>
      <trkpt lat="52.98636" lon="13.74360584">
        <ele>71</ele>
        <time>2026-07-01T06:30:05.183Z</time>
      </trkpt>
      <trkpt lat="52.98665778" lon="13.74380278">
        <ele>71.53846</ele>
        <time>2026-07-01T06:30:12.738Z</time>
      </trkpt>
      <trkpt lat="52.98695695" lon="13.74376695">
        <ele>72</ele>
        <time>2026-07-01T06:30:19.807Z</time>
      </trkpt>
      <trkpt lat="52.98800417" lon="13.74347889">
        <ele>72.53846</ele>
        <time>2026-07-01T06:30:44.823Z</time>
      </trkpt>
      <trkpt lat="52.98844112" lon="13.74330528">
        <ele>72.84615</ele>
        <time>2026-07-01T06:30:55.412Z</time>
      </trkpt>
      <trkpt lat="52.99111528" lon="13.74258695">
        <ele>73.15385</ele>
        <time>2026-07-01T06:31:59.255Z</time>
      </trkpt>
      <trkpt lat="52.99219917" lon="13.74225084">
        <ele>73.15385</ele>
        <time>2026-07-01T06:32:25.241Z</time>
      </trkpt>
      <trkpt lat="52.99383028" lon="13.74162139">
        <ele>73.84615</ele>
        <time>2026-07-01T06:33:04.709Z</time>
      </trkpt>
      <trkpt lat="52.99419917" lon="13.74151084">
        <ele>74.76923</ele>
        <time>2026-07-01T06:33:13.543Z</time>
      </trkpt>
      <trkpt lat="52.99467973" lon="13.74170195">
        <ele>75.46154</ele>
        <time>2026-07-01T06:33:25.189Z</time>
      </trkpt>
      <trkpt lat="52.99597528" lon="13.74267584">
        <ele>76.92308</ele>
        <time>2026-07-01T06:33:58.714Z</time>
      </trkpt>
      <trkpt lat="52.99777417" lon="13.74418056">
        <ele>77.84615</ele>
        <time>2026-07-01T06:34:46.2Z</time>
      </trkpt>
      <trkpt lat="53.00095084" lon="13.74680945">
        <ele>78.38461</ele>
        <time>2026-07-01T06:36:09.875Z</time>
      </trkpt>
      <trkpt lat="53.00263195" lon="13.74808973">
        <ele>78.84615</ele>
        <time>2026-07-01T06:36:53.474Z</time>
      </trkpt>
      <trkpt lat="53.00390001" lon="13.74912778">
        <ele>79.15385</ele>
        <time>2026-07-01T06:37:26.803Z</time>
      </trkpt>
      <trkpt lat="53.00529889" lon="13.74977862">
        <ele>79.38461</ele>
        <time>2026-07-01T06:38:01.043Z</time>
      </trkpt>
      <trkpt lat="53.00682945" lon="13.75045667">
        <ele>78.92308</ele>
        <time>2026-07-01T06:38:38.379Z</time>
      </trkpt>
      <trkpt lat="53.00732417" lon="13.75079001">
        <ele>78.84615</ele>
        <time>2026-07-01T06:38:50.962Z</time>
      </trkpt>
      <trkpt lat="53.00771389" lon="13.75111501">
        <ele>78.92308</ele>
        <time>2026-07-01T06:39:01.24Z</time>
      </trkpt>
      <trkpt lat="53.00815389" lon="13.75156667">
        <ele>79.46154</ele>
        <time>2026-07-01T06:39:13.432Z</time>
      </trkpt>
      <trkpt lat="53.00857945" lon="13.7519625">
        <ele>79.61539</ele>
        <time>2026-07-01T06:39:24.928Z</time>
      </trkpt>
      <trkpt lat="53.00940167" lon="13.75202889">
        <ele>79.53846</ele>
        <time>2026-07-01T06:39:44.328Z</time>
      </trkpt>
      <trkpt lat="53.01082445" lon="13.75222084">
        <ele>79.07692</ele>
        <time>2026-07-01T06:40:17.969Z</time>
      </trkpt>
      <trkpt lat="53.01122945" lon="13.75234139">
        <ele>77.53846</ele>
        <time>2026-07-01T06:40:27.666Z</time>
      </trkpt>
      <trkpt lat="53.01162251" lon="13.75258139">
        <ele>75.69231</ele>
        <time>2026-07-01T06:40:37.536Z</time>
      </trkpt>
      <trkpt lat="53.01164584" lon="13.75267778">
        <ele>75.51212</ele>
        <time>2026-07-01T06:40:39.011Z</time>
      </trkpt>
      <trkpt lat="53.01243584" lon="13.75347723">
        <ele>72.84615</ele>
        <time>2026-07-01T06:41:00.822Z</time>
      </trkpt>
      <trkpt lat="53.01426806" lon="13.75694751">
        <ele>71.76923</ele>
        <time>2026-07-01T06:42:06.375Z</time>
      </trkpt>
      <trkpt lat="53.0149225" lon="13.75879612">
        <ele>70.92308</ele>
        <time>2026-07-01T06:42:36.841Z</time>
      </trkpt>
      <trkpt lat="53.01544862" lon="13.75956473">
        <ele>70.92308</ele>
        <time>2026-07-01T06:42:53.365Z</time>
      </trkpt>
      <trkpt lat="53.01604028" lon="13.75977195">
        <ele>70.53846</ele>
        <time>2026-07-01T06:43:07.615Z</time>
      </trkpt>
      <trkpt lat="53.01827306" lon="13.75966306">
        <ele>69.76923</ele>
        <time>2026-07-01T06:44:00.257Z</time>
      </trkpt>
      <trkpt lat="53.02172862" lon="13.76004417">
        <ele>68.92308</ele>
        <time>2026-07-01T06:45:21.872Z</time>
      </trkpt>
      <trkpt lat="53.02240695" lon="13.76025056">
        <ele>68</ele>
        <time>2026-07-01T06:45:38.124Z</time>
      </trkpt>
      <trkpt lat="53.02391612" lon="13.76106723">
        <ele>67</ele>
        <time>2026-07-01T06:46:15.535Z</time>
      </trkpt>
      <trkpt lat="53.02427945" lon="13.76153223">
        <ele>66.38461</ele>
        <time>2026-07-01T06:46:26.345Z</time>
      </trkpt>
      <trkpt lat="53.02456251" lon="13.76294195">
        <ele>65.92308</ele>
        <time>2026-07-01T06:46:47.458Z</time>
      </trkpt>
      <trkpt lat="53.02533528" lon="13.76346889">
        <ele>66.15385</ele>
        <time>2026-07-01T06:47:07.149Z</time>
      </trkpt>
      <trkpt lat="53.02504723" lon="13.76479806">
        <ele>66.07692</ele>
        <time>2026-07-01T06:47:27.218Z</time>
      </trkpt>
      <trkpt lat="53.02469389" lon="13.76655167">
        <ele>65.30769</ele>
        <time>2026-07-01T06:47:53.49Z</time>
      </trkpt>
      <trkpt lat="53.02420389" lon="13.76880806">
        <ele>64.61539</ele>
        <time>2026-07-01T06:48:27.568Z</time>
      </trkpt>
      <trkpt lat="53.02384389" lon="13.77036028">
        <ele>63.84615</ele>
        <time>2026-07-01T06:48:51.2Z</time>
      </trkpt>
      <trkpt lat="53.02330278" lon="13.77304056">
        <ele>63.07692</ele>
        <time>2026-07-01T06:49:31.364Z</time>
      </trkpt>
      <trkpt lat="53.02272084" lon="13.77441195">
        <ele>62.61538</ele>
        <time>2026-07-01T06:49:55.193Z</time>
      </trkpt>
      <trkpt lat="53.02234445" lon="13.77542639">
        <ele>62.23077</ele>
        <time>2026-07-01T06:50:12.119Z</time>
      </trkpt>
      <trkpt lat="53.02220584" lon="13.77628334">
        <ele>62.61538</ele>
        <time>2026-07-01T06:50:24.727Z</time>
      </trkpt>
      <trkpt lat="53.02274556" lon="13.77873028">
        <ele>62.61538</ele>
        <time>2026-07-01T06:51:01.751Z</time>
      </trkpt>
      <trkpt lat="53.02298473" lon="13.78019">
        <ele>62.53846</ele>
        <time>2026-07-01T06:51:23.245Z</time>
      </trkpt>
      <trkpt lat="53.02258445" lon="13.78207862">
        <ele>64</ele>
        <time>2026-07-01T06:51:51.692Z</time>
      </trkpt>
      <trkpt lat="53.02259251" lon="13.7838625">
        <ele>65.53846</ele>
        <time>2026-07-01T06:52:17.041Z</time>
      </trkpt>
      <trkpt lat="53.02272528" lon="13.78522889">
        <ele>66.69231</ele>
        <time>2026-07-01T06:52:36.708Z</time>
      </trkpt>
      <trkpt lat="53.02183528" lon="13.79018806">
        <ele>68.07692</ele>
        <time>2026-07-01T06:53:50.233Z</time>
      </trkpt>
      <trkpt lat="53.02159695" lon="13.79138778">
        <ele>69.46154</ele>
        <time>2026-07-01T06:54:08.183Z</time>
      </trkpt>
      <trkpt lat="53.02120362" lon="13.79485917">
        <ele>70.61539</ele>
        <time>2026-07-01T06:54:58.376Z</time>
      </trkpt>
      <trkpt lat="53.02082417" lon="13.79625362">
        <ele>71.53846</ele>
        <time>2026-07-01T06:55:20.116Z</time>
      </trkpt>
      <trkpt lat="53.01990334" lon="13.79784167">
        <ele>71.76923</ele>
        <time>2026-07-01T06:55:51.424Z</time>
      </trkpt>
      <trkpt lat="53.0193525" lon="13.79897112">
        <ele>72.92308</ele>
        <time>2026-07-01T06:56:12.067Z</time>
      </trkpt>
      <trkpt lat="53.01913806" lon="13.80208306">
        <ele>73.46154</ele>
        <time>2026-07-01T06:56:56.578Z</time>
      </trkpt>
      <trkpt lat="53.01898278" lon="13.80508862">
        <ele>73.69231</ele>
        <time>2026-07-01T06:57:39.447Z</time>
      </trkpt>
      <trkpt lat="53.01902667" lon="13.80715251">
        <ele>73.46154</ele>
        <time>2026-07-01T06:58:08.795Z</time>
      </trkpt>
      <trkpt lat="53.01901806" lon="13.80812889">
        <ele>73.23077</ele>
        <time>2026-07-01T06:58:22.672Z</time>
      </trkpt>
      <trkpt lat="53.01864417" lon="13.81050056">
        <ele>71.38461</ele>
        <time>2026-07-01T06:58:57.509Z</time>
      </trkpt>
      <trkpt lat="53.01832612" lon="13.81417167">
        <ele>69.30769</ele>
        <time>2026-07-01T06:59:50.216Z</time>
      </trkpt>
      <trkpt lat="53.01813834" lon="13.81662945">
        <ele>68.07692</ele>
        <time>2026-07-01T07:00:25.423Z</time>
      </trkpt>
      <trkpt lat="53.01901556" lon="13.81729028">
        <ele>67.07692</ele>
        <time>2026-07-01T07:00:48.129Z</time>
      </trkpt>
      <trkpt lat="53.02045778" lon="13.81734584">
        <ele>66.15385</ele>
        <time>2026-07-01T07:01:22.126Z</time>
      </trkpt>
      <trkpt lat="53.02122084" lon="13.81765889">
        <ele>65.61539</ele>
        <time>2026-07-01T07:01:40.649Z</time>
      </trkpt>
      <trkpt lat="53.02186889" lon="13.81780973">
        <ele>65.38461</ele>
        <time>2026-07-01T07:01:56.071Z</time>
      </trkpt>
      <trkpt lat="53.02273278" lon="13.81879389">
        <ele>65.53846</ele>
        <time>2026-07-01T07:02:20.77Z</time>
      </trkpt>
      <trkpt lat="53.02327667" lon="13.81968945">
        <ele>64.76923</ele>
        <time>2026-07-01T07:02:38.832Z</time>
      </trkpt>
      <trkpt lat="53.02329667" lon="13.82055028">
        <ele>64.69231</ele>
        <time>2026-07-01T07:02:51.073Z</time>
      </trkpt>
      <trkpt lat="53.02339528" lon="13.82076334">
        <ele>64.07692</ele>
        <time>2026-07-01T07:02:54.887Z</time>
      </trkpt>
      <trkpt lat="53.02259362" lon="13.82355528">
        <ele>64.61539</ele>
        <time>2026-07-01T07:03:38.828Z</time>
      </trkpt>
      <trkpt lat="53.02221862" lon="13.82514806">
        <ele>65.46154</ele>
        <time>2026-07-01T07:04:03.125Z</time>
      </trkpt>
      <trkpt lat="53.02202973" lon="13.82633001">
        <ele>66.53846</ele>
        <time>2026-07-01T07:04:20.5Z</time>
      </trkpt>
      <trkpt lat="53.02192945" lon="13.82696834">
        <ele>68.38461</ele>
        <time>2026-07-01T07:04:29.874Z</time>
      </trkpt>
      <trkpt lat="53.02167751" lon="13.82747417">
        <ele>69.69231</ele>
        <time>2026-07-01T07:04:39.197Z</time>
      </trkpt>
      <trkpt lat="53.02142834" lon="13.82882195">
        <ele>70.76923</ele>
        <time>2026-07-01T07:04:59.229Z</time>
      </trkpt>
      <trkpt lat="53.02172389" lon="13.82983473">
        <ele>72.23077</ele>
        <time>2026-07-01T07:05:15.218Z</time>
      </trkpt>
      <trkpt lat="53.02272806" lon="13.83259278">
        <ele>72.76923</ele>
        <time>2026-07-01T07:06:01Z</time>
      </trkpt>
      <trkpt lat="53.02307112" lon="13.83376945">
        <ele>72.84615</ele>
        <time>2026-07-01T07:06:19.572Z</time>
      </trkpt>
      <trkpt lat="53.02356195" lon="13.83855973">
        <ele>72.46154</ele>
        <time>2026-07-01T07:07:28.616Z</time>
      </trkpt>
      <trkpt lat="53.02373278" lon="13.84363945">
        <ele>73.07692</ele>
        <time>2026-07-01T07:08:40.908Z</time>
      </trkpt>
      <trkpt lat="53.02390889" lon="13.84459667">
        <ele>72.92308</ele>
        <time>2026-07-01T07:08:55.129Z</time>
      </trkpt>
      <trkpt lat="53.02419612" lon="13.84824362">
        <ele>72.84615</ele>
        <time>2026-07-01T07:09:47.39Z</time>
      </trkpt>
      <trkpt lat="53.02451445" lon="13.84950445">
        <ele>72.30769</ele>
        <time>2026-07-01T07:10:06.813Z</time>
      </trkpt>
      <trkpt lat="53.02490389" lon="13.84986945">
        <ele>71.61539</ele>
        <time>2026-07-01T07:10:17.352Z</time>
      </trkpt>
      <trkpt lat="53.02527584" lon="13.85018556">
        <ele>70.76923</ele>
        <time>2026-07-01T07:10:27.199Z</time>
      </trkpt>
      <trkpt lat="53.02529806" lon="13.85101862">
        <ele>69.15385</ele>
        <time>2026-07-01T07:10:39.047Z</time>
      </trkpt>
      <trkpt lat="53.02511278" lon="13.85204389">
        <ele>67.61539</ele>
        <time>2026-07-01T07:10:54.255Z</time>
      </trkpt>
      <trkpt lat="53.02487139" lon="13.85314917">
        <ele>66</ele>
        <time>2026-07-01T07:11:10.959Z</time>
      </trkpt>
      <trkpt lat="53.02470473" lon="13.85491223">
        <ele>63.76923</ele>
        <time>2026-07-01T07:11:36.317Z</time>
      </trkpt>
      <trkpt lat="53.02453167" lon="13.85628362">
        <ele>62.53846</ele>
        <time>2026-07-01T07:11:56.226Z</time>
      </trkpt>
      <trkpt lat="53.02429306" lon="13.85775778">
        <ele>61.38462</ele>
        <time>2026-07-01T07:12:17.914Z</time>
      </trkpt>
      <trkpt lat="53.02412667" lon="13.85887389">
        <ele>61.46154</ele>
        <time>2026-07-01T07:12:34.251Z</time>
      </trkpt>
      <trkpt lat="53.02417639" lon="13.85973445">
        <ele>59.30769</ele>
        <time>2026-07-01T07:12:46.535Z</time>
      </trkpt>
      <trkpt lat="53.02446695" lon="13.86139167">
        <ele>58.15385</ele>
        <time>2026-07-01T07:13:11.058Z</time>
      </trkpt>
      <trkpt lat="53.02447167" lon="13.86240084">
        <ele>57.15385</ele>
        <time>2026-07-01T07:13:25.398Z</time>
      </trkpt>
      <trkpt lat="53.0243075" lon="13.86433501">
        <ele>55.84615</ele>
        <time>2026-07-01T07:13:53.152Z</time>
      </trkpt>
      <trkpt lat="53.02412306" lon="13.86634528">
        <ele>54.46154</ele>
        <time>2026-07-01T07:14:22.045Z</time>
      </trkpt>
      <trkpt lat="53.02451834" lon="13.86953306">
        <ele>53.69231</ele>
        <time>2026-07-01T07:15:08.289Z</time>
      </trkpt>
      <trkpt lat="53.02466528" lon="13.87143278">
        <ele>52.84615</ele>
        <time>2026-07-01T07:15:35.504Z</time>
      </trkpt>
      <trkpt lat="53.0248825" lon="13.87407862">
        <ele>52.61538</ele>
        <time>2026-07-01T07:16:13.446Z</time>
      </trkpt>
      <trkpt lat="53.02515806" lon="13.87569556">
        <ele>52.61538</ele>
        <time>2026-07-01T07:16:37.321Z</time>
      </trkpt>
      <trkpt lat="53.02548251" lon="13.87763028">
        <ele>52.38462</ele>
        <time>2026-07-01T07:17:05.855Z</time>
      </trkpt>
      <trkpt lat="53.02567528" lon="13.88083167">
        <ele>51.69231</ele>
        <time>2026-07-01T07:17:51.569Z</time>
      </trkpt>
      <trkpt lat="53.02578417" lon="13.88321862">
        <ele>51.30769</ele>
        <time>2026-07-01T07:18:25.582Z</time>
      </trkpt>
      <trkpt lat="53.02566251" lon="13.88659473">
        <ele>50.53846</ele>
        <time>2026-07-01T07:19:13.638Z</time>
      </trkpt>
      <trkpt lat="53.02566001" lon="13.88970917">
        <ele>50.92308</ele>
        <time>2026-07-01T07:19:57.891Z</time>
      </trkpt>
      <trkpt lat="53.025625" lon="13.89187056">
        <ele>51.61538</ele>
        <time>2026-07-01T07:20:28.613Z</time>
      </trkpt>
      <trkpt lat="53.02488473" lon="13.89755195">
        <ele>52</ele>
        <time>2026-07-01T07:21:51.203Z</time>
      </trkpt>
      <trkpt lat="53.02479278" lon="13.90142723">
        <ele>52.38462</ele>
        <time>2026-07-01T07:22:46.31Z</time>
      </trkpt>
      <trkpt lat="53.02483112" lon="13.90188306">
        <ele>54.61538</ele>
        <time>2026-07-01T07:22:52.842Z</time>
      </trkpt>
      <trkpt lat="53.02577473" lon="13.90233889">
        <ele>56</ele>
        <time>2026-07-01T07:23:16.002Z</time>
      </trkpt>
      <trkpt lat="53.02592528" lon="13.90309695">
        <ele>56.30769</ele>
        <time>2026-07-01T07:23:27.342Z</time>
      </trkpt>
      <trkpt lat="53.02641528" lon="13.90601278">
        <ele>56.92308</ele>
        <time>2026-07-01T07:24:10.351Z</time>
      </trkpt>
      <trkpt lat="53.02735417" lon="13.91082973">
        <ele>57.53846</ele>
        <time>2026-07-01T07:25:22.28Z</time>
      </trkpt>
      <trkpt lat="53.02849112" lon="13.91638612">
        <ele>58.38462</ele>
        <time>2026-07-01T07:26:45.649Z</time>
      </trkpt>
      <trkpt lat="53.02928584" lon="13.92045417">
        <ele>59.84615</ele>
        <time>2026-07-01T07:27:46.406Z</time>
      </trkpt>
      <trkpt lat="53.02961528" lon="13.92404112">
        <ele>60.92308</ele>
        <time>2026-07-01T07:28:37.956Z</time>
      </trkpt>
      <trkpt lat="53.03001195" lon="13.92520084">
        <ele>60.46154</ele>
        <time>2026-07-01T07:28:56.9Z</time>
      </trkpt>
      <trkpt lat="53.03134945" lon="13.92792973">
        <ele>59.92308</ele>
        <time>2026-07-01T07:29:46.866Z</time>
      </trkpt>
      <trkpt lat="53.03389556" lon="13.93121334">
        <ele>58.69231</ele>
        <time>2026-07-01T07:31:02.869Z</time>
      </trkpt>
      <trkpt lat="53.03552056" lon="13.93486501">
        <ele>57.38462</ele>
        <time>2026-07-01T07:32:07.348Z</time>
      </trkpt>
      <trkpt lat="53.03643389" lon="13.93694473">
        <ele>56.46154</ele>
        <time>2026-07-01T07:32:43.901Z</time>
      </trkpt>
      <trkpt lat="53.03690584" lon="13.938635">
        <ele>55</ele>
        <time>2026-07-01T07:33:10.363Z</time>
      </trkpt>
      <trkpt lat="53.03716167" lon="13.94103389">
        <ele>53.53846</ele>
        <time>2026-07-01T07:33:44.969Z</time>
      </trkpt>
      <trkpt lat="53.03733445" lon="13.94203945">
        <ele>53.07692</ele>
        <time>2026-07-01T07:33:59.822Z</time>
      </trkpt>
      <trkpt lat="53.03750834" lon="13.94258112">
        <ele>51.61538</ele>
        <time>2026-07-01T07:34:08.54Z</time>
      </trkpt>
      <trkpt lat="53.04098612" lon="13.94255084">
        <ele>50.07692</ele>
        <time>2026-07-01T07:35:30.501Z</time>
      </trkpt>
      <trkpt lat="53.04362889" lon="13.9425625">
        <ele>48.92308</ele>
        <time>2026-07-01T07:36:32.783Z</time>
      </trkpt>
      <trkpt lat="53.04750417" lon="13.94239306">
        <ele>47.30769</ele>
        <time>2026-07-01T07:38:04.142Z</time>
      </trkpt>
      <trkpt lat="53.04997195" lon="13.94228612">
        <ele>46.84615</ele>
        <time>2026-07-01T07:39:02.319Z</time>
      </trkpt>
      <trkpt lat="53.05174389" lon="13.94222556">
        <ele>47.07692</ele>
        <time>2026-07-01T07:39:44.087Z</time>
      </trkpt>
      <trkpt lat="53.05313528" lon="13.94116695">
        <ele>47.07692</ele>
        <time>2026-07-01T07:40:20.159Z</time>
      </trkpt>
      <trkpt lat="53.05369889" lon="13.94078806">
        <ele>47.53846</ele>
        <time>2026-07-01T07:40:34.487Z</time>
      </trkpt>
      <trkpt lat="53.05409417" lon="13.94052695">
        <ele>49.15385</ele>
        <time>2026-07-01T07:40:44.512Z</time>
      </trkpt>
      <trkpt lat="53.05477973" lon="13.93979056">
        <ele>50.69231</ele>
        <time>2026-07-01T07:41:03.757Z</time>
      </trkpt>
      <trkpt lat="53.05582917" lon="13.93872112">
        <ele>50.69231</ele>
        <time>2026-07-01T07:41:32.779Z</time>
      </trkpt>
      <trkpt lat="53.05677278" lon="13.93841862">
        <ele>50.76923</ele>
        <time>2026-07-01T07:41:55.427Z</time>
      </trkpt>
      <trkpt lat="53.05863751" lon="13.93763973">
        <ele>51.69231</ele>
        <time>2026-07-01T07:42:40.743Z</time>
      </trkpt>
      <trkpt lat="53.05938473" lon="13.93690778">
        <ele>52.38462</ele>
        <time>2026-07-01T07:43:01.19Z</time>
      </trkpt>
      <trkpt lat="53.05985028" lon="13.93613556">
        <ele>53.15385</ele>
        <time>2026-07-01T07:43:16.701Z</time>
      </trkpt>
      <trkpt lat="53.06042751" lon="13.93549751">
        <ele>54</ele>
        <time>2026-07-01T07:43:33.045Z</time>
      </trkpt>
      <trkpt lat="53.06054278" lon="13.93486834">
        <ele>55.69231</ele>
        <time>2026-07-01T07:43:42.382Z</time>
      </trkpt>
      <trkpt lat="53.06146584" lon="13.93411445">
        <ele>55.61538</ele>
        <time>2026-07-01T07:44:06.626Z</time>
      </trkpt>
      <trkpt lat="53.06205806" lon="13.93368334">
        <ele>55.46154</ele>
        <time>2026-07-01T07:44:21.863Z</time>
      </trkpt>
      <trkpt lat="53.06304917" lon="13.93257389">
        <ele>56.92308</ele>
        <time>2026-07-01T07:44:50.035Z</time>
      </trkpt>
      <trkpt lat="53.06364723" lon="13.93393917">
        <ele>57.84615</ele>
        <time>2026-07-01T07:45:14Z</time>
      </trkpt>
      <trkpt lat="53.06400612" lon="13.93437251">
        <ele>58</ele>
        <time>2026-07-01T07:45:24.454Z</time>
      </trkpt>
      <trkpt lat="53.06470473" lon="13.93455028">
        <ele>58.76923</ele>
        <time>2026-07-01T07:45:41.11Z</time>
      </trkpt>
      <trkpt lat="53.06538612" lon="13.93417584">
        <ele>58.92308</ele>
        <time>2026-07-01T07:45:58.023Z</time>
      </trkpt>
      <trkpt lat="53.06577056" lon="13.93365167">
        <ele>59.53846</ele>
        <time>2026-07-01T07:46:09.747Z</time>
      </trkpt>
      <trkpt lat="53.06615389" lon="13.93325084">
        <ele>59.30769</ele>
        <time>2026-07-01T07:46:20.42Z</time>
      </trkpt>
      <trkpt lat="53.06643" lon="13.93193195">
        <ele>59.46154</ele>
        <time>2026-07-01T07:46:40.241Z</time>
      </trkpt>
      <trkpt lat="53.06729417" lon="13.93087362">
        <ele>59.30769</ele>
        <time>2026-07-01T07:47:05.548Z</time>
      </trkpt>
      <trkpt lat="53.06821001" lon="13.92910306">
        <ele>58.84615</ele>
        <time>2026-07-01T07:47:38.677Z</time>
      </trkpt>
      <trkpt lat="53.06953278" lon="13.92579">
        <ele>57.61538</ele>
        <time>2026-07-01T07:48:35.099Z</time>
      </trkpt>
      <trkpt lat="53.0701775" lon="13.92415">
        <ele>57.53846</ele>
        <time>2026-07-01T07:49:02.897Z</time>
      </trkpt>
      <trkpt lat="53.07096473" lon="13.92199056">
        <ele>58.38462</ele>
        <time>2026-07-01T07:49:38.726Z</time>
      </trkpt>
      <trkpt lat="53.07170917" lon="13.9215825">
        <ele>57.38462</ele>
        <time>2026-07-01T07:49:57.199Z</time>
      </trkpt>
      <trkpt lat="53.07252028" lon="13.92143084">
        <ele>57</ele>
        <time>2026-07-01T07:50:16.435Z</time>
      </trkpt>
      <trkpt lat="53.07343028" lon="13.92240778">
        <ele>56.61538</ele>
        <time>2026-07-01T07:50:41.973Z</time>
      </trkpt>
      <trkpt lat="53.07400389" lon="13.92315612">
        <ele>55.38462</ele>
        <time>2026-07-01T07:50:59.165Z</time>
      </trkpt>
      <trkpt lat="53.07468167" lon="13.92322723">
        <ele>55.23077</ele>
        <time>2026-07-01T07:51:15.17Z</time>
      </trkpt>
      <trkpt lat="53.07365112" lon="13.92071862">
        <ele>55.46154</ele>
        <time>2026-07-01T07:51:58.269Z</time>
      </trkpt>
      <trkpt lat="53.07289639" lon="13.91895028">
        <ele>55.76923</ele>
        <time>2026-07-01T07:52:29.031Z</time>
      </trkpt>
      <trkpt lat="53.07366695" lon="13.91769667">
        <ele>55.84615</ele>
        <time>2026-07-01T07:52:54.454Z</time>
      </trkpt>
      <trkpt lat="53.07510445" lon="13.91652084">
        <ele>56.07692</ele>
        <time>2026-07-01T07:53:32.219Z</time>
      </trkpt>
      <trkpt lat="53.07582862" lon="13.91587778">
        <ele>56.30769</ele>
        <time>2026-07-01T07:53:51.572Z</time>
      </trkpt>
      <trkpt lat="53.07646" lon="13.91514112">
        <ele>56.23077</ele>
        <time>2026-07-01T07:54:09.757Z</time>
      </trkpt>
      <trkpt lat="53.07744528" lon="13.9140325">
        <ele>55.84615</ele>
        <time>2026-07-01T07:54:37.805Z</time>
      </trkpt>
      <trkpt lat="53.07817028" lon="13.91342612">
        <ele>55.07692</ele>
        <time>2026-07-01T07:54:56.936Z</time>
      </trkpt>
      <trkpt lat="53.07872139" lon="13.91264584">
        <ele>54.46154</ele>
        <time>2026-07-01T07:55:14.004Z</time>
      </trkpt>
      <trkpt lat="53.07930306" lon="13.91136751">
        <ele>53.38462</ele>
        <time>2026-07-01T07:55:36.742Z</time>
      </trkpt>
      <trkpt lat="53.07971306" lon="13.91048028">
        <ele>53.15385</ele>
        <time>2026-07-01T07:55:52.613Z</time>
      </trkpt>
      <trkpt lat="53.08009528" lon="13.90967834">
        <ele>53.23077</ele>
        <time>2026-07-01T07:56:07.127Z</time>
      </trkpt>
      <trkpt lat="53.08032667" lon="13.90886084">
        <ele>53.38462</ele>
        <time>2026-07-01T07:56:19.946Z</time>
      </trkpt>
      <trkpt lat="53.08053973" lon="13.90794945">
        <ele>52.92308</ele>
        <time>2026-07-01T07:56:33.82Z</time>
      </trkpt>
      <trkpt lat="53.08248223" lon="13.90466584">
        <ele>52.61538</ele>
        <time>2026-07-01T07:57:39.141Z</time>
      </trkpt>
      <trkpt lat="53.08420084" lon="13.90091723">
        <ele>53</ele>
        <time>2026-07-01T07:58:45.998Z</time>
      </trkpt>
      <trkpt lat="53.08719306" lon="13.89448528">
        <ele>53.46154</ele>
        <time>2026-07-01T08:00:41.331Z</time>
      </trkpt>
      <trkpt lat="53.08753028" lon="13.89377">
        <ele>53.92308</ele>
        <time>2026-07-01T08:00:54.221Z</time>
      </trkpt>
      <trkpt lat="53.08900112" lon="13.89145806">
        <ele>55</ele>
        <time>2026-07-01T08:01:41.944Z</time>
      </trkpt>
      <trkpt lat="53.08999723" lon="13.88996362">
        <ele>56.38462</ele>
        <time>2026-07-01T08:02:13.577Z</time>
      </trkpt>
      <trkpt lat="53.09169973" lon="13.88738528">
        <ele>58</ele>
        <time>2026-07-01T08:03:07.872Z</time>
      </trkpt>
      <trkpt lat="53.09459167" lon="13.88568278">
        <ele>60</ele>
        <time>2026-07-01T08:04:20.179Z</time>
      </trkpt>
      <trkpt lat="53.09476306" lon="13.88537695">
        <ele>62.07692</ele>
        <time>2026-07-01T08:04:26.103Z</time>
      </trkpt>
      <trkpt lat="53.09477528" lon="13.88545334">
        <ele>62.1782</ele>
        <time>2026-07-01T08:04:27.223Z</time>
      </trkpt>
      <trkpt lat="53.09465251" lon="13.88386417">
        <ele>64.23077</ele>
        <time>2026-07-01T08:04:49.952Z</time>
      </trkpt>
      <trkpt lat="53.09455028" lon="13.88109473">
        <ele>65.30769</ele>
        <time>2026-07-01T08:05:29.314Z</time>
      </trkpt>
      <trkpt lat="53.09448695" lon="13.87878556">
        <ele>66.30769</ele>
        <time>2026-07-01T08:06:02.106Z</time>
      </trkpt>
      <trkpt lat="53.09444889" lon="13.87799473">
        <ele>67.23077</ele>
        <time>2026-07-01T08:06:13.361Z</time>
      </trkpt>
      <trkpt lat="53.09426195" lon="13.87728389">
        <ele>67.84615</ele>
        <time>2026-07-01T08:06:24.366Z</time>
      </trkpt>
      <trkpt lat="53.09384334" lon="13.87638084">
        <ele>68.61539</ele>
        <time>2026-07-01T08:06:40.535Z</time>
      </trkpt>
      <trkpt lat="53.09339084" lon="13.87530251">
        <ele>69.23077</ele>
        <time>2026-07-01T08:06:59.183Z</time>
      </trkpt>
      <trkpt lat="53.09314278" lon="13.87406389">
        <ele>69.23077</ele>
        <time>2026-07-01T08:07:17.702Z</time>
      </trkpt>
      <trkpt lat="53.09315195" lon="13.87315223">
        <ele>68.69231</ele>
        <time>2026-07-01T08:07:30.637Z</time>
      </trkpt>
      <trkpt lat="53.0934325" lon="13.87242223">
        <ele>68.15385</ele>
        <time>2026-07-01T08:07:42.924Z</time>
      </trkpt>
      <trkpt lat="53.09376223" lon="13.87195556">
        <ele>67.69231</ele>
        <time>2026-07-01T08:07:53.127Z</time>
      </trkpt>
      <trkpt lat="53.09432139" lon="13.87125695">
        <ele>67.23077</ele>
        <time>2026-07-01T08:08:09.616Z</time>
      </trkpt>
      <trkpt lat="53.09486056" lon="13.87025223">
        <ele>66.76923</ele>
        <time>2026-07-01T08:08:28.711Z</time>
      </trkpt>
      <trkpt lat="53.09513" lon="13.86984723">
        <ele>66.53846</ele>
        <time>2026-07-01T08:08:37.27Z</time>
      </trkpt>
      <trkpt lat="53.09642001" lon="13.86937">
        <ele>66.30769</ele>
        <time>2026-07-01T08:09:08.416Z</time>
      </trkpt>
      <trkpt lat="53.09840278" lon="13.86882612">
        <ele>66.30769</ele>
        <time>2026-07-01T08:09:55.776Z</time>
      </trkpt>
      <trkpt lat="53.09964001" lon="13.86866278">
        <ele>66.30769</ele>
        <time>2026-07-01T08:10:25.025Z</time>
      </trkpt>
      <trkpt lat="53.09970556" lon="13.86861723">
        <ele>66.23077</ele>
        <time>2026-07-01T08:10:26.699Z</time>
      </trkpt>
      <trkpt lat="53.10111" lon="13.86749528">
        <ele>66.38461</ele>
        <time>2026-07-01T08:11:03.424Z</time>
      </trkpt>
      <trkpt lat="53.10366084" lon="13.86654695">
        <ele>66.53846</ele>
        <time>2026-07-01T08:12:05.026Z</time>
      </trkpt>
      <trkpt lat="53.10477056" lon="13.8664475">
        <ele>67.76923</ele>
        <time>2026-07-01T08:12:31.217Z</time>
      </trkpt>
      <trkpt lat="53.10535278" lon="13.86618362">
        <ele>69.53846</ele>
        <time>2026-07-01T08:12:45.438Z</time>
      </trkpt>
      <trkpt lat="53.10615917" lon="13.86539862">
        <ele>70.84615</ele>
        <time>2026-07-01T08:13:07.463Z</time>
      </trkpt>
      <trkpt lat="53.10730112" lon="13.86475556">
        <ele>72.30769</ele>
        <time>2026-07-01T08:13:35.879Z</time>
      </trkpt>
      <trkpt lat="53.10783084" lon="13.86387973">
        <ele>73.30769</ele>
        <time>2026-07-01T08:13:53.489Z</time>
      </trkpt>
      <trkpt lat="53.10766695" lon="13.86400945">
        <ele>74.23077</ele>
        <time>2026-07-01T08:13:57.766Z</time>
      </trkpt>
      <trkpt lat="53.10831362" lon="13.86331389">
        <ele>74.92308</ele>
        <time>2026-07-01T08:14:15.92Z</time>
      </trkpt>
      <trkpt lat="53.10859695" lon="13.86279028">
        <ele>75.84615</ele>
        <time>2026-07-01T08:14:25.906Z</time>
      </trkpt>
      <trkpt lat="53.10889973" lon="13.86197112">
        <ele>76.46154</ele>
        <time>2026-07-01T08:14:39.539Z</time>
      </trkpt>
      <trkpt lat="53.10898223" lon="13.86130528">
        <ele>78.23077</ele>
        <time>2026-07-01T08:14:49.18Z</time>
      </trkpt>
      <trkpt lat="53.10917751" lon="13.86085778">
        <ele>79.07692</ele>
        <time>2026-07-01T08:14:57.013Z</time>
      </trkpt>
      <trkpt lat="53.10946389" lon="13.86062889">
        <ele>78.92308</ele>
        <time>2026-07-01T08:15:04.5Z</time>
      </trkpt>
      <trkpt lat="53.10988528" lon="13.86061778">
        <ele>78.76923</ele>
        <time>2026-07-01T08:15:14.432Z</time>
      </trkpt>
      <trkpt lat="53.11069445" lon="13.86066612">
        <ele>77.23077</ele>
        <time>2026-07-01T08:15:33.514Z</time>
      </trkpt>
      <trkpt lat="53.11112889" lon="13.85947556">
        <ele>75.46154</ele>
        <time>2026-07-01T08:15:53.259Z</time>
      </trkpt>
      <trkpt lat="53.11236917" lon="13.85988084">
        <ele>73.84615</ele>
        <time>2026-07-01T08:16:23.047Z</time>
      </trkpt>
      <trkpt lat="53.11328834" lon="13.85993417">
        <ele>71.53846</ele>
        <time>2026-07-01T08:16:44.722Z</time>
      </trkpt>
      <trkpt lat="53.11441862" lon="13.85954528">
        <ele>68.84615</ele>
        <time>2026-07-01T08:17:11.923Z</time>
      </trkpt>
      <trkpt lat="53.11509889" lon="13.85873834">
        <ele>66.15385</ele>
        <time>2026-07-01T08:17:31.619Z</time>
      </trkpt>
      <trkpt lat="53.11584334" lon="13.85867639">
        <ele>63.23077</ele>
        <time>2026-07-01T08:17:49.185Z</time>
      </trkpt>
      <trkpt lat="53.11630306" lon="13.85850195">
        <ele>60.15385</ele>
        <time>2026-07-01T08:18:00.297Z</time>
      </trkpt>
      <trkpt lat="53.11693667" lon="13.85774528">
        <ele>57.46154</ele>
        <time>2026-07-01T08:18:18.684Z</time>
      </trkpt>
      <trkpt lat="53.11761084" lon="13.85721889">
        <ele>53.53846</ele>
        <time>2026-07-01T08:18:36.238Z</time>
      </trkpt>
      <trkpt lat="53.11946584" lon="13.85621167">
        <ele>50.30769</ele>
        <time>2026-07-01T08:19:22.228Z</time>
      </trkpt>
      <trkpt lat="53.12039028" lon="13.85572751">
        <ele>47.38462</ele>
        <time>2026-07-01T08:19:45.07Z</time>
      </trkpt>
      <trkpt lat="53.12140417" lon="13.85413084">
        <ele>44.15385</ele>
        <time>2026-07-01T08:20:17.985Z</time>
      </trkpt>
      <trkpt lat="53.1221325" lon="13.85380473">
        <ele>41.46154</ele>
        <time>2026-07-01T08:20:35.76Z</time>
      </trkpt>
      <trkpt lat="53.12256639" lon="13.85382084">
        <ele>39.69231</ele>
        <time>2026-07-01T08:20:45.988Z</time>
      </trkpt>
      <trkpt lat="53.12378778" lon="13.85325778">
        <ele>38.15385</ele>
        <time>2026-07-01T08:21:15.859Z</time>
      </trkpt>
      <trkpt lat="53.12445028" lon="13.85314695">
        <ele>37.07692</ele>
        <time>2026-07-01T08:21:31.551Z</time>
      </trkpt>
      <trkpt lat="53.12588389" lon="13.85322806">
        <ele>36.92308</ele>
        <time>2026-07-01T08:22:05.356Z</time>
      </trkpt>
      <trkpt lat="53.12672528" lon="13.85327778">
        <ele>36.69231</ele>
        <time>2026-07-01T08:22:25.198Z</time>
      </trkpt>
      <trkpt lat="53.12713751" lon="13.85223001">
        <ele>36.53846</ele>
        <time>2026-07-01T08:22:42.946Z</time>
      </trkpt>
      <trkpt lat="53.12742945" lon="13.85074167">
        <ele>35.92308</ele>
        <time>2026-07-01T08:23:05.137Z</time>
      </trkpt>
      <trkpt lat="53.12772612" lon="13.85009695">
        <ele>35</ele>
        <time>2026-07-01T08:23:16.644Z</time>
      </trkpt>
      <trkpt lat="53.12804278" lon="13.84992223">
        <ele>34.38462</ele>
        <time>2026-07-01T08:23:24.506Z</time>
      </trkpt>
      <trkpt lat="53.12891" lon="13.85096139">
        <ele>33.69231</ele>
        <time>2026-07-01T08:23:49.699Z</time>
      </trkpt>
      <trkpt lat="53.12981889" lon="13.85210195">
        <ele>33.23077</ele>
        <time>2026-07-01T08:24:16.535Z</time>
      </trkpt>
      <trkpt lat="53.13090806" lon="13.85301056">
        <ele>33.23077</ele>
        <time>2026-07-01T08:24:45.253Z</time>
      </trkpt>
      <trkpt lat="53.13208251" lon="13.85383806">
        <ele>34.38462</ele>
        <time>2026-07-01T08:25:15.314Z</time>
      </trkpt>
      <trkpt lat="53.13292389" lon="13.854095">
        <ele>33.92308</ele>
        <time>2026-07-01T08:25:35.474Z</time>
      </trkpt>
      <trkpt lat="53.13401834" lon="13.85451556">
        <ele>33.76923</ele>
        <time>2026-07-01T08:26:01.945Z</time>
      </trkpt>
      <trkpt lat="53.13489" lon="13.85483917">
        <ele>33.07692</ele>
        <time>2026-07-01T08:26:22.992Z</time>
      </trkpt>
      <trkpt lat="53.13542473" lon="13.85505334">
        <ele>32.46154</ele>
        <time>2026-07-01T08:26:35.954Z</time>
      </trkpt>
      <trkpt lat="53.13538751" lon="13.85504945">
        <ele>31.84615</ele>
        <time>2026-07-01T08:26:36.833Z</time>
      </trkpt>
      <trkpt lat="53.13833723" lon="13.85597112">
        <ele>30.76923</ele>
        <time>2026-07-01T08:27:47.566Z</time>
      </trkpt>
      <trkpt lat="53.14046612" lon="13.85662862">
        <ele>29.61539</ele>
        <time>2026-07-01T08:28:38.596Z</time>
      </trkpt>
      <trkpt lat="53.14333751" lon="13.85668667">
        <ele>28.69231</ele>
        <time>2026-07-01T08:29:46.271Z</time>
      </trkpt>
      <trkpt lat="53.14661612" lon="13.85701167">
        <ele>27.69231</ele>
        <time>2026-07-01T08:31:03.675Z</time>
      </trkpt>
      <trkpt lat="53.14698278" lon="13.85712278">
        <ele>27.07692</ele>
        <time>2026-07-01T08:31:12.458Z</time>
      </trkpt>
      <trkpt lat="53.14684417" lon="13.85802806">
        <ele>26.76923</ele>
        <time>2026-07-01T08:31:25.694Z</time>
      </trkpt>
      <trkpt lat="53.14688639" lon="13.85880612">
        <ele>27.30769</ele>
        <time>2026-07-01T08:31:36.763Z</time>
      </trkpt>
      <trkpt lat="53.14687028" lon="13.85899084">
        <ele>26.76923</ele>
        <time>2026-07-01T08:31:39.405Z</time>
      </trkpt>
      <trkpt lat="53.14586806" lon="13.86078806">
        <ele>26.38461</ele>
        <time>2026-07-01T08:32:14.137Z</time>
      </trkpt>
      <trkpt lat="53.14550917" lon="13.86170806">
        <ele>25.76923</ele>
        <time>2026-07-01T08:32:29.676Z</time>
      </trkpt>
      <trkpt lat="53.14442834" lon="13.86358806">
        <ele>25.46154</ele>
        <time>2026-07-01T08:33:06.533Z</time>
      </trkpt>
      <trkpt lat="53.14415917" lon="13.86408945">
        <ele>24.92308</ele>
        <time>2026-07-01T08:33:16.058Z</time>
      </trkpt>
      <trkpt lat="53.14334806" lon="13.86592667">
        <ele>24.46154</ele>
        <time>2026-07-01T08:33:48.356Z</time>
      </trkpt>
      <trkpt lat="53.1462575" lon="13.86684195">
        <ele>24.76923</ele>
        <time>2026-07-01T08:34:58.139Z</time>
      </trkpt>
      <trkpt lat="53.14676167" lon="13.86690695">
        <ele>25.46154</ele>
        <time>2026-07-01T08:35:10.056Z</time>
      </trkpt>
      <trkpt lat="53.14720556" lon="13.867375">
        <ele>26.15385</ele>
        <time>2026-07-01T08:35:22.438Z</time>
      </trkpt>
      <trkpt lat="53.14740195" lon="13.86742501">
        <ele>26.53846</ele>
        <time>2026-07-01T08:35:27.12Z</time>
      </trkpt>
      <trkpt lat="53.14777445" lon="13.86747139">
        <ele>27.15385</ele>
        <time>2026-07-01T08:35:35.923Z</time>
      </trkpt>
      <trkpt lat="53.14809973" lon="13.86765306">
        <ele>27.61539</ele>
        <time>2026-07-01T08:35:44.009Z</time>
      </trkpt>
      <trkpt lat="53.14866501" lon="13.86809445">
        <ele>27.38461</ele>
        <time>2026-07-01T08:35:58.723Z</time>
      </trkpt>
      <trkpt lat="53.14960806" lon="13.86856556">
        <ele>27.46154</ele>
        <time>2026-07-01T08:36:21.926Z</time>
      </trkpt>
      <trkpt lat="53.15076723" lon="13.86924778">
        <ele>28</ele>
        <time>2026-07-01T08:36:50.904Z</time>
      </trkpt>
      <trkpt lat="53.15135501" lon="13.86973306">
        <ele>28.15385</ele>
        <time>2026-07-01T08:37:06.369Z</time>
      </trkpt>
      <trkpt lat="53.15229639" lon="13.87053639">
        <ele>28.61539</ele>
        <time>2026-07-01T08:37:31.304Z</time>
      </trkpt>
      <trkpt lat="53.15272473" lon="13.87092084">
        <ele>29.15385</ele>
        <time>2026-07-01T08:37:42.771Z</time>
      </trkpt>
      <trkpt lat="53.1529975" lon="13.87099278">
        <ele>30</ele>
        <time>2026-07-01T08:37:49.279Z</time>
      </trkpt>
      <trkpt lat="53.15379862" lon="13.87086001">
        <ele>31</ele>
        <time>2026-07-01T08:38:08.252Z</time>
      </trkpt>
      <trkpt lat="53.15415001" lon="13.87081445">
        <ele>31.92308</ele>
        <time>2026-07-01T08:38:16.558Z</time>
      </trkpt>
      <trkpt lat="53.15467473" lon="13.8707">
        <ele>32.92308</ele>
        <time>2026-07-01T08:38:29.03Z</time>
      </trkpt>
      <trkpt lat="53.15539862" lon="13.87071445">
        <ele>34.30769</ele>
        <time>2026-07-01T08:38:46.091Z</time>
      </trkpt>
      <trkpt lat="53.1560025" lon="13.87117778">
        <ele>35.30769</ele>
        <time>2026-07-01T08:39:01.76Z</time>
      </trkpt>
      <trkpt lat="53.15647" lon="13.87145084">
        <ele>36.23077</ele>
        <time>2026-07-01T08:39:13.435Z</time>
      </trkpt>
      <trkpt lat="53.15696056" lon="13.87146639">
        <ele>37.07692</ele>
        <time>2026-07-01T08:39:24.998Z</time>
      </trkpt>
      <trkpt lat="53.15740056" lon="13.87150112">
        <ele>37.61538</ele>
        <time>2026-07-01T08:39:35.379Z</time>
      </trkpt>
      <trkpt lat="53.15770473" lon="13.87201556">
        <ele>38.46154</ele>
        <time>2026-07-01T08:39:45.601Z</time>
      </trkpt>
      <trkpt lat="53.15789167" lon="13.87219723">
        <ele>39.23077</ele>
        <time>2026-07-01T08:39:50.702Z</time>
      </trkpt>
      <trkpt lat="53.15805834" lon="13.87221278">
        <ele>39.92308</ele>
        <time>2026-07-01T08:39:54.636Z</time>
      </trkpt>
      <trkpt lat="53.15820139" lon="13.87210723">
        <ele>40.15385</ele>
        <time>2026-07-01T08:39:58.323Z</time>
      </trkpt>
      <trkpt lat="53.15835612" lon="13.87202806">
        <ele>40.23077</ele>
        <time>2026-07-01T08:40:02.138Z</time>
      </trkpt>
      <trkpt lat="53.15851501" lon="13.87207056">
        <ele>39.84615</ele>
        <time>2026-07-01T08:40:05.931Z</time>
      </trkpt>
      <trkpt lat="53.15887528" lon="13.87227584">
        <ele>39.38462</ele>
        <time>2026-07-01T08:40:14.905Z</time>
      </trkpt>
      <trkpt lat="53.15951584" lon="13.87254695">
        <ele>38.84615</ele>
        <time>2026-07-01T08:40:30.481Z</time>
      </trkpt>
      <trkpt lat="53.15967473" lon="13.872475">
        <ele>38.23077</ele>
        <time>2026-07-01T08:40:34.361Z</time>
      </trkpt>
      <trkpt lat="53.16170639" lon="13.87082056">
        <ele>37.38462</ele>
        <time>2026-07-01T08:41:27.669Z</time>
      </trkpt>
      <trkpt lat="53.16218612" lon="13.87057223">
        <ele>36.61538</ele>
        <time>2026-07-01T08:41:39.508Z</time>
      </trkpt>
      <trkpt lat="53.16294389" lon="13.8703525">
        <ele>35.76923</ele>
        <time>2026-07-01T08:41:57.635Z</time>
      </trkpt>
      <trkpt lat="53.16331306" lon="13.8703425">
        <ele>34.84615</ele>
        <time>2026-07-01T08:42:06.336Z</time>
      </trkpt>
      <trkpt lat="53.16419806" lon="13.87065445">
        <ele>34</ele>
        <time>2026-07-01T08:42:27.655Z</time>
      </trkpt>
      <trkpt lat="53.16479917" lon="13.87079251">
        <ele>33.30769</ele>
        <time>2026-07-01T08:42:41.955Z</time>
      </trkpt>
      <trkpt lat="53.16517889" lon="13.87080973">
        <ele>32.30769</ele>
        <time>2026-07-01T08:42:50.907Z</time>
      </trkpt>
      <trkpt lat="53.16585639" lon="13.87104056">
        <ele>31.30769</ele>
        <time>2026-07-01T08:43:07.204Z</time>
      </trkpt>
      <trkpt lat="53.16625667" lon="13.87119917">
        <ele>30.23077</ele>
        <time>2026-07-01T08:43:16.901Z</time>
      </trkpt>
      <trkpt lat="53.16641528" lon="13.87128778">
        <ele>29.53846</ele>
        <time>2026-07-01T08:43:20.844Z</time>
      </trkpt>
      <trkpt lat="53.16727584" lon="13.87162417">
        <ele>29.07692</ele>
        <time>2026-07-01T08:43:41.676Z</time>
      </trkpt>
      <trkpt lat="53.16803139" lon="13.87218806">
        <ele>28.53846</ele>
        <time>2026-07-01T08:44:01.191Z</time>
      </trkpt>
      <trkpt lat="53.1692075" lon="13.87219723">
        <ele>28.07692</ele>
        <time>2026-07-01T08:44:28.909Z</time>
      </trkpt>
      <trkpt lat="53.17061556" lon="13.87218945">
        <ele>27.84615</ele>
        <time>2026-07-01T08:45:02.093Z</time>
      </trkpt>
      <trkpt lat="53.17084445" lon="13.87209639">
        <ele>27.69231</ele>
        <time>2026-07-01T08:45:07.646Z</time>
      </trkpt>
      <trkpt lat="53.17152334" lon="13.87133667">
        <ele>27.23077</ele>
        <time>2026-07-01T08:45:26.926Z</time>
      </trkpt>
      <trkpt lat="53.17196751" lon="13.87115417">
        <ele>28.07692</ele>
        <time>2026-07-01T08:45:37.707Z</time>
      </trkpt>
      <trkpt lat="53.17214639" lon="13.87116667">
        <ele>28.15385</ele>
        <time>2026-07-01T08:45:41.926Z</time>
      </trkpt>
      <trkpt lat="53.17259584" lon="13.87149306">
        <ele>28.38461</ele>
        <time>2026-07-01T08:45:53.48Z</time>
      </trkpt>
      <trkpt lat="53.17286528" lon="13.87175667">
        <ele>29.30769</ele>
        <time>2026-07-01T08:46:00.844Z</time>
      </trkpt>
      <trkpt lat="53.17308612" lon="13.87187556">
        <ele>30.53846</ele>
        <time>2026-07-01T08:46:06.313Z</time>
      </trkpt>
      <trkpt lat="53.17364778" lon="13.87209028">
        <ele>31.76923</ele>
        <time>2026-07-01T08:46:19.894Z</time>
      </trkpt>
      <trkpt lat="53.17628167" lon="13.87377528">
        <ele>32.46154</ele>
        <time>2026-07-01T08:47:26.395Z</time>
      </trkpt>
      <trkpt lat="53.17676556" lon="13.87405028">
        <ele>32.92308</ele>
        <time>2026-07-01T08:47:38.444Z</time>
      </trkpt>
      <trkpt lat="53.17687167" lon="13.87402945">
        <ele>33.53846</ele>
        <time>2026-07-01T08:47:40.962Z</time>
      </trkpt>
      <trkpt lat="53.17748223" lon="13.87387278">
        <ele>34.15385</ele>
        <time>2026-07-01T08:47:55.521Z</time>
      </trkpt>
      <trkpt lat="53.17832" lon="13.87445028">
        <ele>34.76923</ele>
        <time>2026-07-01T08:48:16.891Z</time>
      </trkpt>
      <trkpt lat="53.17922723" lon="13.87465306">
        <ele>35.30769</ele>
        <time>2026-07-01T08:48:38.463Z</time>
      </trkpt>
      <trkpt lat="53.18174028" lon="13.87505334">
        <ele>36</ele>
        <time>2026-07-01T08:49:37.958Z</time>
      </trkpt>
      <trkpt lat="53.18185778" lon="13.87514473">
        <ele>35.46154</ele>
        <time>2026-07-01T08:49:41.014Z</time>
      </trkpt>
      <trkpt lat="53.18205834" lon="13.87562334">
        <ele>35.30769</ele>
        <time>2026-07-01T08:49:49.276Z</time>
      </trkpt>
      <trkpt lat="53.18226862" lon="13.87613278">
        <ele>34.92308</ele>
        <time>2026-07-01T08:49:58.027Z</time>
      </trkpt>
      <trkpt lat="53.18241112" lon="13.87628778">
        <ele>34.15385</ele>
        <time>2026-07-01T08:50:02.037Z</time>
      </trkpt>
      <trkpt lat="53.18353862" lon="13.87667334">
        <ele>33.15385</ele>
        <time>2026-07-01T08:50:29.163Z</time>
      </trkpt>
      <trkpt lat="53.18440528" lon="13.87701001">
        <ele>32.15385</ele>
        <time>2026-07-01T08:50:50.135Z</time>
      </trkpt>
      <trkpt lat="53.18450556" lon="13.87719862">
        <ele>31.46154</ele>
        <time>2026-07-01T08:50:53.698Z</time>
      </trkpt>
      <trkpt lat="53.185775" lon="13.87702584">
        <ele>30.76923</ele>
        <time>2026-07-01T08:51:23.715Z</time>
      </trkpt>
      <trkpt lat="53.18611639" lon="13.87706723">
        <ele>30.15385</ele>
        <time>2026-07-01T08:51:31.782Z</time>
      </trkpt>
      <trkpt lat="53.18665584" lon="13.87743417">
        <ele>29.61539</ele>
        <time>2026-07-01T08:51:45.513Z</time>
      </trkpt>
      <trkpt lat="53.18820251" lon="13.87834639">
        <ele>29</ele>
        <time>2026-07-01T08:52:24.183Z</time>
      </trkpt>
      <trkpt lat="53.18871028" lon="13.87864417">
        <ele>28.76923</ele>
        <time>2026-07-01T08:52:36.869Z</time>
      </trkpt>
      <trkpt lat="53.18929556" lon="13.87883084">
        <ele>28.69231</ele>
        <time>2026-07-01T08:52:50.913Z</time>
      </trkpt>
      <trkpt lat="53.19011889" lon="13.87904945">
        <ele>29.30769</ele>
        <time>2026-07-01T08:53:10.561Z</time>
      </trkpt>
      <trkpt lat="53.19058139" lon="13.87927973">
        <ele>30.23077</ele>
        <time>2026-07-01T08:53:21.937Z</time>
      </trkpt>
      <trkpt lat="53.19219917" lon="13.88044612">
        <ele>30.30769</ele>
        <time>2026-07-01T08:54:03.485Z</time>
      </trkpt>
      <trkpt lat="53.19351445" lon="13.88111778">
        <ele>30.61539</ele>
        <time>2026-07-01T08:54:35.908Z</time>
      </trkpt>
      <trkpt lat="53.194745" lon="13.88188473">
        <ele>31.53846</ele>
        <time>2026-07-01T08:55:06.874Z</time>
      </trkpt>
      <trkpt lat="53.19542528" lon="13.88256112">
        <ele>32.07692</ele>
        <time>2026-07-01T08:55:25.547Z</time>
      </trkpt>
      <trkpt lat="53.19739945" lon="13.88418556">
        <ele>32.23077</ele>
        <time>2026-07-01T08:56:17.443Z</time>
      </trkpt>
      <trkpt lat="53.20053695" lon="13.88682945">
        <ele>32.46154</ele>
        <time>2026-07-01T08:57:40.313Z</time>
      </trkpt>
      <trkpt lat="53.2022875" lon="13.88809306">
        <ele>32.76923</ele>
        <time>2026-07-01T08:58:25.277Z</time>
      </trkpt>
      <trkpt lat="53.20296084" lon="13.88854001">
        <ele>33.07692</ele>
        <time>2026-07-01T08:58:42.357Z</time>
      </trkpt>
      <trkpt lat="53.20423723" lon="13.88913278">
        <ele>33.30769</ele>
        <time>2026-07-01T08:59:13.586Z</time>
      </trkpt>
      <trkpt lat="53.20551695" lon="13.88953639">
        <ele>32.92308</ele>
        <time>2026-07-01T08:59:44.28Z</time>
      </trkpt>
      <trkpt lat="53.207215" lon="13.88958612">
        <ele>32.30769</ele>
        <time>2026-07-01T09:00:24.305Z</time>
      </trkpt>
      <trkpt lat="53.20723862" lon="13.88987417">
        <ele>31.23077</ele>
        <time>2026-07-01T09:00:28.414Z</time>
      </trkpt>
      <trkpt lat="53.20728973" lon="13.89007584">
        <ele>30.30769</ele>
        <time>2026-07-01T09:00:31.508Z</time>
      </trkpt>
      <trkpt lat="53.20755278" lon="13.89013306">
        <ele>30.53846</ele>
        <time>2026-07-01T09:00:37.76Z</time>
      </trkpt>
      <trkpt lat="53.20871473" lon="13.89011362">
        <ele>29.69231</ele>
        <time>2026-07-01T09:01:05.145Z</time>
      </trkpt>
      <trkpt lat="53.20986362" lon="13.89006278">
        <ele>28.76923</ele>
        <time>2026-07-01T09:01:32.231Z</time>
      </trkpt>
      <trkpt lat="53.21046306" lon="13.88992751">
        <ele>27.92308</ele>
        <time>2026-07-01T09:01:46.487Z</time>
      </trkpt>
      <trkpt lat="53.21086723" lon="13.89004056">
        <ele>27.46154</ele>
        <time>2026-07-01T09:01:56.145Z</time>
      </trkpt>
      <trkpt lat="53.21115306" lon="13.89003639">
        <ele>27</ele>
        <time>2026-07-01T09:02:02.882Z</time>
      </trkpt>
      <trkpt lat="53.21144473" lon="13.89005001">
        <ele>26.30769</ele>
        <time>2026-07-01T09:02:09.759Z</time>
      </trkpt>
      <trkpt lat="53.21182417" lon="13.889875">
        <ele>25.53846</ele>
        <time>2026-07-01T09:02:19.037Z</time>
      </trkpt>
      <trkpt lat="53.21263084" lon="13.88986612">
        <ele>24.76923</ele>
        <time>2026-07-01T09:02:38.048Z</time>
      </trkpt>
      <trkpt lat="53.21311778" lon="13.88986389">
        <ele>24.23077</ele>
        <time>2026-07-01T09:02:49.524Z</time>
      </trkpt>
      <trkpt lat="53.21373056" lon="13.89073195">
        <ele>23.76923</ele>
        <time>2026-07-01T09:03:08.481Z</time>
      </trkpt>
      <trkpt lat="53.21424028" lon="13.89166695">
        <ele>23.07692</ele>
        <time>2026-07-01T09:03:26.349Z</time>
      </trkpt>
      <trkpt lat="53.21457001" lon="13.89245612">
        <ele>22</ele>
        <time>2026-07-01T09:03:39.951Z</time>
      </trkpt>
      <trkpt lat="53.21479417" lon="13.89317028">
        <ele>21.15385</ele>
        <time>2026-07-01T09:03:51.352Z</time>
      </trkpt>
      <trkpt lat="53.21508195" lon="13.89405917">
        <ele>20.92308</ele>
        <time>2026-07-01T09:04:05.639Z</time>
      </trkpt>
      <trkpt lat="53.21525556" lon="13.89476889">
        <ele>20.53846</ele>
        <time>2026-07-01T09:04:16.481Z</time>
      </trkpt>
      <trkpt lat="53.21556306" lon="13.89520195">
        <ele>20.46154</ele>
        <time>2026-07-01T09:04:25.966Z</time>
      </trkpt>
      <trkpt lat="53.21592695" lon="13.89564028">
        <ele>20.38461</ele>
        <time>2026-07-01T09:04:36.544Z</time>
      </trkpt>
      <trkpt lat="53.21617167" lon="13.89607917">
        <ele>20.38461</ele>
        <time>2026-07-01T09:04:45.013Z</time>
      </trkpt>
      <trkpt lat="53.21682806" lon="13.89651667">
        <ele>20.15385</ele>
        <time>2026-07-01T09:05:01.672Z</time>
      </trkpt>
      <trkpt lat="53.21723695" lon="13.89688556">
        <ele>20.23077</ele>
        <time>2026-07-01T09:05:12.628Z</time>
      </trkpt>
      <trkpt lat="53.2174475" lon="13.89712112">
        <ele>20.15385</ele>
        <time>2026-07-01T09:05:18.603Z</time>
      </trkpt>
      <trkpt lat="53.21824139" lon="13.89821417">
        <ele>19.92308</ele>
        <time>2026-07-01T09:05:42.875Z</time>
      </trkpt>
      <trkpt lat="53.21864278" lon="13.89900695">
        <ele>20.07692</ele>
        <time>2026-07-01T09:05:57.546Z</time>
      </trkpt>
      <trkpt lat="53.21887862" lon="13.89923723">
        <ele>20.07692</ele>
        <time>2026-07-01T09:06:03.986Z</time>
      </trkpt>
      <trkpt lat="53.21945056" lon="13.89968778">
        <ele>20.30769</ele>
        <time>2026-07-01T09:06:18.893Z</time>
      </trkpt>
      <trkpt lat="53.22017167" lon="13.900485">
        <ele>20.07692</ele>
        <time>2026-07-01T09:06:39.289Z</time>
      </trkpt>
      <trkpt lat="53.22081417" lon="13.90073806">
        <ele>20.15385</ele>
        <time>2026-07-01T09:06:54.847Z</time>
      </trkpt>
      <trkpt lat="53.22180834" lon="13.90067195">
        <ele>20.15385</ele>
        <time>2026-07-01T09:07:18.296Z</time>
      </trkpt>
      <trkpt lat="53.22245334" lon="13.90005584">
        <ele>20.23077</ele>
        <time>2026-07-01T09:07:35.818Z</time>
      </trkpt>
      <trkpt lat="53.22261639" lon="13.89994723">
        <ele>20.30769</ele>
        <time>2026-07-01T09:07:39.956Z</time>
      </trkpt>
      <trkpt lat="53.22271139" lon="13.89899917">
        <ele>20.30769</ele>
        <time>2026-07-01T09:07:53.551Z</time>
      </trkpt>
      <trkpt lat="53.22276862" lon="13.89806445">
        <ele>20.30769</ele>
        <time>2026-07-01T09:08:06.84Z</time>
      </trkpt>
      <trkpt lat="53.22269639" lon="13.89774723">
        <ele>20.30769</ele>
        <time>2026-07-01T09:08:11.634Z</time>
      </trkpt>
      <trkpt lat="53.22205889" lon="13.89548834">
        <ele>20.46154</ele>
        <time>2026-07-01T09:08:46.94Z</time>
      </trkpt>
      <trkpt lat="53.22202889" lon="13.89503556">
        <ele>20.76923</ele>
        <time>2026-07-01T09:08:53.375Z</time>
      </trkpt>
      <trkpt lat="53.22206612" lon="13.89463084">
        <ele>20.76923</ele>
        <time>2026-07-01T09:08:59.159Z</time>
      </trkpt>
      <trkpt lat="53.22218556" lon="13.89429167">
        <ele>20.92308</ele>
        <time>2026-07-01T09:09:04.716Z</time>
      </trkpt>
      <trkpt lat="53.22267667" lon="13.89340056">
        <ele>21.23077</ele>
        <time>2026-07-01T09:09:21.828Z</time>
      </trkpt>
      <trkpt lat="53.22302945" lon="13.89257445">
        <ele>21.53846</ele>
        <time>2026-07-01T09:09:36.169Z</time>
      </trkpt>
      <trkpt lat="53.22316251" lon="13.89198334">
        <ele>21.69231</ele>
        <time>2026-07-01T09:09:45.098Z</time>
      </trkpt>
      <trkpt lat="53.22320167" lon="13.89156806">
        <ele>21.92308</ele>
        <time>2026-07-01T09:09:51.037Z</time>
      </trkpt>
      <trkpt lat="53.22310473" lon="13.89042417">
        <ele>22.07692</ele>
        <time>2026-07-01T09:10:07.377Z</time>
      </trkpt>
      <trkpt lat="53.22291751" lon="13.88931917">
        <ele>22</ele>
        <time>2026-07-01T09:10:23.617Z</time>
      </trkpt>
      <trkpt lat="53.22262028" lon="13.88769">
        <ele>21.76923</ele>
        <time>2026-07-01T09:10:47.701Z</time>
      </trkpt>
      <trkpt lat="53.22196084" lon="13.88520778">
        <ele>21.69231</ele>
        <time>2026-07-01T09:11:26.096Z</time>
      </trkpt>
      <trkpt lat="53.22193862" lon="13.88459695">
        <ele>21.23077</ele>
        <time>2026-07-01T09:11:34.752Z</time>
      </trkpt>
      <trkpt lat="53.22186917" lon="13.88426834">
        <ele>20.92308</ele>
        <time>2026-07-01T09:11:39.674Z</time>
      </trkpt>
      <trkpt lat="53.2213875" lon="13.8828175">
        <ele>20.61539</ele>
        <time>2026-07-01T09:12:03.126Z</time>
      </trkpt>
      <trkpt lat="53.22083417" lon="13.88148751">
        <ele>20.38461</ele>
        <time>2026-07-01T09:12:26.016Z</time>
      </trkpt>
      <trkpt lat="53.21994917" lon="13.88026278">
        <ele>20.15385</ele>
        <time>2026-07-01T09:12:53.129Z</time>
      </trkpt>
      <trkpt lat="53.21922945" lon="13.87929639">
        <ele>19.61539</ele>
        <time>2026-07-01T09:13:14.914Z</time>
      </trkpt>
      <trkpt lat="53.21887417" lon="13.87926362">
        <ele>19.38461</ele>
        <time>2026-07-01T09:13:23.3Z</time>
      </trkpt>
      <trkpt lat="53.21868417" lon="13.879365">
        <ele>19.23077</ele>
        <time>2026-07-01T09:13:28.001Z</time>
      </trkpt>
      <trkpt lat="53.21836639" lon="13.87967584">
        <ele>19</ele>
        <time>2026-07-01T09:13:36.683Z</time>
      </trkpt>
      <trkpt lat="53.21781084" lon="13.87973167">
        <ele>18.76923</ele>
        <time>2026-07-01T09:13:49.8Z</time>
      </trkpt>
      <trkpt lat="53.21757306" lon="13.87972445">
        <ele>18.84615</ele>
        <time>2026-07-01T09:13:55.405Z</time>
      </trkpt>
      <trkpt lat="53.21715584" lon="13.87985112">
        <ele>18.92308</ele>
        <time>2026-07-01T09:14:05.399Z</time>
      </trkpt>
      <trkpt lat="53.21600945" lon="13.87954139">
        <ele>19</ele>
        <time>2026-07-01T09:14:32.769Z</time>
      </trkpt>
      <trkpt lat="53.21486528" lon="13.87919417">
        <ele>19.23077</ele>
        <time>2026-07-01T09:15:00.177Z</time>
      </trkpt>
      <trkpt lat="53.21452473" lon="13.87889112">
        <ele>19.30769</ele>
        <time>2026-07-01T09:15:09.274Z</time>
      </trkpt>
      <trkpt lat="53.21413945" lon="13.87849528">
        <ele>19.15385</ele>
        <time>2026-07-01T09:15:19.938Z</time>
      </trkpt>
      <trkpt lat="53.21327834" lon="13.87734501">
        <ele>19</ele>
        <time>2026-07-01T09:15:45.951Z</time>
      </trkpt>
      <trkpt lat="53.21304278" lon="13.87698723">
        <ele>18.92308</ele>
        <time>2026-07-01T09:15:53.459Z</time>
      </trkpt>
      <trkpt lat="53.21282112" lon="13.87683167">
        <ele>18.84615</ele>
        <time>2026-07-01T09:15:59.127Z</time>
      </trkpt>
      <trkpt lat="53.21254778" lon="13.87672278">
        <ele>18.30769</ele>
        <time>2026-07-01T09:16:05.75Z</time>
      </trkpt>
      <trkpt lat="53.21182028" lon="13.87678473">
        <ele>18.07692</ele>
        <time>2026-07-01T09:16:22.918Z</time>
      </trkpt>
      <trkpt lat="53.21162084" lon="13.87543945">
        <ele>18</ele>
        <time>2026-07-01T09:16:42.522Z</time>
      </trkpt>
      <trkpt lat="53.21153612" lon="13.87335584">
        <ele>18.23077</ele>
        <time>2026-07-01T09:17:12.068Z</time>
      </trkpt>
      <trkpt lat="53.21145389" lon="13.87261251">
        <ele>18.92308</ele>
        <time>2026-07-01T09:17:22.761Z</time>
      </trkpt>
      <trkpt lat="53.21098667" lon="13.86967917">
        <ele>19.53846</ele>
        <time>2026-07-01T09:18:05.697Z</time>
      </trkpt>
      <trkpt lat="53.21009862" lon="13.86682834">
        <ele>20.38461</ele>
        <time>2026-07-01T09:18:51.137Z</time>
      </trkpt>
      <trkpt lat="53.21002889" lon="13.86605139">
        <ele>21.30769</ele>
        <time>2026-07-01T09:19:02.252Z</time>
      </trkpt>
      <trkpt lat="53.21038667" lon="13.86452584">
        <ele>21.92308</ele>
        <time>2026-07-01T09:19:25.424Z</time>
      </trkpt>
      <trkpt lat="53.21061806" lon="13.86353806">
        <ele>22.30769</ele>
        <time>2026-07-01T09:19:40.425Z</time>
      </trkpt>
      <trkpt lat="53.21090278" lon="13.86190695">
        <ele>22.53846</ele>
        <time>2026-07-01T09:20:04.458Z</time>
      </trkpt>
      <trkpt lat="53.21127417" lon="13.86048028">
        <ele>22.61539</ele>
        <time>2026-07-01T09:20:26.458Z</time>
      </trkpt>
      <trkpt lat="53.21189362" lon="13.85852528">
        <ele>23</ele>
        <time>2026-07-01T09:20:57.733Z</time>
      </trkpt>
      <trkpt lat="53.21223556" lon="13.85745167">
        <ele>23.38461</ele>
        <time>2026-07-01T09:21:14.927Z</time>
      </trkpt>
      <trkpt lat="53.21290667" lon="13.85613917">
        <ele>23.61539</ele>
        <time>2026-07-01T09:21:39.318Z</time>
      </trkpt>
      <trkpt lat="53.21417001" lon="13.85397834">
        <ele>24.07692</ele>
        <time>2026-07-01T09:22:21.991Z</time>
      </trkpt>
      <trkpt lat="53.21440862" lon="13.85343112">
        <ele>24.23077</ele>
        <time>2026-07-01T09:22:31.559Z</time>
      </trkpt>
      <trkpt lat="53.21470445" lon="13.85201223">
        <ele>24</ele>
        <time>2026-07-01T09:22:52.808Z</time>
      </trkpt>
      <trkpt lat="53.21531639" lon="13.84914584">
        <ele>23.84615</ele>
        <time>2026-07-01T09:23:35.846Z</time>
      </trkpt>
      <trkpt lat="53.21562973" lon="13.84761723">
        <ele>23.30769</ele>
        <time>2026-07-01T09:23:58.696Z</time>
      </trkpt>
      <trkpt lat="53.21616084" lon="13.845165">
        <ele>22.61539</ele>
        <time>2026-07-01T09:24:35.575Z</time>
      </trkpt>
      <trkpt lat="53.21673889" lon="13.84224112">
        <ele>22.30769</ele>
        <time>2026-07-01T09:25:19.122Z</time>
      </trkpt>
      <trkpt lat="53.21803417" lon="13.84278889">
        <ele>22.38461</ele>
        <time>2026-07-01T09:25:50.616Z</time>
      </trkpt>
      <trkpt lat="53.21860001" lon="13.84281167">
        <ele>22.61539</ele>
        <time>2026-07-01T09:26:03.955Z</time>
      </trkpt>
      <trkpt lat="53.21911973" lon="13.84305834">
        <ele>23.07692</ele>
        <time>2026-07-01T09:26:16.69Z</time>
      </trkpt>
      <trkpt lat="53.21977028" lon="13.84338417">
        <ele>23.07692</ele>
        <time>2026-07-01T09:26:32.698Z</time>
      </trkpt>
      <trkpt lat="53.22035028" lon="13.84361723">
        <ele>23.38461</ele>
        <time>2026-07-01T09:26:46.758Z</time>
      </trkpt>
      <trkpt lat="53.22070751" lon="13.84368112">
        <ele>23.69231</ele>
        <time>2026-07-01T09:26:55.225Z</time>
      </trkpt>
      <trkpt lat="53.22084001" lon="13.84351667">
        <ele>23.76923</ele>
        <time>2026-07-01T09:26:59.117Z</time>
      </trkpt>
      <trkpt lat="53.22095973" lon="13.84323473">
        <ele>23.84615</ele>
        <time>2026-07-01T09:27:03.998Z</time>
      </trkpt>
      <trkpt lat="53.22103362" lon="13.84302834">
        <ele>23.61539</ele>
        <time>2026-07-01T09:27:07.394Z</time>
      </trkpt>
      <trkpt lat="53.22133056" lon="13.84311862">
        <ele>23.53846</ele>
        <time>2026-07-01T09:27:14.507Z</time>
      </trkpt>
      <trkpt lat="53.22177778" lon="13.84319445">
        <ele>23.92308</ele>
        <time>2026-07-01T09:27:25.101Z</time>
      </trkpt>
      <trkpt lat="53.22608223" lon="13.84300612">
        <ele>23.92308</ele>
        <time>2026-07-01T09:29:06.581Z</time>
      </trkpt>
      <trkpt lat="53.22707112" lon="13.84297334">
        <ele>24.30769</ele>
        <time>2026-07-01T09:29:29.891Z</time>
      </trkpt>
      <trkpt lat="53.22774667" lon="13.84293778">
        <ele>24.46154</ele>
        <time>2026-07-01T09:29:45.82Z</time>
      </trkpt>
      <trkpt lat="53.22818389" lon="13.84293084">
        <ele>24.61539</ele>
        <time>2026-07-01T09:29:56.125Z</time>
      </trkpt>
      <trkpt lat="53.22940973" lon="13.84285139">
        <ele>24.53846</ele>
        <time>2026-07-01T09:30:25.037Z</time>
      </trkpt>
      <trkpt lat="53.22980306" lon="13.84287834">
        <ele>24.92308</ele>
        <time>2026-07-01T09:30:34.315Z</time>
      </trkpt>
      <trkpt lat="53.23068195" lon="13.84298223">
        <ele>25.53846</ele>
        <time>2026-07-01T09:30:55.08Z</time>
      </trkpt>
      <trkpt lat="53.23205917" lon="13.84314112">
        <ele>25.61539</ele>
        <time>2026-07-01T09:31:27.615Z</time>
      </trkpt>
      <trkpt lat="53.23323028" lon="13.84320195">
        <ele>25.76923</ele>
        <time>2026-07-01T09:31:55.228Z</time>
      </trkpt>
      <trkpt lat="53.2332525" lon="13.84326167">
        <ele>26.07692</ele>
        <time>2026-07-01T09:31:56.221Z</time>
      </trkpt>
      <trkpt lat="53.23564917" lon="13.84337862">
        <ele>26.38461</ele>
        <time>2026-07-01T09:32:52.729Z</time>
      </trkpt>
      <trkpt lat="53.23740889" lon="13.84330362">
        <ele>26.61539</ele>
        <time>2026-07-01T09:33:34.215Z</time>
      </trkpt>
      <trkpt lat="53.24144195" lon="13.84299862">
        <ele>26.84615</ele>
        <time>2026-07-01T09:35:09.362Z</time>
      </trkpt>
      <trkpt lat="53.24352612" lon="13.84284028">
        <ele>27.84615</ele>
        <time>2026-07-01T09:35:58.531Z</time>
      </trkpt>
      <trkpt lat="53.24609334" lon="13.84260806">
        <ele>28.46154</ele>
        <time>2026-07-01T09:36:59.123Z</time>
      </trkpt>
      <trkpt lat="53.24703001" lon="13.84254584">
        <ele>29.23077</ele>
        <time>2026-07-01T09:37:21.215Z</time>
      </trkpt>
      <trkpt lat="53.24826223" lon="13.84232112">
        <ele>30.07692</ele>
        <time>2026-07-01T09:37:50.428Z</time>
      </trkpt>
      <trkpt lat="53.24999167" lon="13.84192389">
        <ele>30.69231</ele>
        <time>2026-07-01T09:38:31.571Z</time>
      </trkpt>
      <trkpt lat="53.25283334" lon="13.84131389">
        <ele>31.07692</ele>
        <time>2026-07-01T09:39:39.095Z</time>
      </trkpt>
      <trkpt lat="53.25492112" lon="13.84084195">
        <ele>31.07692</ele>
        <time>2026-07-01T09:40:28.748Z</time>
      </trkpt>
      <trkpt lat="53.25611195" lon="13.84059167">
        <ele>31.46154</ele>
        <time>2026-07-01T09:40:57.034Z</time>
      </trkpt>
      <trkpt lat="53.25680306" lon="13.84032806">
        <ele>31.69231</ele>
        <time>2026-07-01T09:41:13.741Z</time>
      </trkpt>
      <trkpt lat="53.25675084" lon="13.84014973">
        <ele>31.69231</ele>
        <time>2026-07-01T09:41:16.543Z</time>
      </trkpt>
      <trkpt lat="53.25757528" lon="13.84149612">
        <ele>31.69231</ele>
        <time>2026-07-01T09:41:43.738Z</time>
      </trkpt>
      <trkpt lat="53.25788528" lon="13.84338167">
        <ele>31.53846</ele>
        <time>2026-07-01T09:42:11.369Z</time>
      </trkpt>
      <trkpt lat="53.25822778" lon="13.84525834">
        <ele>31.07692</ele>
        <time>2026-07-01T09:42:39.092Z</time>
      </trkpt>
      <trkpt lat="53.25837223" lon="13.84556417">
        <ele>30.23077</ele>
        <time>2026-07-01T09:42:44.59Z</time>
      </trkpt>
      <trkpt lat="53.25897445" lon="13.84628639">
        <ele>29.30769</ele>
        <time>2026-07-01T09:43:02.072Z</time>
      </trkpt>
      <trkpt lat="53.26058695" lon="13.84804834">
        <ele>28.23077</ele>
        <time>2026-07-01T09:43:47.505Z</time>
      </trkpt>
      <trkpt lat="53.2610575" lon="13.84852334">
        <ele>26.84615</ele>
        <time>2026-07-01T09:44:00.464Z</time>
      </trkpt>
      <trkpt lat="53.26151223" lon="13.84867639">
        <ele>25.69231</ele>
        <time>2026-07-01T09:44:11.396Z</time>
      </trkpt>
      <trkpt lat="53.26178306" lon="13.84876556">
        <ele>24.46154</ele>
        <time>2026-07-01T09:44:17.902Z</time>
      </trkpt>
      <trkpt lat="53.26231667" lon="13.84892917">
        <ele>23.30769</ele>
        <time>2026-07-01T09:44:30.688Z</time>
      </trkpt>
      <trkpt lat="53.26355806" lon="13.84918917">
        <ele>22.15385</ele>
        <time>2026-07-01T09:45:00.174Z</time>
      </trkpt>
      <trkpt lat="53.26419251" lon="13.84917195">
        <ele>21.30769</ele>
        <time>2026-07-01T09:45:15.128Z</time>
      </trkpt>
      <trkpt lat="53.26447362" lon="13.84894889">
        <ele>20.38461</ele>
        <time>2026-07-01T09:45:22.463Z</time>
      </trkpt>
      <trkpt lat="53.26488917" lon="13.84861556">
        <ele>19.38461</ele>
        <time>2026-07-01T09:45:33.328Z</time>
      </trkpt>
      <trkpt lat="53.26553889" lon="13.84820501">
        <ele>18.46154</ele>
        <time>2026-07-01T09:45:49.7Z</time>
      </trkpt>
      <trkpt lat="53.26707917" lon="13.84755667">
        <ele>17.61539</ele>
        <time>2026-07-01T09:46:27.139Z</time>
      </trkpt>
      <trkpt lat="53.26799806" lon="13.84729917">
        <ele>16.84615</ele>
        <time>2026-07-01T09:46:49.098Z</time>
      </trkpt>
      <trkpt lat="53.26836417" lon="13.84732195">
        <ele>16.23077</ele>
        <time>2026-07-01T09:46:57.732Z</time>
      </trkpt>
      <trkpt lat="53.26871112" lon="13.84739001">
        <ele>15.92308</ele>
        <time>2026-07-01T09:47:05.965Z</time>
      </trkpt>
      <trkpt lat="53.26951223" lon="13.8474475">
        <ele>15.84615</ele>
        <time>2026-07-01T09:47:24.863Z</time>
      </trkpt>
      <trkpt lat="53.27126417" lon="13.84743501">
        <ele>15.92308</ele>
        <time>2026-07-01T09:48:06.152Z</time>
      </trkpt>
      <trkpt lat="53.27225362" lon="13.84715973">
        <ele>15.92308</ele>
        <time>2026-07-01T09:48:29.792Z</time>
      </trkpt>
      <trkpt lat="53.27294695" lon="13.84654695">
        <ele>16.07692</ele>
        <time>2026-07-01T09:48:48.284Z</time>
      </trkpt>
      <trkpt lat="53.273495" lon="13.84622862">
        <ele>16.07692</ele>
        <time>2026-07-01T09:49:01.959Z</time>
      </trkpt>
      <trkpt lat="53.27379584" lon="13.84616306">
        <ele>15.84615</ele>
        <time>2026-07-01T09:49:09.109Z</time>
      </trkpt>
      <trkpt lat="53.27393612" lon="13.84609612">
        <ele>15.92308</ele>
        <time>2026-07-01T09:49:12.547Z</time>
      </trkpt>
      <trkpt lat="53.27415223" lon="13.84585584">
        <ele>16.15385</ele>
        <time>2026-07-01T09:49:18.665Z</time>
      </trkpt>
      <trkpt lat="53.27444167" lon="13.84560945">
        <ele>16.53846</ele>
        <time>2026-07-01T09:49:26.321Z</time>
      </trkpt>
      <trkpt lat="53.27502417" lon="13.84507167">
        <ele>16.92308</ele>
        <time>2026-07-01T09:49:42.011Z</time>
      </trkpt>
      <trkpt lat="53.27573889" lon="13.84596223">
        <ele>17.38461</ele>
        <time>2026-07-01T09:50:03.035Z</time>
      </trkpt>
      <trkpt lat="53.27628056" lon="13.84585639">
        <ele>17.84615</ele>
        <time>2026-07-01T09:50:15.888Z</time>
      </trkpt>
      <trkpt lat="53.27675223" lon="13.84574">
        <ele>18.38461</ele>
        <time>2026-07-01T09:50:27.125Z</time>
      </trkpt>
      <trkpt lat="53.27690639" lon="13.84546639">
        <ele>18.84615</ele>
        <time>2026-07-01T09:50:32.426Z</time>
      </trkpt>
      <trkpt lat="53.27695417" lon="13.84517612">
        <ele>19.23077</ele>
        <time>2026-07-01T09:50:36.673Z</time>
      </trkpt>
      <trkpt lat="53.27697667" lon="13.84451612">
        <ele>19.69231</ele>
        <time>2026-07-01T09:50:46.011Z</time>
      </trkpt>
      <trkpt lat="53.27707889" lon="13.84379501">
        <ele>20.15385</ele>
        <time>2026-07-01T09:50:56.478Z</time>
      </trkpt>
      <trkpt lat="53.27716167" lon="13.84377639">
        <ele>20.84615</ele>
        <time>2026-07-01T09:50:58.447Z</time>
      </trkpt>
      <trkpt lat="53.27749473" lon="13.84387778">
        <ele>21.46154</ele>
        <time>2026-07-01T09:51:06.426Z</time>
      </trkpt>
      <trkpt lat="53.27802139" lon="13.84400362">
        <ele>21.92308</ele>
        <time>2026-07-01T09:51:18.964Z</time>
      </trkpt>
      <trkpt lat="53.27849528" lon="13.8440575">
        <ele>22.07692</ele>
        <time>2026-07-01T09:51:30.158Z</time>
      </trkpt>
      <trkpt lat="53.27914584" lon="13.84406501">
        <ele>22.30769</ele>
        <time>2026-07-01T09:51:45.491Z</time>
      </trkpt>
      <trkpt lat="53.27933389" lon="13.84414556">
        <ele>22.46154</ele>
        <time>2026-07-01T09:51:50.066Z</time>
      </trkpt>
      <trkpt lat="53.27956112" lon="13.84441584">
        <ele>22.30769</ele>
        <time>2026-07-01T09:51:56.64Z</time>
      </trkpt>
      <trkpt lat="53.27974223" lon="13.84452639">
        <ele>22</ele>
        <time>2026-07-01T09:52:01.184Z</time>
      </trkpt>
      <trkpt lat="53.28052973" lon="13.84472501">
        <ele>21.76923</ele>
        <time>2026-07-01T09:52:19.954Z</time>
      </trkpt>
      <trkpt lat="53.28192584" lon="13.84485528">
        <ele>21.61539</ele>
        <time>2026-07-01T09:52:52.908Z</time>
      </trkpt>
      <trkpt lat="53.28260389" lon="13.84495667">
        <ele>21.15385</ele>
        <time>2026-07-01T09:53:08.952Z</time>
      </trkpt>
      <trkpt lat="53.2831675" lon="13.84510556">
        <ele>20.69231</ele>
        <time>2026-07-01T09:53:22.4Z</time>
      </trkpt>
      <trkpt lat="53.28315112" lon="13.84565612">
        <ele>20.07692</ele>
        <time>2026-07-01T09:53:30.186Z</time>
      </trkpt>
      <trkpt lat="53.28327945" lon="13.84666834">
        <ele>19.53846</ele>
        <time>2026-07-01T09:53:44.799Z</time>
      </trkpt>
      <trkpt lat="53.28353112" lon="13.84701862">
        <ele>19.07692</ele>
        <time>2026-07-01T09:53:52.519Z</time>
      </trkpt>
      <trkpt lat="53.28400195" lon="13.84705723">
        <ele>18.61539</ele>
        <time>2026-07-01T09:54:03.629Z</time>
      </trkpt>
      <trkpt lat="53.28453445" lon="13.84668612">
        <ele>18.07692</ele>
        <time>2026-07-01T09:54:17.227Z</time>
      </trkpt>
      <trkpt lat="53.28458167" lon="13.84650223">
        <ele>17.69231</ele>
        <time>2026-07-01T09:54:20.05Z</time>
      </trkpt>
      <trkpt lat="53.28523167" lon="13.84589417">
        <ele>17.38461</ele>
        <time>2026-07-01T09:54:37.612Z</time>
      </trkpt>
      <trkpt lat="53.28676917" lon="13.84595778">
        <ele>18</ele>
        <time>2026-07-01T09:55:13.858Z</time>
      </trkpt>
      <trkpt lat="53.28845334" lon="13.84618334">
        <ele>18.61539</ele>
        <time>2026-07-01T09:55:53.677Z</time>
      </trkpt>
      <trkpt lat="53.28858223" lon="13.8462775">
        <ele>18.53846</ele>
        <time>2026-07-01T09:55:56.992Z</time>
      </trkpt>
      <trkpt lat="53.290465" lon="13.84614806">
        <ele>18.38461</ele>
        <time>2026-07-01T09:56:41.402Z</time>
      </trkpt>
      <trkpt lat="53.29064584" lon="13.846065">
        <ele>18.69231</ele>
        <time>2026-07-01T09:56:45.822Z</time>
      </trkpt>
      <trkpt lat="53.29083223" lon="13.84611612">
        <ele>18.76923</ele>
        <time>2026-07-01T09:56:50.274Z</time>
      </trkpt>
      <trkpt lat="53.29097806" lon="13.84637334">
        <ele>19.07692</ele>
        <time>2026-07-01T09:56:55.271Z</time>
      </trkpt>
      <trkpt lat="53.29131778" lon="13.84682278">
        <ele>19.07692</ele>
        <time>2026-07-01T09:57:05.483Z</time>
      </trkpt>
      <trkpt lat="53.29182806" lon="13.84734695">
        <ele>19</ele>
        <time>2026-07-01T09:57:19.604Z</time>
      </trkpt>
      <trkpt lat="53.29234528" lon="13.84769778">
        <ele>18.76923</ele>
        <time>2026-07-01T09:57:32.76Z</time>
      </trkpt>
      <trkpt lat="53.29327362" lon="13.84804195">
        <ele>18.92308</ele>
        <time>2026-07-01T09:57:55.171Z</time>
      </trkpt>
      <trkpt lat="53.29458278" lon="13.84836751">
        <ele>18.84615</ele>
        <time>2026-07-01T09:58:26.365Z</time>
      </trkpt>
      <trkpt lat="53.29588278" lon="13.84898362">
        <ele>18.76923</ele>
        <time>2026-07-01T09:58:58.214Z</time>
      </trkpt>
      <trkpt lat="53.29660167" lon="13.84942334">
        <ele>18</ele>
        <time>2026-07-01T09:59:16.256Z</time>
      </trkpt>
      <trkpt lat="53.29692306" lon="13.849345">
        <ele>17.23077</ele>
        <time>2026-07-01T09:59:23.911Z</time>
      </trkpt>
      <trkpt lat="53.297495" lon="13.84876917">
        <ele>17.38461</ele>
        <time>2026-07-01T09:59:39.653Z</time>
      </trkpt>
      <trkpt lat="53.29833028" lon="13.847505">
        <ele>17.53846</ele>
        <time>2026-07-01T10:00:06.226Z</time>
      </trkpt>
      <trkpt lat="53.2991775" lon="13.84613723">
        <ele>17.23077</ele>
        <time>2026-07-01T10:00:34.004Z</time>
      </trkpt>
      <trkpt lat="53.30014556" lon="13.84535528">
        <ele>17.07692</ele>
        <time>2026-07-01T10:00:59.35Z</time>
      </trkpt>
      <trkpt lat="53.30080778" lon="13.84518056">
        <ele>16.84615</ele>
        <time>2026-07-01T10:01:15.15Z</time>
      </trkpt>
      <trkpt lat="53.30126556" lon="13.84518667">
        <ele>16.84615</ele>
        <time>2026-07-01T10:01:25.939Z</time>
      </trkpt>
      <trkpt lat="53.30188445" lon="13.84541278">
        <ele>16.84615</ele>
        <time>2026-07-01T10:01:40.869Z</time>
      </trkpt>
      <trkpt lat="53.30216389" lon="13.84560306">
        <ele>17</ele>
        <time>2026-07-01T10:01:47.98Z</time>
      </trkpt>
      <trkpt lat="53.30262473" lon="13.84591778">
        <ele>17.15385</ele>
        <time>2026-07-01T10:01:59.713Z</time>
      </trkpt>
      <trkpt lat="53.30280612" lon="13.84598667">
        <ele>17.23077</ele>
        <time>2026-07-01T10:02:04.097Z</time>
      </trkpt>
      <trkpt lat="53.30326834" lon="13.84595723">
        <ele>17.23077</ele>
        <time>2026-07-01T10:02:14.998Z</time>
      </trkpt>
      <trkpt lat="53.30383389" lon="13.84578084">
        <ele>17.07692</ele>
        <time>2026-07-01T10:02:28.557Z</time>
      </trkpt>
      <trkpt lat="53.30454417" lon="13.84556556">
        <ele>17.23077</ele>
        <time>2026-07-01T10:02:45.57Z</time>
      </trkpt>
      <trkpt lat="53.30479056" lon="13.845365">
        <ele>17.07692</ele>
        <time>2026-07-01T10:02:52.029Z</time>
      </trkpt>
      <trkpt lat="53.30521362" lon="13.84532389">
        <ele>17</ele>
        <time>2026-07-01T10:03:02.016Z</time>
      </trkpt>
      <trkpt lat="53.3054675" lon="13.84524306">
        <ele>17.15385</ele>
        <time>2026-07-01T10:03:08.107Z</time>
      </trkpt>
      <trkpt lat="53.30566556" lon="13.84513195">
        <ele>17.30769</ele>
        <time>2026-07-01T10:03:13.031Z</time>
      </trkpt>
      <trkpt lat="53.30597223" lon="13.84491001">
        <ele>17.46154</ele>
        <time>2026-07-01T10:03:20.907Z</time>
      </trkpt>
      <trkpt lat="53.30622612" lon="13.84480723">
        <ele>17.61539</ele>
        <time>2026-07-01T10:03:27.064Z</time>
      </trkpt>
      <trkpt lat="53.30661945" lon="13.84480806">
        <ele>17.69231</ele>
        <time>2026-07-01T10:03:36.334Z</time>
      </trkpt>
      <trkpt lat="53.30670334" lon="13.84494667">
        <ele>17.92308</ele>
        <time>2026-07-01T10:03:39.114Z</time>
      </trkpt>
      <trkpt lat="53.30733723" lon="13.84571112">
        <ele>18.15385</ele>
        <time>2026-07-01T10:03:57.543Z</time>
      </trkpt>
      <trkpt lat="53.30800139" lon="13.84645945">
        <ele>18.30769</ele>
        <time>2026-07-01T10:04:16.427Z</time>
      </trkpt>
      <trkpt lat="53.30852973" lon="13.84738778">
        <ele>18.30769</ele>
        <time>2026-07-01T10:04:34.504Z</time>
      </trkpt>
      <trkpt lat="53.30887445" lon="13.84795778">
        <ele>18.38461</ele>
        <time>2026-07-01T10:04:45.938Z</time>
      </trkpt>
      <trkpt lat="53.30913306" lon="13.84822306">
        <ele>18.38461</ele>
        <time>2026-07-01T10:04:53.089Z</time>
      </trkpt>
      <trkpt lat="53.30992612" lon="13.84986612">
        <ele>18.30769</ele>
        <time>2026-07-01T10:05:22.875Z</time>
      </trkpt>
      <trkpt lat="53.309965" lon="13.85052334">
        <ele>18.23077</ele>
        <time>2026-07-01T10:05:32.197Z</time>
      </trkpt>
      <trkpt lat="53.31030778" lon="13.85139973">
        <ele>18.23077</ele>
        <time>2026-07-01T10:05:46.972Z</time>
      </trkpt>
      <trkpt lat="53.31097834" lon="13.85226417">
        <ele>18.30769</ele>
        <time>2026-07-01T10:06:06.938Z</time>
      </trkpt>
      <trkpt lat="53.31103695" lon="13.85219584">
        <ele>18.30769</ele>
        <time>2026-07-01T10:06:08.622Z</time>
      </trkpt>
      <trkpt lat="53.31142862" lon="13.8527875">
        <ele>18.23077</ele>
        <time>2026-07-01T10:06:21.07Z</time>
      </trkpt>
      <trkpt lat="53.31187751" lon="13.85221834">
        <ele>18.23077</ele>
        <time>2026-07-01T10:06:34.354Z</time>
      </trkpt>
      <trkpt lat="53.31081" lon="13.84938556">
        <ele>18.15385</ele>
        <time>2026-07-01T10:07:21.595Z</time>
      </trkpt>
      <trkpt lat="53.31114195" lon="13.84905917">
        <ele>18.07692</ele>
        <time>2026-07-01T10:07:30.671Z</time>
      </trkpt>
      <trkpt lat="53.31132084" lon="13.84878778">
        <ele>18.23077</ele>
        <time>2026-07-01T10:07:36.364Z</time>
      </trkpt>
      <trkpt lat="53.31149639" lon="13.84856445">
        <ele>18.15385</ele>
        <time>2026-07-01T10:07:41.563Z</time>
      </trkpt>
      <trkpt lat="53.31161806" lon="13.84826112">
        <ele>18.30769</ele>
        <time>2026-07-01T10:07:46.712Z</time>
      </trkpt>
      <trkpt lat="53.3119375" lon="13.8481125">
        <ele>18.23077</ele>
        <time>2026-07-01T10:07:54.527Z</time>
      </trkpt>
      <trkpt lat="53.31238667" lon="13.84874806">
        <ele>18</ele>
        <time>2026-07-01T10:08:08.403Z</time>
      </trkpt>
      <trkpt lat="53.31337306" lon="13.84947695">
        <ele>17.76923</ele>
        <time>2026-07-01T10:08:33.825Z</time>
      </trkpt>
      <trkpt lat="53.31475362" lon="13.85041278">
        <ele>17.61539</ele>
        <time>2026-07-01T10:09:08.94Z</time>
      </trkpt>
      <trkpt lat="53.31545223" lon="13.85094334">
        <ele>17.69231</ele>
        <time>2026-07-01T10:09:27.027Z</time>
      </trkpt>
      <trkpt lat="53.31820862" lon="13.85293806">
        <ele>17.69231</ele>
        <time>2026-07-01T10:10:37.826Z</time>
      </trkpt>
      <trkpt lat="53.319885" lon="13.84669139">
        <ele>17.76923</ele>
        <time>2026-07-01T10:12:14.429Z</time>
      </trkpt>
      <trkpt lat="53.3208475" lon="13.84301973">
        <ele>18.23077</ele>
        <time>2026-07-01T10:13:10.991Z</time>
      </trkpt>
      <trkpt lat="53.32200417" lon="13.83862639">
        <ele>18.61539</ele>
        <time>2026-07-01T10:14:18.716Z</time>
      </trkpt>
      <trkpt lat="53.32308695" lon="13.83446362">
        <ele>19.46154</ele>
        <time>2026-07-01T10:15:22.761Z</time>
      </trkpt>
      <trkpt lat="53.32363056" lon="13.83238723">
        <ele>19.76923</ele>
        <time>2026-07-01T10:15:54.739Z</time>
      </trkpt>
      <trkpt lat="53.32415778" lon="13.83120556">
        <ele>20.61539</ele>
        <time>2026-07-01T10:16:15.534Z</time>
      </trkpt>
      <trkpt lat="53.32487584" lon="13.83044223">
        <ele>21.23077</ele>
        <time>2026-07-01T10:16:35.594Z</time>
      </trkpt>
      <trkpt lat="53.32549251" lon="13.83018639">
        <ele>22</ele>
        <time>2026-07-01T10:16:50.568Z</time>
      </trkpt>
      <trkpt lat="53.32542112" lon="13.82987834">
        <ele>22.92308</ele>
        <time>2026-07-01T10:16:55.224Z</time>
      </trkpt>
      <trkpt lat="53.32708612" lon="13.82926556">
        <ele>23.61539</ele>
        <time>2026-07-01T10:17:35.406Z</time>
      </trkpt>
      <trkpt lat="53.32920445" lon="13.82852112">
        <ele>24.15385</ele>
        <time>2026-07-01T10:18:26.423Z</time>
      </trkpt>
      <trkpt lat="53.3295925" lon="13.82799973">
        <ele>24.53846</ele>
        <time>2026-07-01T10:18:38.16Z</time>
      </trkpt>
      <trkpt lat="53.32979945" lon="13.82792334">
        <ele>24.30769</ele>
        <time>2026-07-01T10:18:43.155Z</time>
      </trkpt>
      <trkpt lat="53.33000806" lon="13.82775445">
        <ele>24.23077</ele>
        <time>2026-07-01T10:18:48.617Z</time>
      </trkpt>
      <trkpt lat="53.32997334" lon="13.82818806">
        <ele>23.46154</ele>
        <time>2026-07-01T10:18:54.782Z</time>
      </trkpt>
      <trkpt lat="53.32996862" lon="13.82900778">
        <ele>22.61539</ele>
        <time>2026-07-01T10:19:06.348Z</time>
      </trkpt>
      <trkpt lat="53.32999389" lon="13.82922389">
        <ele>21.46154</ele>
        <time>2026-07-01T10:19:09.451Z</time>
      </trkpt>
      <trkpt lat="53.33048167" lon="13.82940723">
        <ele>20.84615</ele>
        <time>2026-07-01T10:19:21.234Z</time>
      </trkpt>
      <trkpt lat="53.33300889" lon="13.83107084">
        <ele>20</ele>
        <time>2026-07-01T10:20:25.253Z</time>
      </trkpt>
      <trkpt lat="53.33827334" lon="13.83290556">
        <ele>19</ele>
        <time>2026-07-01T10:22:31.996Z</time>
      </trkpt>
      <trkpt lat="53.34144139" lon="13.83409806">
        <ele>18.07692</ele>
        <time>2026-07-01T10:23:48.531Z</time>
      </trkpt>
      <trkpt lat="53.34230723" lon="13.83443251">
        <ele>17.15385</ele>
        <time>2026-07-01T10:24:09.474Z</time>
      </trkpt>
      <trkpt lat="53.34243584" lon="13.83385584">
        <ele>16.53846</ele>
        <time>2026-07-01T10:24:18.154Z</time>
      </trkpt>
      <trkpt lat="53.34292167" lon="13.83429084">
        <ele>15.92308</ele>
        <time>2026-07-01T10:24:31.141Z</time>
      </trkpt>
      <trkpt lat="53.34344584" lon="13.83470584">
        <ele>15.23077</ele>
        <time>2026-07-01T10:24:44.808Z</time>
      </trkpt>
      <trkpt lat="53.34352751" lon="13.83529139">
        <ele>15.15385</ele>
        <time>2026-07-01T10:24:53.288Z</time>
      </trkpt>
      <trkpt lat="53.34499556" lon="13.83599334">
        <ele>14.84615</ele>
        <time>2026-07-01T10:25:29.275Z</time>
      </trkpt>
      <trkpt lat="53.34635362" lon="13.83691751">
        <ele>14.84615</ele>
        <time>2026-07-01T10:26:03.834Z</time>
      </trkpt>
      <trkpt lat="53.34647723" lon="13.83706917">
        <ele>14.92308</ele>
        <time>2026-07-01T10:26:07.447Z</time>
      </trkpt>
      <trkpt lat="53.34655195" lon="13.83726362">
        <ele>14.92308</ele>
        <time>2026-07-01T10:26:10.703Z</time>
      </trkpt>
      <trkpt lat="53.34917306" lon="13.83957584">
        <ele>14.69231</ele>
        <time>2026-07-01T10:27:20.555Z</time>
      </trkpt>
      <trkpt lat="53.35064862" lon="13.84058306">
        <ele>14.61539</ele>
        <time>2026-07-01T10:27:58.12Z</time>
      </trkpt>
      <trkpt lat="53.35265556" lon="13.84166639">
        <ele>14.84615</ele>
        <time>2026-07-01T10:28:47.825Z</time>
      </trkpt>
      <trkpt lat="53.35263445" lon="13.84163917">
        <ele>15.15385</ele>
        <time>2026-07-01T10:28:48.453Z</time>
      </trkpt>
      <trkpt lat="53.35438723" lon="13.84267806">
        <ele>15.61539</ele>
        <time>2026-07-01T10:29:32.283Z</time>
      </trkpt>
      <trkpt lat="53.35582973" lon="13.844035">
        <ele>15.76923</ele>
        <time>2026-07-01T10:30:11.294Z</time>
      </trkpt>
      <trkpt lat="53.35844112" lon="13.84575862">
        <ele>16.23077</ele>
        <time>2026-07-01T10:31:17.464Z</time>
      </trkpt>
      <trkpt lat="53.35888084" lon="13.84617056">
        <ele>16.46154</ele>
        <time>2026-07-01T10:31:29.34Z</time>
      </trkpt>
      <trkpt lat="53.35933139" lon="13.84622195">
        <ele>17.92308</ele>
        <time>2026-07-01T10:31:39.983Z</time>
      </trkpt>
      <trkpt lat="53.35974306" lon="13.84609612">
        <ele>19.38461</ele>
        <time>2026-07-01T10:31:49.846Z</time>
      </trkpt>
      <trkpt lat="53.36033778" lon="13.84600056">
        <ele>20.84615</ele>
        <time>2026-07-01T10:32:03.927Z</time>
      </trkpt>
      <trkpt lat="53.36122334" lon="13.84673473">
        <ele>22.38461</ele>
        <time>2026-07-01T10:32:27.224Z</time>
      </trkpt>
      <trkpt lat="53.36187945" lon="13.84763306">
        <ele>23.61539</ele>
        <time>2026-07-01T10:32:47.212Z</time>
      </trkpt>
      <trkpt lat="53.36242112" lon="13.84839612">
        <ele>24.46154</ele>
        <time>2026-07-01T10:33:03.906Z</time>
      </trkpt>
      <trkpt lat="53.36391778" lon="13.84096639">
        <ele>25.38461</ele>
        <time>2026-07-01T10:34:54.428Z</time>
      </trkpt>
      <trkpt lat="53.36397195" lon="13.84099889">
        <ele>25.76923</ele>
        <time>2026-07-01T10:34:55.784Z</time>
      </trkpt>
      <trkpt lat="53.36624362" lon="13.8425125">
        <ele>26.07692</ele>
        <time>2026-07-01T10:35:53.418Z</time>
      </trkpt>
      <trkpt lat="53.36841667" lon="13.84393112">
        <ele>26.38461</ele>
        <time>2026-07-01T10:36:48.398Z</time>
      </trkpt>
      <trkpt lat="53.37009" lon="13.84489528">
        <ele>27.15385</ele>
        <time>2026-07-01T10:37:30.111Z</time>
      </trkpt>
      <trkpt lat="53.37279556" lon="13.84671639">
        <ele>27.46154</ele>
        <time>2026-07-01T10:38:38.848Z</time>
      </trkpt>
      <trkpt lat="53.37398278" lon="13.84758834">
        <ele>28.23077</ele>
        <time>2026-07-01T10:39:09.408Z</time>
      </trkpt>
      <trkpt lat="53.37495889" lon="13.84797278">
        <ele>28</ele>
        <time>2026-07-01T10:39:33.041Z</time>
      </trkpt>
      <trkpt lat="53.37604612" lon="13.84876056">
        <ele>27.92308</ele>
        <time>2026-07-01T10:40:00.967Z</time>
      </trkpt>
      <trkpt lat="53.37692973" lon="13.84933417">
        <ele>28</ele>
        <time>2026-07-01T10:40:23.306Z</time>
      </trkpt>
      <trkpt lat="53.37870251" lon="13.85029834">
        <ele>27.92308</ele>
        <time>2026-07-01T10:41:07.241Z</time>
      </trkpt>
      <trkpt lat="53.37948501" lon="13.85012306">
        <ele>28.53846</ele>
        <time>2026-07-01T10:41:25.847Z</time>
      </trkpt>
      <trkpt lat="53.38054639" lon="13.84953862">
        <ele>29.84615</ele>
        <time>2026-07-01T10:41:52.183Z</time>
      </trkpt>
      <trkpt lat="53.38159139" lon="13.84882112">
        <ele>31.07692</ele>
        <time>2026-07-01T10:42:18.806Z</time>
      </trkpt>
      <trkpt lat="53.38207362" lon="13.84827862">
        <ele>32.69231</ele>
        <time>2026-07-01T10:42:32.503Z</time>
      </trkpt>
      <trkpt lat="53.38266584" lon="13.84752973">
        <ele>34</ele>
        <time>2026-07-01T10:42:50.001Z</time>
      </trkpt>
      <trkpt lat="53.38362223" lon="13.84618639">
        <ele>35.15385</ele>
        <time>2026-07-01T10:43:19.435Z</time>
      </trkpt>
      <trkpt lat="53.38618834" lon="13.84423612">
        <ele>35.84615</ele>
        <time>2026-07-01T10:44:25.864Z</time>
      </trkpt>
      <trkpt lat="53.38846223" lon="13.84298501">
        <ele>37.07692</ele>
        <time>2026-07-01T10:45:22.28Z</time>
      </trkpt>
      <trkpt lat="53.39025195" lon="13.84227084">
        <ele>38.07692</ele>
        <time>2026-07-01T10:46:05.644Z</time>
      </trkpt>
      <trkpt lat="53.39058028" lon="13.84219167">
        <ele>39</ele>
        <time>2026-07-01T10:46:13.462Z</time>
      </trkpt>
      <trkpt lat="53.39393473" lon="13.84328251">
        <ele>39.76923</ele>
        <time>2026-07-01T10:47:34Z</time>
      </trkpt>
      <trkpt lat="53.39540528" lon="13.84337056">
        <ele>40.53846</ele>
        <time>2026-07-01T10:48:08.68Z</time>
      </trkpt>
      <trkpt lat="53.39746389" lon="13.84366528">
        <ele>41.30769</ele>
        <time>2026-07-01T10:48:57.374Z</time>
      </trkpt>
      <trkpt lat="53.39928139" lon="13.84407028">
        <ele>41.69231</ele>
        <time>2026-07-01T10:49:40.586Z</time>
      </trkpt>
      <trkpt lat="53.40278639" lon="13.84516223">
        <ele>41.76923</ele>
        <time>2026-07-01T10:51:04.612Z</time>
      </trkpt>
      <trkpt lat="53.40421723" lon="13.84509834">
        <ele>41.69231</ele>
        <time>2026-07-01T10:51:38.346Z</time>
      </trkpt>
      <trkpt lat="53.40449417" lon="13.84531389">
        <ele>41.46154</ele>
        <time>2026-07-01T10:51:45.543Z</time>
      </trkpt>
      <trkpt lat="53.40528362" lon="13.84613084">
        <ele>41.38462</ele>
        <time>2026-07-01T10:52:07.419Z</time>
      </trkpt>
      <trkpt lat="53.40578889" lon="13.84673112">
        <ele>41.23077</ele>
        <time>2026-07-01T10:52:22.023Z</time>
      </trkpt>
      <trkpt lat="53.40644334" lon="13.84703139">
        <ele>41.46154</ele>
        <time>2026-07-01T10:52:38.015Z</time>
      </trkpt>
      <trkpt lat="53.4080325" lon="13.84760389">
        <ele>41.30769</ele>
        <time>2026-07-01T10:53:16.327Z</time>
      </trkpt>
      <trkpt lat="53.40982084" lon="13.84857528">
        <ele>41.23077</ele>
        <time>2026-07-01T10:54:00.639Z</time>
      </trkpt>
      <trkpt lat="53.41104917" lon="13.84892612">
        <ele>41.07692</ele>
        <time>2026-07-01T10:54:30.006Z</time>
      </trkpt>
      <trkpt lat="53.41169695" lon="13.848975">
        <ele>41</ele>
        <time>2026-07-01T10:54:45.288Z</time>
      </trkpt>
      <trkpt lat="53.41174639" lon="13.84885612">
        <ele>41</ele>
        <time>2026-07-01T10:54:47.326Z</time>
      </trkpt>
      <trkpt lat="53.41261501" lon="13.85004417">
        <ele>40.92308</ele>
        <time>2026-07-01T10:55:13.764Z</time>
      </trkpt>
      <trkpt lat="53.41352139" lon="13.85095973">
        <ele>40.76923</ele>
        <time>2026-07-01T10:55:38.715Z</time>
      </trkpt>
      <trkpt lat="53.41491417" lon="13.85169278">
        <ele>40.69231</ele>
        <time>2026-07-01T10:56:13.125Z</time>
      </trkpt>
      <trkpt lat="53.41541695" lon="13.85177417">
        <ele>40.61538</ele>
        <time>2026-07-01T10:56:25.03Z</time>
      </trkpt>
      <trkpt lat="53.41585806" lon="13.85175584">
        <ele>41</ele>
        <time>2026-07-01T10:56:35.429Z</time>
      </trkpt>
      <trkpt lat="53.41678139" lon="13.85238167">
        <ele>41.30769</ele>
        <time>2026-07-01T10:56:58.907Z</time>
      </trkpt>
      <trkpt lat="53.41792889" lon="13.85323195">
        <ele>41.61538</ele>
        <time>2026-07-01T10:57:28.483Z</time>
      </trkpt>
      <trkpt lat="53.41914917" lon="13.85384112">
        <ele>41.69231</ele>
        <time>2026-07-01T10:57:58.494Z</time>
      </trkpt>
      <trkpt lat="53.42060917" lon="13.85446612">
        <ele>40.92308</ele>
        <time>2026-07-01T10:58:34.011Z</time>
      </trkpt>
      <trkpt lat="53.42260278" lon="13.85507695">
        <ele>39.84615</ele>
        <time>2026-07-01T10:59:21.777Z</time>
      </trkpt>
      <trkpt lat="53.42503362" lon="13.85556889">
        <ele>38.76923</ele>
        <time>2026-07-01T11:00:19.485Z</time>
      </trkpt>
      <trkpt lat="53.42757778" lon="13.85643056">
        <ele>38.46154</ele>
        <time>2026-07-01T11:01:20.661Z</time>
      </trkpt>
      <trkpt lat="53.42896139" lon="13.85698139">
        <ele>37.53846</ele>
        <time>2026-07-01T11:01:54.179Z</time>
      </trkpt>
      <trkpt lat="53.42973945" lon="13.85734667">
        <ele>36.69231</ele>
        <time>2026-07-01T11:02:13.222Z</time>
      </trkpt>
      <trkpt lat="53.43062362" lon="13.85762973">
        <ele>36.15385</ele>
        <time>2026-07-01T11:02:34.437Z</time>
      </trkpt>
      <trkpt lat="53.43129778" lon="13.85757445">
        <ele>36</ele>
        <time>2026-07-01T11:02:50.345Z</time>
      </trkpt>
      <trkpt lat="53.43229223" lon="13.85802723">
        <ele>35.92308</ele>
        <time>2026-07-01T11:03:14.631Z</time>
      </trkpt>
      <trkpt lat="53.43344167" lon="13.85940445">
        <ele>35.53846</ele>
        <time>2026-07-01T11:03:47.942Z</time>
      </trkpt>
      <trkpt lat="53.43405306" lon="13.86036584">
        <ele>35.23077</ele>
        <time>2026-07-01T11:04:07.709Z</time>
      </trkpt>
      <trkpt lat="53.43505528" lon="13.86117389">
        <ele>35.07692</ele>
        <time>2026-07-01T11:04:33.925Z</time>
      </trkpt>
      <trkpt lat="53.43592334" lon="13.86092667">
        <ele>35.07692</ele>
        <time>2026-07-01T11:04:54.677Z</time>
      </trkpt>
      <trkpt lat="53.43900639" lon="13.8597425">
        <ele>36.07692</ele>
        <time>2026-07-01T11:06:09.226Z</time>
      </trkpt>
      <trkpt lat="53.44205945" lon="13.85162167">
        <ele>37.46154</ele>
        <time>2026-07-01T11:08:24.27Z</time>
      </trkpt>
      <trkpt lat="53.44340862" lon="13.85113334">
        <ele>38.92308</ele>
        <time>2026-07-01T11:08:56.802Z</time>
      </trkpt>
      <trkpt lat="53.44381389" lon="13.85275862">
        <ele>38.30769</ele>
        <time>2026-07-01T11:09:21.586Z</time>
      </trkpt>
      <trkpt lat="53.44485167" lon="13.85608806">
        <ele>38.07692</ele>
        <time>2026-07-01T11:10:14.435Z</time>
      </trkpt>
      <trkpt lat="53.44518056" lon="13.85792556">
        <ele>37.53846</ele>
        <time>2026-07-01T11:10:41.427Z</time>
      </trkpt>
      <trkpt lat="53.44537306" lon="13.85833223">
        <ele>36.76923</ele>
        <time>2026-07-01T11:10:48.724Z</time>
      </trkpt>
      <trkpt lat="53.44581056" lon="13.85936834">
        <ele>35.53846</ele>
        <time>2026-07-01T11:11:06.58Z</time>
      </trkpt>
      <trkpt lat="53.44769278" lon="13.86425751">
        <ele>34.30769</ele>
        <time>2026-07-01T11:12:28.434Z</time>
      </trkpt>
      <trkpt lat="53.45030362" lon="13.87087473">
        <ele>32.61538</ele>
        <time>2026-07-01T11:14:20.031Z</time>
      </trkpt>
      <trkpt lat="53.45052473" lon="13.8713225">
        <ele>31.07692</ele>
        <time>2026-07-01T11:14:28.201Z</time>
      </trkpt>
      <trkpt lat="53.45096001" lon="13.87147639">
        <ele>29.38461</ele>
        <time>2026-07-01T11:14:38.685Z</time>
      </trkpt>
      <trkpt lat="53.45067056" lon="13.87339056">
        <ele>28.23077</ele>
        <time>2026-07-01T11:15:06.466Z</time>
      </trkpt>
      <trkpt lat="53.45004501" lon="13.87459889">
        <ele>26.53846</ele>
        <time>2026-07-01T11:15:28.968Z</time>
      </trkpt>
      <trkpt lat="53.44923001" lon="13.87793">
        <ele>24.84615</ele>
        <time>2026-07-01T11:16:19.617Z</time>
      </trkpt>
      <trkpt lat="53.44793945" lon="13.87984417">
        <ele>23.23077</ele>
        <time>2026-07-01T11:17:00.243Z</time>
      </trkpt>
      <trkpt lat="53.44761362" lon="13.88056501">
        <ele>22.76923</ele>
        <time>2026-07-01T11:17:12.964Z</time>
      </trkpt>
      <trkpt lat="53.44738001" lon="13.88219112">
        <ele>22</ele>
        <time>2026-07-01T11:17:36.496Z</time>
      </trkpt>
      <trkpt lat="53.44733751" lon="13.88384139">
        <ele>21.38461</ele>
        <time>2026-07-01T11:17:59.737Z</time>
      </trkpt>
      <trkpt lat="53.44724334" lon="13.88560084">
        <ele>21</ele>
        <time>2026-07-01T11:18:24.592Z</time>
      </trkpt>
      <trkpt lat="53.44701223" lon="13.88693362">
        <ele>20.30769</ele>
        <time>2026-07-01T11:18:44.119Z</time>
      </trkpt>
      <trkpt lat="53.44578778" lon="13.88835334">
        <ele>19.38461</ele>
        <time>2026-07-01T11:19:19.216Z</time>
      </trkpt>
      <trkpt lat="53.44528917" lon="13.88902862">
        <ele>19.30769</ele>
        <time>2026-07-01T11:19:34.328Z</time>
      </trkpt>
      <trkpt lat="53.44403112" lon="13.89260751">
        <ele>18.61539</ele>
        <time>2026-07-01T11:20:32.766Z</time>
      </trkpt>
      <trkpt lat="53.44395584" lon="13.89593862">
        <ele>18.23077</ele>
        <time>2026-07-01T11:21:19.672Z</time>
      </trkpt>
      <trkpt lat="53.44384528" lon="13.89895667">
        <ele>17.07692</ele>
        <time>2026-07-01T11:22:02.219Z</time>
      </trkpt>
      <trkpt lat="53.44353278" lon="13.90010195">
        <ele>17.23077</ele>
        <time>2026-07-01T11:22:19.938Z</time>
      </trkpt>
      <trkpt lat="53.44294834" lon="13.90130195">
        <ele>17.38461</ele>
        <time>2026-07-01T11:22:41.729Z</time>
      </trkpt>
      <trkpt lat="53.44262889" lon="13.90491278">
        <ele>17.84615</ele>
        <time>2026-07-01T11:23:33.093Z</time>
      </trkpt>
      <trkpt lat="53.44190028" lon="13.91329973">
        <ele>18.38461</ele>
        <time>2026-07-01T11:25:32.353Z</time>
      </trkpt>
      <trkpt lat="53.44170223" lon="13.91440056">
        <ele>18.92308</ele>
        <time>2026-07-01T11:25:48.532Z</time>
      </trkpt>
      <trkpt lat="53.44146778" lon="13.91544556">
        <ele>19.69231</ele>
        <time>2026-07-01T11:26:04.241Z</time>
      </trkpt>
      <trkpt lat="53.44119528" lon="13.91667195">
        <ele>19.76923</ele>
        <time>2026-07-01T11:26:22.655Z</time>
      </trkpt>
      <trkpt lat="53.44063" lon="13.91839362">
        <ele>20.53846</ele>
        <time>2026-07-01T11:26:50.304Z</time>
      </trkpt>
      <trkpt lat="53.44025" lon="13.92097306">
        <ele>20.76923</ele>
        <time>2026-07-01T11:27:27.691Z</time>
      </trkpt>
      <trkpt lat="53.44025917" lon="13.92093667">
        <ele>20.92308</ele>
        <time>2026-07-01T11:27:28.246Z</time>
      </trkpt>
      <trkpt lat="53.44299389" lon="13.92193945">
        <ele>21.38461</ele>
        <time>2026-07-01T11:28:34.225Z</time>
      </trkpt>
      <trkpt lat="53.44429695" lon="13.92271139">
        <ele>22.07692</ele>
        <time>2026-07-01T11:29:06.8Z</time>
      </trkpt>
      <trkpt lat="53.44545028" lon="13.92160834">
        <ele>22.76923</ele>
        <time>2026-07-01T11:29:38.101Z</time>
      </trkpt>
      <trkpt lat="53.44872917" lon="13.92309917">
        <ele>22.69231</ele>
        <time>2026-07-01T11:30:58.175Z</time>
      </trkpt>
      <trkpt lat="53.45124862" lon="13.92455639">
        <ele>22.61539</ele>
        <time>2026-07-01T11:32:00.994Z</time>
      </trkpt>
      <trkpt lat="53.45300362" lon="13.92592778">
        <ele>22.07692</ele>
        <time>2026-07-01T11:32:46.635Z</time>
      </trkpt>
      <trkpt lat="53.45712667" lon="13.92855389">
        <ele>21.46154</ele>
        <time>2026-07-01T11:34:30.594Z</time>
      </trkpt>
      <trkpt lat="53.45744278" lon="13.92928695">
        <ele>21.07692</ele>
        <time>2026-07-01T11:34:43.315Z</time>
      </trkpt>
      <trkpt lat="53.45834639" lon="13.92972">
        <ele>20.69231</ele>
        <time>2026-07-01T11:35:05.464Z</time>
      </trkpt>
      <trkpt lat="53.45833112" lon="13.93093945">
        <ele>20.53846</ele>
        <time>2026-07-01T11:35:22.621Z</time>
      </trkpt>
      <trkpt lat="53.45975028" lon="13.93193306">
        <ele>20.15385</ele>
        <time>2026-07-01T11:35:58.871Z</time>
      </trkpt>
      <trkpt lat="53.46046584" lon="13.93249889">
        <ele>20.46154</ele>
        <time>2026-07-01T11:36:17.519Z</time>
      </trkpt>
      <trkpt lat="53.46200778" lon="13.9333575">
        <ele>20.38461</ele>
        <time>2026-07-01T11:36:55.814Z</time>
      </trkpt>
      <trkpt lat="53.46241" lon="13.93355862">
        <ele>20.23077</ele>
        <time>2026-07-01T11:37:05.706Z</time>
      </trkpt>
      <trkpt lat="53.46238084" lon="13.93348889">
        <ele>19.61539</ele>
        <time>2026-07-01T11:37:06.903Z</time>
      </trkpt>
      <trkpt lat="53.46267889" lon="13.93325723">
        <ele>19.07692</ele>
        <time>2026-07-01T11:37:14.645Z</time>
      </trkpt>
      <trkpt lat="53.46339362" lon="13.93162778">
        <ele>18.38461</ele>
        <time>2026-07-01T11:37:43.088Z</time>
      </trkpt>
      <trkpt lat="53.46399889" lon="13.93150806">
        <ele>18.07692</ele>
        <time>2026-07-01T11:37:57.452Z</time>
      </trkpt>
      <trkpt lat="53.46479223" lon="13.92958778">
        <ele>17.53846</ele>
        <time>2026-07-01T11:38:30.3Z</time>
      </trkpt>
      <trkpt lat="53.47015584" lon="13.93338028">
        <ele>17</ele>
        <time>2026-07-01T11:40:47.502Z</time>
      </trkpt>
      <trkpt lat="53.47013195" lon="13.93337751">
        <ele>16.69231</ele>
        <time>2026-07-01T11:40:48.066Z</time>
      </trkpt>
      <trkpt lat="53.47164084" lon="13.93401806">
        <ele>16.84615</ele>
        <time>2026-07-01T11:41:24.751Z</time>
      </trkpt>
      <trkpt lat="53.47166667" lon="13.93604945">
        <ele>17.53846</ele>
        <time>2026-07-01T11:41:53.323Z</time>
      </trkpt>
      <trkpt lat="53.47177" lon="13.94042195">
        <ele>18</ele>
        <time>2026-07-01T11:42:54.857Z</time>
      </trkpt>
      <trkpt lat="53.47241167" lon="13.94134362">
        <ele>18.38461</ele>
        <time>2026-07-01T11:43:14.774Z</time>
      </trkpt>
      <trkpt lat="53.47441639" lon="13.94343417">
        <ele>19</ele>
        <time>2026-07-01T11:44:10.42Z</time>
      </trkpt>
      <trkpt lat="53.47531528" lon="13.94447001">
        <ele>20.07692</ele>
        <time>2026-07-01T11:44:36.129Z</time>
      </trkpt>
      <trkpt lat="53.47481778" lon="13.94515112">
        <ele>21.53846</ele>
        <time>2026-07-01T11:44:51.268Z</time>
      </trkpt>
      <trkpt lat="53.47320362" lon="13.95022695">
        <ele>23.46154</ele>
        <time>2026-07-01T11:46:12.146Z</time>
      </trkpt>
      <trkpt lat="53.47297556" lon="13.95064473">
        <ele>25.53846</ele>
        <time>2026-07-01T11:46:20.103Z</time>
      </trkpt>
      <trkpt lat="53.47233445" lon="13.95156362">
        <ele>27.38461</ele>
        <time>2026-07-01T11:46:39.984Z</time>
      </trkpt>
      <trkpt lat="53.47179501" lon="13.95233">
        <ele>29.61539</ele>
        <time>2026-07-01T11:46:56.651Z</time>
      </trkpt>
      <trkpt lat="53.4706" lon="13.95278723">
        <ele>31.76923</ele>
        <time>2026-07-01T11:47:25.538Z</time>
      </trkpt>
      <trkpt lat="53.47011306" lon="13.95421751">
        <ele>33.92308</ele>
        <time>2026-07-01T11:47:48.695Z</time>
      </trkpt>
      <trkpt lat="53.46939917" lon="13.95716334">
        <ele>35.76923</ele>
        <time>2026-07-01T11:48:33.407Z</time>
      </trkpt>
      <trkpt lat="53.46924751" lon="13.95818973">
        <ele>37.15385</ele>
        <time>2026-07-01T11:48:48.277Z</time>
      </trkpt>
      <trkpt lat="53.46952778" lon="13.95965223">
        <ele>39</ele>
        <time>2026-07-01T11:49:09.878Z</time>
      </trkpt>
      <trkpt lat="53.46899139" lon="13.96055695">
        <ele>41.15385</ele>
        <time>2026-07-01T11:49:27.814Z</time>
      </trkpt>
      <trkpt lat="53.46847667" lon="13.96413223">
        <ele>43.07692</ele>
        <time>2026-07-01T11:50:19.535Z</time>
      </trkpt>
      <trkpt lat="53.46793139" lon="13.96873889">
        <ele>44.76923</ele>
        <time>2026-07-01T11:51:25.581Z</time>
      </trkpt>
      <trkpt lat="53.46731306" lon="13.97256584">
        <ele>46.23077</ele>
        <time>2026-07-01T11:52:21.338Z</time>
      </trkpt>
      <trkpt lat="53.46740445" lon="13.97247028">
        <ele>47.69231</ele>
        <time>2026-07-01T11:52:23.876Z</time>
      </trkpt>
      <trkpt lat="53.46850695" lon="13.97469473">
        <ele>48.76923</ele>
        <time>2026-07-01T11:53:04.543Z</time>
      </trkpt>
      <trkpt lat="53.46990278" lon="13.97580056">
        <ele>49.53846</ele>
        <time>2026-07-01T11:53:40.931Z</time>
      </trkpt>
      <trkpt lat="53.47212973" lon="13.97724556">
        <ele>50.38462</ele>
        <time>2026-07-01T11:54:37.213Z</time>
      </trkpt>
      <trkpt lat="53.47217417" lon="13.97732306">
        <ele>50.92308</ele>
        <time>2026-07-01T11:54:38.724Z</time>
      </trkpt>
      <trkpt lat="53.47298251" lon="13.97824195">
        <ele>51.46154</ele>
        <time>2026-07-01T11:55:01.744Z</time>
      </trkpt>
      <trkpt lat="53.47375445" lon="13.97909528">
        <ele>52.07692</ele>
        <time>2026-07-01T11:55:23.538Z</time>
      </trkpt>
      <trkpt lat="53.47517167" lon="13.98040167">
        <ele>52.23077</ele>
        <time>2026-07-01T11:56:01.657Z</time>
      </trkpt>
      <trkpt lat="53.47591445" lon="13.98104862">
        <ele>51.46154</ele>
        <time>2026-07-01T11:56:21.385Z</time>
      </trkpt>
      <trkpt lat="53.47721917" lon="13.98211889">
        <ele>50.46154</ele>
        <time>2026-07-01T11:56:55.62Z</time>
      </trkpt>
      <trkpt lat="53.47837778" lon="13.98284251">
        <ele>49.76923</ele>
        <time>2026-07-01T11:57:24.76Z</time>
      </trkpt>
      <trkpt lat="53.47932001" lon="13.98297028">
        <ele>48.84615</ele>
        <time>2026-07-01T11:57:47.039Z</time>
      </trkpt>
      <trkpt lat="53.48368389" lon="13.98281306">
        <ele>47.46154</ele>
        <time>2026-07-01T11:59:29.912Z</time>
      </trkpt>
      <trkpt lat="53.48638723" lon="13.98299389">
        <ele>45.23077</ele>
        <time>2026-07-01T12:00:33.676Z</time>
      </trkpt>
      <trkpt lat="53.48903167" lon="13.98259834">
        <ele>42.84615</ele>
        <time>2026-07-01T12:01:36.248Z</time>
      </trkpt>
      <trkpt lat="53.48983389" lon="13.98274334">
        <ele>40.38462</ele>
        <time>2026-07-01T12:01:55.264Z</time>
      </trkpt>
      <trkpt lat="53.49031001" lon="13.98286278">
        <ele>37.69231</ele>
        <time>2026-07-01T12:02:06.61Z</time>
      </trkpt>
      <trkpt lat="53.49158223" lon="13.98311556">
        <ele>35.84615</ele>
        <time>2026-07-01T12:02:36.804Z</time>
      </trkpt>
      <trkpt lat="53.49461584" lon="13.98336945">
        <ele>33.92308</ele>
        <time>2026-07-01T12:03:48.39Z</time>
      </trkpt>
      <trkpt lat="53.49781473" lon="13.98365834">
        <ele>31.84615</ele>
        <time>2026-07-01T12:05:03.892Z</time>
      </trkpt>
      <trkpt lat="53.49876028" lon="13.98365834">
        <ele>29.84615</ele>
        <time>2026-07-01T12:05:26.177Z</time>
      </trkpt>
      <trkpt lat="53.49924139" lon="13.98362612">
        <ele>27.92308</ele>
        <time>2026-07-01T12:05:37.525Z</time>
      </trkpt>
      <trkpt lat="53.49925278" lon="13.98361834">
        <ele>27.79865</ele>
        <time>2026-07-01T12:05:37.815Z</time>
      </trkpt>
      <trkpt lat="53.49930778" lon="13.98426834">
        <ele>23.84615</ele>
        <time>2026-07-01T12:05:47.041Z</time>
      </trkpt>
      <trkpt lat="53.50067973" lon="13.98633917">
        <ele>22.23077</ele>
        <time>2026-07-01T12:06:30.542Z</time>
      </trkpt>
      <trkpt lat="53.50067751" lon="13.98640612">
        <ele>22.09871</ele>
        <time>2026-07-01T12:06:31.483Z</time>
      </trkpt>
      <trkpt lat="53.50121695" lon="13.98521723">
        <ele>19.15385</ele>
        <time>2026-07-01T12:06:52.477Z</time>
      </trkpt>
      <trkpt lat="53.50196917" lon="13.98383806">
        <ele>18.23077</ele>
        <time>2026-07-01T12:07:18.743Z</time>
      </trkpt>
      <trkpt lat="53.50238584" lon="13.9835075">
        <ele>17.53846</ele>
        <time>2026-07-01T12:07:29.604Z</time>
      </trkpt>
      <trkpt lat="53.50280501" lon="13.98313917">
        <ele>16.76923</ele>
        <time>2026-07-01T12:07:40.754Z</time>
      </trkpt>
      <trkpt lat="53.50294362" lon="13.98281639">
        <ele>15.53846</ele>
        <time>2026-07-01T12:07:46.339Z</time>
      </trkpt>
      <trkpt lat="53.50314001" lon="13.98205612">
        <ele>14.15385</ele>
        <time>2026-07-01T12:07:57.982Z</time>
      </trkpt>
      <trkpt lat="53.50335556" lon="13.98173112">
        <ele>12.61539</ele>
        <time>2026-07-01T12:08:04.809Z</time>
      </trkpt>
      <trkpt lat="53.50350195" lon="13.98153251">
        <ele>11.69231</ele>
        <time>2026-07-01T12:08:09.244Z</time>
      </trkpt>
      <trkpt lat="53.503865" lon="13.98160501">
        <ele>11.38461</ele>
        <time>2026-07-01T12:08:17.861Z</time>
      </trkpt>
      <trkpt lat="53.50438028" lon="13.98173139">
        <ele>11.23077</ele>
        <time>2026-07-01T12:08:30.134Z</time>
      </trkpt>
      <trkpt lat="53.50494445" lon="13.98180889">
        <ele>10.92308</ele>
        <time>2026-07-01T12:08:43.475Z</time>
      </trkpt>
      <trkpt lat="53.50509389" lon="13.98185306">
        <ele>10.30769</ele>
        <time>2026-07-01T12:08:47.051Z</time>
      </trkpt>
      <trkpt lat="53.50534917" lon="13.98106417">
        <ele>10.07692</ele>
        <time>2026-07-01T12:08:59.663Z</time>
      </trkpt>
      <trkpt lat="53.50561612" lon="13.98043112">
        <ele>10</ele>
        <time>2026-07-01T12:09:10.558Z</time>
      </trkpt>
      <trkpt lat="53.50580501" lon="13.98064306">
        <ele>9.923077</ele>
        <time>2026-07-01T12:09:15.912Z</time>
      </trkpt>
      <trkpt lat="53.50624667" lon="13.98090862">
        <ele>9.538462</ele>
        <time>2026-07-01T12:09:26.968Z</time>
      </trkpt>
      <trkpt lat="53.50689417" lon="13.98121139">
        <ele>9.230769</ele>
        <time>2026-07-01T12:09:42.809Z</time>
      </trkpt>
      <trkpt lat="53.50741612" lon="13.98154334">
        <ele>9.076923</ele>
        <time>2026-07-01T12:09:55.963Z</time>
      </trkpt>
      <trkpt lat="53.50781278" lon="13.98193389">
        <ele>9.076923</ele>
        <time>2026-07-01T12:10:06.8Z</time>
      </trkpt>
      <trkpt lat="53.50798639" lon="13.98210695">
        <ele>9.230769</ele>
        <time>2026-07-01T12:10:11.558Z</time>
      </trkpt>
      <trkpt lat="53.50795917" lon="13.98203639">
        <ele>9.153846</ele>
        <time>2026-07-01T12:10:12.738Z</time>
      </trkpt>
      <trkpt lat="53.50838112" lon="13.9829625">
        <ele>9</ele>
        <time>2026-07-01T12:10:29.115Z</time>
      </trkpt>
      <trkpt lat="53.50863806" lon="13.98358584">
        <ele>8.769231</ele>
        <time>2026-07-01T12:10:39.762Z</time>
      </trkpt>
      <trkpt lat="53.50891278" lon="13.98411639">
        <ele>8.692307</ele>
        <time>2026-07-01T12:10:49.635Z</time>
      </trkpt>
      <trkpt lat="53.50903445" lon="13.98424917">
        <ele>8.692307</ele>
        <time>2026-07-01T12:10:53.055Z</time>
      </trkpt>
      <trkpt lat="53.50930417" lon="13.98456584">
        <ele>8.769231</ele>
        <time>2026-07-01T12:11:00.811Z</time>
      </trkpt>
      <trkpt lat="53.50966139" lon="13.98515195">
        <ele>9</ele>
        <time>2026-07-01T12:11:12.588Z</time>
      </trkpt>
      <trkpt lat="53.50978362" lon="13.98541945">
        <ele>9.230769</ele>
        <time>2026-07-01T12:11:17.32Z</time>
      </trkpt>
      <trkpt lat="53.51000667" lon="13.98575528">
        <ele>9.538462</ele>
        <time>2026-07-01T12:11:24.38Z</time>
      </trkpt>
      <trkpt lat="53.51021473" lon="13.98621862">
        <ele>10</ele>
        <time>2026-07-01T12:11:32.524Z</time>
      </trkpt>
      <trkpt lat="53.51033862" lon="13.98689001">
        <ele>10.07692</ele>
        <time>2026-07-01T12:11:42.398Z</time>
      </trkpt>
      <trkpt lat="53.51055778" lon="13.9874975">
        <ele>10.07692</ele>
        <time>2026-07-01T12:11:52.374Z</time>
      </trkpt>
      <trkpt lat="53.5109175" lon="13.98802667">
        <ele>10</ele>
        <time>2026-07-01T12:12:03.65Z</time>
      </trkpt>
      <trkpt lat="53.51130028" lon="13.9885825">
        <ele>9.846154</ele>
        <time>2026-07-01T12:12:15.582Z</time>
      </trkpt>
      <trkpt lat="53.51153556" lon="13.98808195">
        <ele>9.692307</ele>
        <time>2026-07-01T12:12:24.537Z</time>
      </trkpt>
      <trkpt lat="53.51234834" lon="13.98886667">
        <ele>9.461538</ele>
        <time>2026-07-01T12:12:46.639Z</time>
      </trkpt>
      <trkpt lat="53.51296056" lon="13.989505">
        <ele>9.307693</ele>
        <time>2026-07-01T12:13:03.628Z</time>
      </trkpt>
      <trkpt lat="53.51323251" lon="13.98990639">
        <ele>9.307693</ele>
        <time>2026-07-01T12:13:12.16Z</time>
      </trkpt>
      <trkpt lat="53.51347167" lon="13.99043084">
        <ele>9.307693</ele>
        <time>2026-07-01T12:13:21.436Z</time>
      </trkpt>
      <trkpt lat="53.51374973" lon="13.99098584">
        <ele>8.923077</ele>
        <time>2026-07-01T12:13:31.621Z</time>
      </trkpt>
      <trkpt lat="53.51390584" lon="13.99120501">
        <ele>8.461538</ele>
        <time>2026-07-01T12:13:36.416Z</time>
      </trkpt>
      <trkpt lat="53.51411362" lon="13.99151667">
        <ele>8</ele>
        <time>2026-07-01T12:13:42.981Z</time>
      </trkpt>
      <trkpt lat="53.51448362" lon="13.9920025">
        <ele>7.307693</ele>
        <time>2026-07-01T12:13:54.055Z</time>
      </trkpt>
      <trkpt lat="53.51488556" lon="13.99250056">
        <ele>7</ele>
        <time>2026-07-01T12:14:05.832Z</time>
      </trkpt>
      <trkpt lat="53.51517084" lon="13.99273723">
        <ele>6.692307</ele>
        <time>2026-07-01T12:14:13.331Z</time>
      </trkpt>
      <trkpt lat="53.51562417" lon="13.99314167">
        <ele>6.461538</ele>
        <time>2026-07-01T12:14:25.429Z</time>
      </trkpt>
      <trkpt lat="53.51626278" lon="13.99390223">
        <ele>6.307693</ele>
        <time>2026-07-01T12:14:43.886Z</time>
      </trkpt>
      <trkpt lat="53.51684167" lon="13.99460473">
        <ele>6.230769</ele>
        <time>2026-07-01T12:15:00.724Z</time>
      </trkpt>
      <trkpt lat="53.51705584" lon="13.99485084">
        <ele>6.230769</ele>
        <time>2026-07-01T12:15:06.84Z</time>
      </trkpt>
      <trkpt lat="53.51684889" lon="13.99546251">
        <ele>6.076923</ele>
        <time>2026-07-01T12:15:16.72Z</time>
      </trkpt>
      <trkpt lat="53.51665862" lon="13.9952475">
        <ele>6</ele>
        <time>2026-07-01T12:15:22.125Z</time>
      </trkpt>
      <trkpt lat="53.51648445" lon="13.99547473">
        <ele>5.846154</ele>
        <time>2026-07-01T12:15:27.323Z</time>
      </trkpt>
      <trkpt lat="53.516465" lon="13.99575723">
        <ele>5.692307</ele>
        <time>2026-07-01T12:15:31.313Z</time>
      </trkpt>
      <trkpt lat="53.51649528" lon="13.9962825">
        <ele>5.538462</ele>
        <time>2026-07-01T12:15:38.726Z</time>
      </trkpt>
      <trkpt lat="53.5164875" lon="13.99819723">
        <ele>6</ele>
        <time>2026-07-01T12:16:05.623Z</time>
      </trkpt>
      <trkpt lat="53.51651112" lon="13.99993695">
        <ele>6.615385</ele>
        <time>2026-07-01T12:16:30.067Z</time>
      </trkpt>
      <trkpt lat="53.51660862" lon="14.00015278">
        <ele>7</ele>
        <time>2026-07-01T12:16:33.868Z</time>
      </trkpt>
      <trkpt lat="53.51659112" lon="14.00040334">
        <ele>7.307693</ele>
        <time>2026-07-01T12:16:37.408Z</time>
      </trkpt>
      <trkpt lat="53.51710473" lon="14.00093139">
        <ele>7.769231</ele>
        <time>2026-07-01T12:16:51.605Z</time>
      </trkpt>
      <trkpt lat="53.51783389" lon="14.00152723">
        <ele>8.461538</ele>
        <time>2026-07-01T12:17:10.72Z</time>
      </trkpt>
      <trkpt lat="53.51757889" lon="14.00401778">
        <ele>8.615385</ele>
        <time>2026-07-01T12:17:46.216Z</time>
      </trkpt>
      <trkpt lat="53.51750639" lon="14.00476889">
        <ele>8.769231</ele>
        <time>2026-07-01T12:17:56.904Z</time>
      </trkpt>
      <trkpt lat="53.51883834" lon="14.005455">
        <ele>9.230769</ele>
        <time>2026-07-01T12:18:29.742Z</time>
      </trkpt>
      <trkpt lat="53.52005195" lon="14.00619167">
        <ele>9.230769</ele>
        <time>2026-07-01T12:19:00.159Z</time>
      </trkpt>
      <trkpt lat="53.52055667" lon="14.00663112">
        <ele>9.307693</ele>
        <time>2026-07-01T12:19:13.557Z</time>
      </trkpt>
      <trkpt lat="53.52121056" lon="14.00756251">
        <ele>9.846154</ele>
        <time>2026-07-01T12:19:33.772Z</time>
      </trkpt>
      <trkpt lat="53.52198612" lon="14.0086275">
        <ele>10.30769</ele>
        <time>2026-07-01T12:19:57.391Z</time>
      </trkpt>
      <trkpt lat="53.52205001" lon="14.00936612">
        <ele>10</ele>
        <time>2026-07-01T12:20:07.874Z</time>
      </trkpt>
      <trkpt lat="53.52224945" lon="14.01179139">
        <ele>9.615385</ele>
        <time>2026-07-01T12:20:42.26Z</time>
      </trkpt>
      <trkpt lat="53.52284889" lon="14.01838889">
        <ele>9.384615</ele>
        <time>2026-07-01T12:22:15.993Z</time>
      </trkpt>
      <trkpt lat="53.52289084" lon="14.01909667">
        <ele>9.384615</ele>
        <time>2026-07-01T12:22:25.983Z</time>
      </trkpt>
      <trkpt lat="53.52228334" lon="14.01996362">
        <ele>9.076923</ele>
        <time>2026-07-01T12:22:44.778Z</time>
      </trkpt>
      <trkpt lat="53.5231875" lon="14.02086667">
        <ele>8.769231</ele>
        <time>2026-07-01T12:23:09.577Z</time>
      </trkpt>
      <trkpt lat="53.53040695" lon="14.02842556">
        <ele>8.846154</ele>
        <time>2026-07-01T12:26:30.128Z</time>
      </trkpt>
      <trkpt lat="53.5316525" lon="14.02916278">
        <ele>8.923077</ele>
        <time>2026-07-01T12:27:01.256Z</time>
      </trkpt>
      <trkpt lat="53.53542834" lon="14.03119362">
        <ele>8.692307</ele>
        <time>2026-07-01T12:28:34.704Z</time>
      </trkpt>
      <trkpt lat="53.53969251" lon="14.03350417">
        <ele>8.846154</ele>
        <time>2026-07-01T12:30:20.311Z</time>
      </trkpt>
      <trkpt lat="53.54043639" lon="14.03385639">
        <ele>8.846154</ele>
        <time>2026-07-01T12:30:38.526Z</time>
      </trkpt>
      <trkpt lat="53.54047056" lon="14.03424306">
        <ele>9</ele>
        <time>2026-07-01T12:30:44.008Z</time>
      </trkpt>
      <trkpt lat="53.54163667" lon="14.03475056">
        <ele>9.846154</ele>
        <time>2026-07-01T12:31:12.4Z</time>
      </trkpt>
      <trkpt lat="53.54458417" lon="14.03732306">
        <ele>10.69231</ele>
        <time>2026-07-01T12:32:30.695Z</time>
      </trkpt>
      <trkpt lat="53.54685945" lon="14.03952195">
        <ele>11.23077</ele>
        <time>2026-07-01T12:33:32.569Z</time>
      </trkpt>
      <trkpt lat="53.54932223" lon="14.04072112">
        <ele>11.46154</ele>
        <time>2026-07-01T12:34:33.005Z</time>
      </trkpt>
      <trkpt lat="53.55261917" lon="14.04211445">
        <ele>11.53846</ele>
        <time>2026-07-01T12:35:53.133Z</time>
      </trkpt>
      <trkpt lat="53.55487084" lon="14.04294973">
        <ele>12</ele>
        <time>2026-07-01T12:36:47.481Z</time>
      </trkpt>
      <trkpt lat="53.55861195" lon="14.04102806">
        <ele>12.07692</ele>
        <time>2026-07-01T12:38:19.686Z</time>
      </trkpt>
      <trkpt lat="53.55888806" lon="14.04076167">
        <ele>12.30769</ele>
        <time>2026-07-01T12:38:27.189Z</time>
      </trkpt>
      <trkpt lat="53.56319334" lon="14.04909862">
        <ele>12.30769</ele>
        <time>2026-07-01T12:41:02.05Z</time>
      </trkpt>
      <trkpt lat="53.56495862" lon="14.05278001">
        <ele>12.38461</ele>
        <time>2026-07-01T12:42:08.377Z</time>
      </trkpt>
      <trkpt lat="53.56503306" lon="14.05292167">
        <ele>12.30769</ele>
        <time>2026-07-01T12:42:11.026Z</time>
      </trkpt>
      <trkpt lat="53.56629806" lon="14.05536889">
        <ele>12.38461</ele>
        <time>2026-07-01T12:42:56.5Z</time>
      </trkpt>
      <trkpt lat="53.56883362" lon="14.05792084">
        <ele>12.07692</ele>
        <time>2026-07-01T12:44:06.165Z</time>
      </trkpt>
      <trkpt lat="53.56952806" lon="14.0585975">
        <ele>11.15385</ele>
        <time>2026-07-01T12:44:25.086Z</time>
      </trkpt>
      <trkpt lat="53.57002584" lon="14.05906473">
        <ele>10.46154</ele>
        <time>2026-07-01T12:44:38.521Z</time>
      </trkpt>
      <trkpt lat="53.57049223" lon="14.059545">
        <ele>10.46154</ele>
        <time>2026-07-01T12:44:51.41Z</time>
      </trkpt>
      <trkpt lat="53.57122806" lon="14.06020862">
        <ele>10.46154</ele>
        <time>2026-07-01T12:45:11.094Z</time>
      </trkpt>
      <trkpt lat="53.57232056" lon="14.06118223">
        <ele>10.76923</ele>
        <time>2026-07-01T12:45:40.241Z</time>
      </trkpt>
      <trkpt lat="53.57245306" lon="14.06130973">
        <ele>10.53846</ele>
        <time>2026-07-01T12:45:43.839Z</time>
      </trkpt>
      <trkpt lat="53.57368334" lon="14.06249528">
        <ele>10.38461</ele>
        <time>2026-07-01T12:46:17.266Z</time>
      </trkpt>
      <trkpt lat="53.57461" lon="14.06346195">
        <ele>10.15385</ele>
        <time>2026-07-01T12:46:42.974Z</time>
      </trkpt>
      <trkpt lat="53.57583834" lon="14.06474917">
        <ele>10.07692</ele>
        <time>2026-07-01T12:47:17.094Z</time>
      </trkpt>
      <trkpt lat="53.57803528" lon="14.06680445">
        <ele>10.07692</ele>
        <time>2026-07-01T12:48:16.358Z</time>
      </trkpt>
      <trkpt lat="53.57957139" lon="14.06838028">
        <ele>10.46154</ele>
        <time>2026-07-01T12:48:58.776Z</time>
      </trkpt>
      <trkpt lat="53.58143417" lon="14.06999389">
        <ele>10.46154</ele>
        <time>2026-07-01T12:49:48.17Z</time>
      </trkpt>
      <trkpt lat="53.58232667" lon="14.07027973">
        <ele>10.69231</ele>
        <time>2026-07-01T12:50:09.583Z</time>
      </trkpt>
      <trkpt lat="53.58388223" lon="14.06957195">
        <ele>10.69231</ele>
        <time>2026-07-01T12:50:47.566Z</time>
      </trkpt>
      <trkpt lat="53.58578056" lon="14.06854973">
        <ele>10.53846</ele>
        <time>2026-07-01T12:51:34.548Z</time>
      </trkpt>
      <trkpt lat="53.58754917" lon="14.06759695">
        <ele>10.30769</ele>
        <time>2026-07-01T12:52:18.321Z</time>
      </trkpt>
      <trkpt lat="53.58977556" lon="14.06488278">
        <ele>10.46154</ele>
        <time>2026-07-01T12:53:23.145Z</time>
      </trkpt>
      <trkpt lat="53.59283362" lon="14.06116834">
        <ele>10.07692</ele>
        <time>2026-07-01T12:54:52.07Z</time>
      </trkpt>
      <trkpt lat="53.59343362" lon="14.06044667">
        <ele>9.769231</ele>
        <time>2026-07-01T12:55:09.459Z</time>
      </trkpt>
      <trkpt lat="53.59626695" lon="14.05692639">
        <ele>9.538462</ele>
        <time>2026-07-01T12:56:32.499Z</time>
      </trkpt>
      <trkpt lat="53.59868889" lon="14.05432028">
        <ele>9.538462</ele>
        <time>2026-07-01T12:57:40.274Z</time>
      </trkpt>
      <trkpt lat="53.60106445" lon="14.05121584">
        <ele>9.538462</ele>
        <time>2026-07-01T12:58:51.19Z</time>
      </trkpt>
      <trkpt lat="53.60286417" lon="14.04896862">
        <ele>9.538462</ele>
        <time>2026-07-01T12:59:44.026Z</time>
      </trkpt>
      <trkpt lat="53.60316778" lon="14.04862334">
        <ele>9.153846</ele>
        <time>2026-07-01T12:59:52.662Z</time>
      </trkpt>
      <trkpt lat="53.60842306" lon="14.04233834">
        <ele>9</ele>
        <time>2026-07-01T13:02:24.659Z</time>
      </trkpt>
      <trkpt lat="53.60940973" lon="14.04111695">
        <ele>8.615385</ele>
        <time>2026-07-01T13:02:53.536Z</time>
      </trkpt>
      <trkpt lat="53.6104925" lon="14.03977639">
        <ele>8.692307</ele>
        <time>2026-07-01T13:03:25.227Z</time>
      </trkpt>
      <trkpt lat="53.61114278" lon="14.03896112">
        <ele>9</ele>
        <time>2026-07-01T13:03:44.344Z</time>
      </trkpt>
      <trkpt lat="53.61318695" lon="14.03639917">
        <ele>9</ele>
        <time>2026-07-01T13:04:44.431Z</time>
      </trkpt>
      <trkpt lat="53.61333917" lon="14.03620834">
        <ele>9.076923</ele>
        <time>2026-07-01T13:04:48.904Z</time>
      </trkpt>
      <trkpt lat="53.61405945" lon="14.03537028">
        <ele>9.076923</ele>
        <time>2026-07-01T13:05:09.547Z</time>
      </trkpt>
      <trkpt lat="53.61643806" lon="14.03260195">
        <ele>9.153846</ele>
        <time>2026-07-01T13:06:17.723Z</time>
      </trkpt>
      <trkpt lat="53.61815195" lon="14.03060723">
        <ele>9.230769</ele>
        <time>2026-07-01T13:07:06.846Z</time>
      </trkpt>
      <trkpt lat="53.62156778" lon="14.02615112">
        <ele>9.076923</ele>
        <time>2026-07-01T13:08:48.731Z</time>
      </trkpt>
      <trkpt lat="53.62204862" lon="14.02483639">
        <ele>8.923077</ele>
        <time>2026-07-01T13:09:10.36Z</time>
      </trkpt>
      <trkpt lat="53.62225889" lon="14.02401584">
        <ele>8.692307</ele>
        <time>2026-07-01T13:09:22.88Z</time>
      </trkpt>
      <trkpt lat="53.62281306" lon="14.02205306">
        <ele>8.538462</ele>
        <time>2026-07-01T13:09:53.326Z</time>
      </trkpt>
      <trkpt lat="53.62372223" lon="14.01906639">
        <ele>8.538462</ele>
        <time>2026-07-01T13:10:40.341Z</time>
      </trkpt>
      <trkpt lat="53.62457973" lon="14.01834834">
        <ele>8.307693</ele>
        <time>2026-07-01T13:11:02.917Z</time>
      </trkpt>
      <trkpt lat="53.62585556" lon="14.01748945">
        <ele>8</ele>
        <time>2026-07-01T13:11:35.306Z</time>
      </trkpt>
      <trkpt lat="53.62622112" lon="14.01720278">
        <ele>7.769231</ele>
        <time>2026-07-01T13:11:44.81Z</time>
      </trkpt>
      <trkpt lat="53.62760001" lon="14.01639667">
        <ele>7.538462</ele>
        <time>2026-07-01T13:12:19.216Z</time>
      </trkpt>
      <trkpt lat="53.62990528" lon="14.01497584">
        <ele>7.153846</ele>
        <time>2026-07-01T13:13:17.081Z</time>
      </trkpt>
      <trkpt lat="53.629915" lon="14.01673473">
        <ele>7.076923</ele>
        <time>2026-07-01T13:13:41.723Z</time>
      </trkpt>
      <trkpt lat="53.63122056" lon="14.01698334">
        <ele>7.230769</ele>
        <time>2026-07-01T13:14:12.69Z</time>
      </trkpt>
      <trkpt lat="53.63234084" lon="14.01710056">
        <ele>7.461538</ele>
        <time>2026-07-01T13:14:39.145Z</time>
      </trkpt>
      <trkpt lat="53.63269973" lon="14.0171">
        <ele>7.769231</ele>
        <time>2026-07-01T13:14:47.604Z</time>
      </trkpt>
      <trkpt lat="53.63268639" lon="14.01731695">
        <ele>8.153846</ele>
        <time>2026-07-01T13:14:50.656Z</time>
      </trkpt>
      <trkpt lat="53.63269973" lon="14.01766778">
        <ele>8.538462</ele>
        <time>2026-07-01T13:14:55.575Z</time>
      </trkpt>
      <trkpt lat="53.63278278" lon="14.01783751">
        <ele>8.769231</ele>
        <time>2026-07-01T13:14:58.653Z</time>
      </trkpt>
      <trkpt lat="53.63356973" lon="14.01789917">
        <ele>8.846154</ele>
        <time>2026-07-01T13:15:17.221Z</time>
      </trkpt>
      <trkpt lat="53.63369667" lon="14.01780278">
        <ele>9</ele>
        <time>2026-07-01T13:15:20.503Z</time>
      </trkpt>
      <trkpt lat="53.6341225" lon="14.01783723">
        <ele>9</ele>
        <time>2026-07-01T13:15:30.551Z</time>
      </trkpt>
      <trkpt lat="53.63414112" lon="14.01785862">
        <ele>8.769231</ele>
        <time>2026-07-01T13:15:31.082Z</time>
      </trkpt>
      <trkpt lat="53.63418306" lon="14.01825417">
        <ele>8.538462</ele>
        <time>2026-07-01T13:15:36.704Z</time>
      </trkpt>
      <trkpt lat="53.63430112" lon="14.01894056">
        <ele>8.307693</ele>
        <time>2026-07-01T13:15:46.714Z</time>
      </trkpt>
      <trkpt lat="53.63442084" lon="14.01955056">
        <ele>8.153846</ele>
        <time>2026-07-01T13:15:55.713Z</time>
      </trkpt>
      <trkpt lat="53.63465612" lon="14.02024667">
        <ele>8</ele>
        <time>2026-07-01T13:16:06.931Z</time>
      </trkpt>
      <trkpt lat="53.63558028" lon="14.02197945">
        <ele>7.538462</ele>
        <time>2026-07-01T13:16:39.544Z</time>
      </trkpt>
      <trkpt lat="53.63620167" lon="14.02265084">
        <ele>6.923077</ele>
        <time>2026-07-01T13:16:56.949Z</time>
      </trkpt>
      <trkpt lat="53.63636223" lon="14.02284501">
        <ele>6.384615</ele>
        <time>2026-07-01T13:17:01.607Z</time>
      </trkpt>
      <trkpt lat="53.63649278" lon="14.023095">
        <ele>5.846154</ele>
        <time>2026-07-01T13:17:06.265Z</time>
      </trkpt>
      <trkpt lat="53.63659806" lon="14.02300695">
        <ele>5.538462</ele>
        <time>2026-07-01T13:17:09.035Z</time>
      </trkpt>
      <trkpt lat="53.63716973" lon="14.02345445">
        <ele>5.153846</ele>
        <time>2026-07-01T13:17:23.892Z</time>
      </trkpt>
      <trkpt lat="53.63782723" lon="14.02410223">
        <ele>5</ele>
        <time>2026-07-01T13:17:41.85Z</time>
      </trkpt>
      <trkpt lat="53.63870445" lon="14.02490639">
        <ele>5.230769</ele>
        <time>2026-07-01T13:18:05.394Z</time>
      </trkpt>
      <trkpt lat="53.64051723" lon="14.02607834">
        <ele>5.615385</ele>
        <time>2026-07-01T13:18:51.164Z</time>
      </trkpt>
      <trkpt lat="53.64086028" lon="14.02616334">
        <ele>6.461538</ele>
        <time>2026-07-01T13:18:59.336Z</time>
      </trkpt>
      <trkpt lat="53.64240389" lon="14.02566778">
        <ele>7</ele>
        <time>2026-07-01T13:19:36.374Z</time>
      </trkpt>
      <trkpt lat="53.64614862" lon="14.02826306">
        <ele>7.153846</ele>
        <time>2026-07-01T13:21:11.825Z</time>
      </trkpt>
      <trkpt lat="53.64669639" lon="14.02823945">
        <ele>7.153846</ele>
        <time>2026-07-01T13:21:24.74Z</time>
      </trkpt>
      <trkpt lat="53.64915695" lon="14.02828945">
        <ele>7.307693</ele>
        <time>2026-07-01T13:22:22.737Z</time>
      </trkpt>
      <trkpt lat="53.64960139" lon="14.02827917">
        <ele>7.615385</ele>
        <time>2026-07-01T13:22:33.213Z</time>
      </trkpt>
      <trkpt lat="53.65030139" lon="14.02811834">
        <ele>7.923077</ele>
        <time>2026-07-01T13:22:49.864Z</time>
      </trkpt>
      <trkpt lat="53.65059834" lon="14.02858612">
        <ele>8.076923</ele>
        <time>2026-07-01T13:22:59.445Z</time>
      </trkpt>
      <trkpt lat="53.65212917" lon="14.02899445">
        <ele>7.846154</ele>
        <time>2026-07-01T13:23:35.974Z</time>
      </trkpt>
      <trkpt lat="53.65247501" lon="14.02932751">
        <ele>7.923077</ele>
        <time>2026-07-01T13:23:45.362Z</time>
      </trkpt>
      <trkpt lat="53.65373612" lon="14.03001889">
        <ele>7.692307</ele>
        <time>2026-07-01T13:24:16.622Z</time>
      </trkpt>
      <trkpt lat="53.65420612" lon="14.03091278">
        <ele>8.076923</ele>
        <time>2026-07-01T13:24:33.336Z</time>
      </trkpt>
      <trkpt lat="53.65428473" lon="14.03117251">
        <ele>8</ele>
        <time>2026-07-01T13:24:37.414Z</time>
      </trkpt>
      <trkpt lat="53.65453362" lon="14.03197889">
        <ele>8</ele>
        <time>2026-07-01T13:24:50.137Z</time>
      </trkpt>
      <trkpt lat="53.65502973" lon="14.03354001">
        <ele>7.461538</ele>
        <time>2026-07-01T13:25:14.926Z</time>
      </trkpt>
      <trkpt lat="53.65530973" lon="14.03415778">
        <ele>7.153846</ele>
        <time>2026-07-01T13:25:25.806Z</time>
      </trkpt>
      <trkpt lat="53.65602862" lon="14.03477056">
        <ele>6.846154</ele>
        <time>2026-07-01T13:25:44.798Z</time>
      </trkpt>
      <trkpt lat="53.65730778" lon="14.03417278">
        <ele>7.153846</ele>
        <time>2026-07-01T13:26:16.087Z</time>
      </trkpt>
      <trkpt lat="53.65783723" lon="14.03353112">
        <ele>6.923077</ele>
        <time>2026-07-01T13:26:31.463Z</time>
      </trkpt>
      <trkpt lat="53.65867556" lon="14.03353306">
        <ele>6.615385</ele>
        <time>2026-07-01T13:26:51.222Z</time>
      </trkpt>
      <trkpt lat="53.66021889" lon="14.03370806">
        <ele>6.384615</ele>
        <time>2026-07-01T13:27:27.679Z</time>
      </trkpt>
      <trkpt lat="53.66105445" lon="14.03375473">
        <ele>6.538462</ele>
        <time>2026-07-01T13:27:47.383Z</time>
      </trkpt>
      <trkpt lat="53.66161195" lon="14.03371445">
        <ele>6.615385</ele>
        <time>2026-07-01T13:28:00.535Z</time>
      </trkpt>
      <trkpt lat="53.66289778" lon="14.03439084">
        <ele>6.846154</ele>
        <time>2026-07-01T13:28:32.286Z</time>
      </trkpt>
      <trkpt lat="53.66431834" lon="14.03500584">
        <ele>5.923077</ele>
        <time>2026-07-01T13:29:06.856Z</time>
      </trkpt>
      <trkpt lat="53.66585834" lon="14.03530889">
        <ele>5.230769</ele>
        <time>2026-07-01T13:29:43.399Z</time>
      </trkpt>
      <trkpt lat="53.66636945" lon="14.03564167">
        <ele>4</ele>
        <time>2026-07-01T13:29:56.313Z</time>
      </trkpt>
      <trkpt lat="53.66724028" lon="14.03629167">
        <ele>3.692308</ele>
        <time>2026-07-01T13:30:18.764Z</time>
      </trkpt>
      <trkpt lat="53.66757112" lon="14.0362125">
        <ele>3.461539</ele>
        <time>2026-07-01T13:30:26.64Z</time>
      </trkpt>
      <trkpt lat="53.66836584" lon="14.03600195">
        <ele>3.153846</ele>
        <time>2026-07-01T13:30:45.601Z</time>
      </trkpt>
      <trkpt lat="53.66921639" lon="14.03689334">
        <ele>2.461539</ele>
        <time>2026-07-01T13:31:09.213Z</time>
      </trkpt>
      <trkpt lat="53.67053334" lon="14.03966917">
        <ele>2.153846</ele>
        <time>2026-07-01T13:31:58.941Z</time>
      </trkpt>
      <trkpt lat="53.67065612" lon="14.04002806">
        <ele>1.846154</ele>
        <time>2026-07-01T13:32:04.733Z</time>
      </trkpt>
      <trkpt lat="53.67083723" lon="14.04026389">
        <ele>1.615385</ele>
        <time>2026-07-01T13:32:10.126Z</time>
      </trkpt>
      <trkpt lat="53.67112056" lon="14.04021612">
        <ele>1.230769</ele>
        <time>2026-07-01T13:32:16.837Z</time>
      </trkpt>
      <trkpt lat="53.67164584" lon="14.04028056">
        <ele>0.8461539</ele>
        <time>2026-07-01T13:32:29.25Z</time>
      </trkpt>
      <trkpt lat="53.67218473" lon="14.04007612">
        <ele>0.6153846</ele>
        <time>2026-07-01T13:32:42.269Z</time>
      </trkpt>
      <trkpt lat="53.67298917" lon="14.04034139">
        <ele>0.4615385</ele>
        <time>2026-07-01T13:33:01.588Z</time>
      </trkpt>
      <trkpt lat="53.67340112" lon="14.04004362">
        <ele>0.4615385</ele>
        <time>2026-07-01T13:33:12.152Z</time>
      </trkpt>
      <trkpt lat="53.67393139" lon="14.03946806">
        <ele>0.5384616</ele>
        <time>2026-07-01T13:33:27.021Z</time>
      </trkpt>
      <trkpt lat="53.67434001" lon="14.03917528">
        <ele>0.6153846</ele>
        <time>2026-07-01T13:33:37.485Z</time>
      </trkpt>
      <trkpt lat="53.67458528" lon="14.03872223">
        <ele>0.6153846</ele>
        <time>2026-07-01T13:33:46.06Z</time>
      </trkpt>
      <trkpt lat="53.67477973" lon="14.03671778">
        <ele>0.5384616</ele>
        <time>2026-07-01T13:34:14.484Z</time>
      </trkpt>
      <trkpt lat="53.67464889" lon="14.03497417">
        <ele>0.4615385</ele>
        <time>2026-07-01T13:34:39.079Z</time>
      </trkpt>
      <trkpt lat="53.6746925" lon="14.03499973">
        <ele>0.5384616</ele>
        <time>2026-07-01T13:34:40.167Z</time>
      </trkpt>
      <trkpt lat="53.67782112" lon="14.03500639">
        <ele>0.5384616</ele>
        <time>2026-07-01T13:35:53.906Z</time>
      </trkpt>
      <trkpt lat="53.67778278" lon="14.03514362">
        <ele>0.5384616</ele>
        <time>2026-07-01T13:35:56.026Z</time>
      </trkpt>
      <trkpt lat="53.67807056" lon="14.03556612">
        <ele>0.5384616</ele>
        <time>2026-07-01T13:36:05.019Z</time>
      </trkpt>
      <trkpt lat="53.67858056" lon="14.03623778">
        <ele>0.4615385</ele>
        <time>2026-07-01T13:36:20.278Z</time>
      </trkpt>
      <trkpt lat="53.67947973" lon="14.03731806">
        <ele>0.3846154</ele>
        <time>2026-07-01T13:36:46.31Z</time>
      </trkpt>
      <trkpt lat="53.68113417" lon="14.03861112">
        <ele>0.6153846</ele>
        <time>2026-07-01T13:37:29.297Z</time>
      </trkpt>
      <trkpt lat="53.68123" lon="14.03969723">
        <ele>0.7692308</ele>
        <time>2026-07-01T13:37:44.661Z</time>
      </trkpt>
      <trkpt lat="53.68118806" lon="14.04024556">
        <ele>1.076923</ele>
        <time>2026-07-01T13:37:52.397Z</time>
      </trkpt>
      <trkpt lat="53.68091473" lon="14.04282945">
        <ele>1</ele>
        <time>2026-07-01T13:38:29.122Z</time>
      </trkpt>
      <trkpt lat="53.68037528" lon="14.04668612">
        <ele>1</ele>
        <time>2026-07-01T13:39:24.565Z</time>
      </trkpt>
      <trkpt lat="53.68025528" lon="14.04755306">
        <ele>1.153846</ele>
        <time>2026-07-01T13:39:37.021Z</time>
      </trkpt>
      <trkpt lat="53.67975834" lon="14.04915445">
        <ele>1.153846</ele>
        <time>2026-07-01T13:40:02.305Z</time>
      </trkpt>
      <trkpt lat="53.67872695" lon="14.05228917">
        <ele>1.153846</ele>
        <time>2026-07-01T13:40:52.455Z</time>
      </trkpt>
      <trkpt lat="53.67864028" lon="14.05282917">
        <ele>1.230769</ele>
        <time>2026-07-01T13:41:00.283Z</time>
      </trkpt>
      <trkpt lat="53.67852417" lon="14.05488389">
        <ele>1.307692</ele>
        <time>2026-07-01T13:41:29.165Z</time>
      </trkpt>
      <trkpt lat="53.67857139" lon="14.05488945">
        <ele>1.230769</ele>
        <time>2026-07-01T13:41:30.281Z</time>
      </trkpt>
      <trkpt lat="53.67853167" lon="14.05729834">
        <ele>1.230769</ele>
        <time>2026-07-01T13:42:04.003Z</time>
      </trkpt>
      <trkpt lat="53.67889862" lon="14.05904889">
        <ele>1.153846</ele>
        <time>2026-07-01T13:42:29.981Z</time>
      </trkpt>
      <trkpt lat="53.67929139" lon="14.06101667">
        <ele>0.9230769</ele>
        <time>2026-07-01T13:42:59.031Z</time>
      </trkpt>
      <trkpt lat="53.67943889" lon="14.06350056">
        <ele>0.6923077</ele>
        <time>2026-07-01T13:43:33.962Z</time>
      </trkpt>
      <trkpt lat="53.67961862" lon="14.06453862">
        <ele>0.2307692</ele>
        <time>2026-07-01T13:43:49.093Z</time>
      </trkpt>
      <trkpt lat="53.68013056" lon="14.06683723">
        <ele>0.1538462</ele>
        <time>2026-07-01T13:44:23.446Z</time>
      </trkpt>
      <trkpt lat="53.68063223" lon="14.06849167">
        <ele>0.07692308</ele>
        <time>2026-07-01T13:44:49.441Z</time>
      </trkpt>
      <trkpt lat="53.68035223" lon="14.06928">
        <ele>0.1538462</ele>
        <time>2026-07-01T13:45:02.295Z</time>
      </trkpt>
      <trkpt lat="53.68066084" lon="14.06956445">
        <ele>0.2307692</ele>
        <time>2026-07-01T13:45:10.584Z</time>
      </trkpt>
      <trkpt lat="53.68107473" lon="14.0705">
        <ele>0.3076923</ele>
        <time>2026-07-01T13:45:26.91Z</time>
      </trkpt>
      <trkpt lat="53.68117139" lon="14.07150278">
        <ele>0.3076923</ele>
        <time>2026-07-01T13:45:41.125Z</time>
      </trkpt>
      <trkpt lat="53.68120167" lon="14.07280278">
        <ele>0.2307692</ele>
        <time>2026-07-01T13:45:59.329Z</time>
      </trkpt>
      <trkpt lat="53.68128528" lon="14.07347723">
        <ele>0.3076923</ele>
        <time>2026-07-01T13:46:08.97Z</time>
      </trkpt>
      <trkpt lat="53.6814225" lon="14.07431584">
        <ele>0.3076923</ele>
        <time>2026-07-01T13:46:21.142Z</time>
      </trkpt>
      <trkpt lat="53.68176112" lon="14.07518751">
        <ele>0.3076923</ele>
        <time>2026-07-01T13:46:35.718Z</time>
      </trkpt>
      <trkpt lat="53.68187889" lon="14.07567473">
        <ele>0.3076923</ele>
        <time>2026-07-01T13:46:43.079Z</time>
      </trkpt>
      <trkpt lat="53.68213445" lon="14.07809556">
        <ele>0.4615385</ele>
        <time>2026-07-01T13:47:17.483Z</time>
      </trkpt>
      <trkpt lat="53.68295084" lon="14.07993473">
        <ele>0.6153846</ele>
        <time>2026-07-01T13:47:49.615Z</time>
      </trkpt>
      <trkpt lat="53.68339834" lon="14.08085084">
        <ele>0.6153846</ele>
        <time>2026-07-01T13:48:06.215Z</time>
      </trkpt>
      <trkpt lat="53.68346084" lon="14.08097334">
        <ele>0.6153846</ele>
        <time>2026-07-01T13:48:08.473Z</time>
      </trkpt>
      <trkpt lat="53.68341445" lon="14.08089834">
        <ele>0.5384616</ele>
        <time>2026-07-01T13:48:09.988Z</time>
      </trkpt>
      <trkpt lat="53.68351667" lon="14.08096667">
        <ele>0.3846154</ele>
        <time>2026-07-01T13:48:12.58Z</time>
      </trkpt>
      <trkpt lat="53.68373389" lon="14.08100167">
        <ele>0.2307692</ele>
        <time>2026-07-01T13:48:17.723Z</time>
      </trkpt>
      <trkpt lat="53.68409084" lon="14.08075112">
        <ele>0.1538462</ele>
        <time>2026-07-01T13:48:26.836Z</time>
      </trkpt>
      <trkpt lat="53.68438028" lon="14.08044528">
        <ele>0.1538462</ele>
        <time>2026-07-01T13:48:34.886Z</time>
      </trkpt>
      <trkpt lat="53.68508334" lon="14.07979695">
        <ele>0.1538462</ele>
        <time>2026-07-01T13:48:53.777Z</time>
      </trkpt>
      <trkpt lat="53.68689" lon="14.07957334">
        <ele>0.2307692</ele>
        <time>2026-07-01T13:49:36.473Z</time>
      </trkpt>
      <trkpt lat="53.68754139" lon="14.0798925">
        <ele>0.5384616</ele>
        <time>2026-07-01T13:49:52.46Z</time>
      </trkpt>
      <trkpt lat="53.68776612" lon="14.08026778">
        <ele>0.9230769</ele>
        <time>2026-07-01T13:49:59.914Z</time>
      </trkpt>
      <trkpt lat="53.68801056" lon="14.08061778">
        <ele>1.230769</ele>
        <time>2026-07-01T13:50:07.471Z</time>
      </trkpt>
      <trkpt lat="53.68827223" lon="14.08086639">
        <ele>1.538462</ele>
        <time>2026-07-01T13:50:14.549Z</time>
      </trkpt>
      <trkpt lat="53.68845306" lon="14.08085834">
        <ele>2.076923</ele>
        <time>2026-07-01T13:50:18.813Z</time>
      </trkpt>
      <trkpt lat="53.68901778" lon="14.08039417">
        <ele>2.538461</ele>
        <time>2026-07-01T13:50:33.619Z</time>
      </trkpt>
      <trkpt lat="53.69188473" lon="14.07931445">
        <ele>3.076923</ele>
        <time>2026-07-01T13:51:42.858Z</time>
      </trkpt>
      <trkpt lat="53.69471306" lon="14.07842834">
        <ele>3.692308</ele>
        <time>2026-07-01T13:52:50.662Z</time>
      </trkpt>
      <trkpt lat="53.69495751" lon="14.07827528">
        <ele>4.153846</ele>
        <time>2026-07-01T13:52:56.808Z</time>
      </trkpt>
      <trkpt lat="53.69756223" lon="14.07743251">
        <ele>4.692307</ele>
        <time>2026-07-01T13:53:59.321Z</time>
      </trkpt>
      <trkpt lat="53.69960945" lon="14.07668334">
        <ele>4.923077</ele>
        <time>2026-07-01T13:54:48.697Z</time>
      </trkpt>
      <trkpt lat="53.70136195" lon="14.07615973">
        <ele>5.461538</ele>
        <time>2026-07-01T13:55:30.646Z</time>
      </trkpt>
      <trkpt lat="53.70203945" lon="14.07587778">
        <ele>5.692307</ele>
        <time>2026-07-01T13:55:47.093Z</time>
      </trkpt>
      <trkpt lat="53.70386028" lon="14.07444889">
        <ele>5.692307</ele>
        <time>2026-07-01T13:56:34.433Z</time>
      </trkpt>
      <trkpt lat="53.70581" lon="14.07264112">
        <ele>5.538462</ele>
        <time>2026-07-01T13:57:26.882Z</time>
      </trkpt>
      <trkpt lat="53.70707001" lon="14.07164223">
        <ele>5.230769</ele>
        <time>2026-07-01T13:57:59.701Z</time>
      </trkpt>
      <trkpt lat="53.70956917" lon="14.06979612">
        <ele>4.923077</ele>
        <time>2026-07-01T13:59:04.013Z</time>
      </trkpt>
      <trkpt lat="53.71627528" lon="14.06452778">
        <ele>4.461538</ele>
        <time>2026-07-01T14:01:58.394Z</time>
      </trkpt>
      <trkpt lat="53.71762112" lon="14.06414528">
        <ele>4.230769</ele>
        <time>2026-07-01T14:02:30.561Z</time>
      </trkpt>
      <trkpt lat="53.71943278" lon="14.06353112">
        <ele>3.615385</ele>
        <time>2026-07-01T14:03:14.115Z</time>
      </trkpt>
      <trkpt lat="53.72172584" lon="14.06233806">
        <ele>3.076923</ele>
        <time>2026-07-01T14:04:10.676Z</time>
      </trkpt>
      <trkpt lat="53.72564389" lon="14.06048945">
        <ele>2.615385</ele>
        <time>2026-07-01T14:05:46.569Z</time>
      </trkpt>
      <trkpt lat="53.72667028" lon="14.05995556">
        <ele>2.076923</ele>
        <time>2026-07-01T14:06:11.885Z</time>
      </trkpt>
      <trkpt lat="53.72663862" lon="14.05995195">
        <ele>1.846154</ele>
        <time>2026-07-01T14:06:12.633Z</time>
      </trkpt>
      <trkpt lat="53.72968528" lon="14.05828056">
        <ele>1.307692</ele>
        <time>2026-07-01T14:07:28.145Z</time>
      </trkpt>
      <trkpt lat="53.73143556" lon="14.05749195">
        <ele>1</ele>
        <time>2026-07-01T14:08:10.845Z</time>
      </trkpt>
      <trkpt lat="53.73236417" lon="14.05732806">
        <ele>0.6923077</ele>
        <time>2026-07-01T14:08:32.851Z</time>
      </trkpt>
      <trkpt lat="53.73244" lon="14.05741056">
        <ele>0.4615385</ele>
        <time>2026-07-01T14:08:34.977Z</time>
      </trkpt>
      <trkpt lat="53.73265862" lon="14.05727501">
        <ele>0.4615385</ele>
        <time>2026-07-01T14:08:40.466Z</time>
      </trkpt>
      <trkpt lat="53.73306556" lon="14.05613556">
        <ele>0.3846154</ele>
        <time>2026-07-01T14:08:59.056Z</time>
      </trkpt>
      <trkpt lat="53.73369389" lon="14.05330667">
        <ele>0.5384616</ele>
        <time>2026-07-01T14:09:41.273Z</time>
      </trkpt>
      <trkpt lat="53.73395195" lon="14.05291139">
        <ele>0.6923077</ele>
        <time>2026-07-01T14:09:49.485Z</time>
      </trkpt>
      <trkpt lat="53.73390889" lon="14.05262667">
        <ele>1.153846</ele>
        <time>2026-07-01T14:09:53.587Z</time>
      </trkpt>
      <trkpt lat="53.73416612" lon="14.05170528">
        <ele>1.384615</ele>
        <time>2026-07-01T14:10:07.819Z</time>
      </trkpt>
      <trkpt lat="53.73446056" lon="14.05042139">
        <ele>1.769231</ele>
        <time>2026-07-01T14:10:27.057Z</time>
      </trkpt>
      <trkpt lat="53.73495806" lon="14.04915778">
        <ele>2.076923</ele>
        <time>2026-07-01T14:10:48.254Z</time>
      </trkpt>
      <trkpt lat="53.73520695" lon="14.04860417">
        <ele>2.461539</ele>
        <time>2026-07-01T14:10:57.963Z</time>
      </trkpt>
      <trkpt lat="53.73547112" lon="14.04807056">
        <ele>2.846154</ele>
        <time>2026-07-01T14:11:07.678Z</time>
      </trkpt>
      <trkpt lat="53.73591862" lon="14.04729945">
        <ele>3.230769</ele>
        <time>2026-07-01T14:11:22.757Z</time>
      </trkpt>
      <trkpt lat="53.73640334" lon="14.04780889">
        <ele>3.538461</ele>
        <time>2026-07-01T14:11:36.218Z</time>
      </trkpt>
      <trkpt lat="53.73684334" lon="14.04719417">
        <ele>3.846154</ele>
        <time>2026-07-01T14:11:49.684Z</time>
      </trkpt>
      <trkpt lat="53.7372525" lon="14.04645389">
        <ele>3.923077</ele>
        <time>2026-07-01T14:12:03.827Z</time>
      </trkpt>
      <trkpt lat="53.73779223" lon="14.04560806">
        <ele>4.076923</ele>
        <time>2026-07-01T14:12:21.192Z</time>
      </trkpt>
      <trkpt lat="53.73783695" lon="14.04518834">
        <ele>4.153846</ele>
        <time>2026-07-01T14:12:27.144Z</time>
      </trkpt>
      <trkpt lat="53.73772028" lon="14.04453695">
        <ele>3.923077</ele>
        <time>2026-07-01T14:12:36.653Z</time>
      </trkpt>
      <trkpt lat="53.73780862" lon="14.04415306">
        <ele>3.615385</ele>
        <time>2026-07-01T14:12:42.401Z</time>
      </trkpt>
      <trkpt lat="53.73815334" lon="14.04366306">
        <ele>3.461539</ele>
        <time>2026-07-01T14:12:53.026Z</time>
      </trkpt>
      <trkpt lat="53.73854473" lon="14.04293556">
        <ele>3.153846</ele>
        <time>2026-07-01T14:13:06.753Z</time>
      </trkpt>
      <trkpt lat="53.73896195" lon="14.04180806">
        <ele>2.846154</ele>
        <time>2026-07-01T14:13:25.325Z</time>
      </trkpt>
      <trkpt lat="53.73917501" lon="14.0410375">
        <ele>2.384615</ele>
        <time>2026-07-01T14:13:37.206Z</time>
      </trkpt>
      <trkpt lat="53.73929167" lon="14.0404825">
        <ele>2</ele>
        <time>2026-07-01T14:13:45.434Z</time>
      </trkpt>
      <trkpt lat="53.73995889" lon="14.03857584">
        <ele>1.461538</ele>
        <time>2026-07-01T14:14:16.371Z</time>
      </trkpt>
      <trkpt lat="53.74181139" lon="14.03432556">
        <ele>1.153846</ele>
        <time>2026-07-01T14:15:30.082Z</time>
      </trkpt>
      <trkpt lat="53.74230139" lon="14.03375445">
        <ele>0.8461539</ele>
        <time>2026-07-01T14:15:44.12Z</time>
      </trkpt>
      <trkpt lat="53.74328473" lon="14.03286695">
        <ele>0.6923077</ele>
        <time>2026-07-01T14:16:10.406Z</time>
      </trkpt>
      <trkpt lat="53.74477028" lon="14.03147001">
        <ele>0.6923077</ele>
        <time>2026-07-01T14:16:50.492Z</time>
      </trkpt>
      <trkpt lat="53.74695528" lon="14.02941584">
        <ele>0.4615385</ele>
        <time>2026-07-01T14:17:49.448Z</time>
      </trkpt>
      <trkpt lat="53.75033556" lon="14.02644639">
        <ele>0.4615385</ele>
        <time>2026-07-01T14:19:19.272Z</time>
      </trkpt>
      <trkpt lat="53.75271028" lon="14.02446362">
        <ele>0.4615385</ele>
        <time>2026-07-01T14:20:21.721Z</time>
      </trkpt>
      <trkpt lat="53.75329889" lon="14.02402139">
        <ele>0.5384616</ele>
        <time>2026-07-01T14:20:36.904Z</time>
      </trkpt>
      <trkpt lat="53.75361945" lon="14.0234475">
        <ele>0.6153846</ele>
        <time>2026-07-01T14:20:47.92Z</time>
      </trkpt>
      <trkpt lat="53.75425501" lon="14.01885167">
        <ele>0.6153846</ele>
        <time>2026-07-01T14:21:53.841Z</time>
      </trkpt>
      <trkpt lat="53.75440223" lon="14.0176675">
        <ele>0.8461539</ele>
        <time>2026-07-01T14:22:10.742Z</time>
      </trkpt>
      <trkpt lat="53.75451973" lon="14.01722695">
        <ele>0.7692308</ele>
        <time>2026-07-01T14:22:17.484Z</time>
      </trkpt>
      <trkpt lat="53.75577278" lon="14.01586612">
        <ele>1.076923</ele>
        <time>2026-07-01T14:22:52.606Z</time>
      </trkpt>
      <trkpt lat="53.75694195" lon="14.01454445">
        <ele>1.076923</ele>
        <time>2026-07-01T14:23:25.775Z</time>
      </trkpt>
      <trkpt lat="53.75693417" lon="14.01457973">
        <ele>1.076923</ele>
        <time>2026-07-01T14:23:26.3Z</time>
      </trkpt>
      <trkpt lat="53.75859556" lon="14.01201806">
        <ele>1.076923</ele>
        <time>2026-07-01T14:24:19.343Z</time>
      </trkpt>
      <trkpt lat="53.75964556" lon="14.01007417">
        <ele>1</ele>
        <time>2026-07-01T14:24:56.079Z</time>
      </trkpt>
      <trkpt lat="53.76027056" lon="14.00885223">
        <ele>1</ele>
        <time>2026-07-01T14:25:18.623Z</time>
      </trkpt>
      <trkpt lat="53.76142445" lon="14.00690306">
        <ele>0.8461539</ele>
        <time>2026-07-01T14:25:57.103Z</time>
      </trkpt>
      <trkpt lat="53.76239945" lon="14.00176584">
        <ele>0.6923077</ele>
        <time>2026-07-01T14:27:12.439Z</time>
      </trkpt>
      <trkpt lat="53.76287639" lon="13.99824139">
        <ele>0.5384616</ele>
        <time>2026-07-01T14:28:02.927Z</time>
      </trkpt>
      <trkpt lat="53.76303528" lon="13.99739167">
        <ele>0.3076923</ele>
        <time>2026-07-01T14:28:15.371Z</time>
      </trkpt>
      <trkpt lat="53.76356528" lon="13.99541195">
        <ele>0.3076923</ele>
        <time>2026-07-01T14:28:45.709Z</time>
      </trkpt>
      <trkpt lat="53.76381917" lon="13.99456195">
        <ele>0</ele>
        <time>2026-07-01T14:28:59.002Z</time>
      </trkpt>
      <trkpt lat="53.76394528" lon="13.99443112">
        <ele>0.07692308</ele>
        <time>2026-07-01T14:29:02.49Z</time>
      </trkpt>
      <trkpt lat="53.76422556" lon="13.99339751">
        <ele>-0.07692308</ele>
        <time>2026-07-01T14:29:18.364Z</time>
      </trkpt>
      <trkpt lat="53.76464751" lon="13.99276001">
        <ele>-0.1538462</ele>
        <time>2026-07-01T14:29:31.712Z</time>
      </trkpt>
      <trkpt lat="53.7651475" lon="13.99223334">
        <ele>-0.1538462</ele>
        <time>2026-07-01T14:29:45.603Z</time>
      </trkpt>
      <trkpt lat="53.765485" lon="13.99155056">
        <ele>-0.07692308</ele>
        <time>2026-07-01T14:29:58.02Z</time>
      </trkpt>
      <trkpt lat="53.76618695" lon="13.98887556">
        <ele>0</ele>
        <time>2026-07-01T14:30:38.875Z</time>
      </trkpt>
      <trkpt lat="53.76711195" lon="13.98424056">
        <ele>-0.07692308</ele>
        <time>2026-07-01T14:31:47.172Z</time>
      </trkpt>
      <trkpt lat="53.76744501" lon="13.98103445">
        <ele>-0.07692308</ele>
        <time>2026-07-01T14:32:32.625Z</time>
      </trkpt>
      <trkpt lat="53.76755945" lon="13.97972639">
        <ele>0.1538462</ele>
        <time>2026-07-01T14:32:51.089Z</time>
      </trkpt>
      <trkpt lat="53.76782473" lon="13.97788167">
        <ele>0.1538462</ele>
        <time>2026-07-01T14:33:17.596Z</time>
      </trkpt>
      <trkpt lat="53.76798862" lon="13.97663778">
        <ele>0.3076923</ele>
        <time>2026-07-01T14:33:35.39Z</time>
      </trkpt>
      <trkpt lat="53.76799417" lon="13.97579473">
        <ele>0.3846154</ele>
        <time>2026-07-01T14:33:47.163Z</time>
      </trkpt>
      <trkpt lat="53.76796834" lon="13.97500556">
        <ele>0.5384616</ele>
        <time>2026-07-01T14:33:58.2Z</time>
      </trkpt>
      <trkpt lat="53.76805389" lon="13.97380889">
        <ele>0.5384616</ele>
        <time>2026-07-01T14:34:15.031Z</time>
      </trkpt>
      <trkpt lat="53.76830945" lon="13.97196695">
        <ele>0.5384616</ele>
        <time>2026-07-01T14:34:41.447Z</time>
      </trkpt>
      <trkpt lat="53.76912778" lon="13.97030862">
        <ele>0.6153846</ele>
        <time>2026-07-01T14:35:11.584Z</time>
      </trkpt>
      <trkpt lat="53.76955778" lon="13.96962278">
        <ele>0.5384616</ele>
        <time>2026-07-01T14:35:25.528Z</time>
      </trkpt>
      <trkpt lat="53.76993917" lon="13.96910834">
        <ele>0.4615385</ele>
        <time>2026-07-01T14:35:37.035Z</time>
      </trkpt>
      <trkpt lat="53.77035167" lon="13.96867945">
        <ele>0.3076923</ele>
        <time>2026-07-01T14:35:48.45Z</time>
      </trkpt>
      <trkpt lat="53.77056862" lon="13.96875334">
        <ele>0.3846154</ele>
        <time>2026-07-01T14:35:53.666Z</time>
      </trkpt>
      <trkpt lat="53.77095723" lon="13.96896501">
        <ele>0.4615385</ele>
        <time>2026-07-01T14:36:03.289Z</time>
      </trkpt>
      <trkpt lat="53.77174139" lon="13.96897528">
        <ele>0.2307692</ele>
        <time>2026-07-01T14:36:21.772Z</time>
      </trkpt>
      <trkpt lat="53.77176973" lon="13.96831028">
        <ele>0.4615385</ele>
        <time>2026-07-01T14:36:31.081Z</time>
      </trkpt>
      <trkpt lat="53.77146556" lon="13.96813084">
        <ele>0.5384616</ele>
        <time>2026-07-01T14:36:38.674Z</time>
      </trkpt>
      <trkpt lat="53.77070362" lon="13.96798417">
        <ele>0.5384616</ele>
        <time>2026-07-01T14:36:56.749Z</time>
      </trkpt>
      <trkpt lat="53.76953806" lon="13.96698806">
        <ele>0.5384616</ele>
        <time>2026-07-01T14:37:27.541Z</time>
      </trkpt>
      <trkpt lat="53.76855667" lon="13.96650473">
        <ele>0.6153846</ele>
        <time>2026-07-01T14:37:51.634Z</time>
      </trkpt>
      <trkpt lat="53.76800612" lon="13.96573139">
        <ele>0.6923077</ele>
        <time>2026-07-01T14:38:08.516Z</time>
      </trkpt>
      <trkpt lat="53.76751834" lon="13.96440195">
        <ele>0.6923077</ele>
        <time>2026-07-01T14:38:30.352Z</time>
      </trkpt>
      <trkpt lat="53.76714112" lon="13.96295778">
        <ele>0.7692308</ele>
        <time>2026-07-01T14:38:52.391Z</time>
      </trkpt>
      <trkpt lat="53.76694917" lon="13.96288001">
        <ele>0.9230769</ele>
        <time>2026-07-01T14:38:57.043Z</time>
      </trkpt>
      <trkpt lat="53.76671917" lon="13.96240167">
        <ele>1.153846</ele>
        <time>2026-07-01T14:39:05.639Z</time>
      </trkpt>
      <trkpt lat="53.76603167" lon="13.96047584">
        <ele>1.307692</ele>
        <time>2026-07-01T14:39:37.036Z</time>
      </trkpt>
      <trkpt lat="53.76548612" lon="13.95846195">
        <ele>2.153846</ele>
        <time>2026-07-01T14:40:07.959Z</time>
      </trkpt>
      <trkpt lat="53.76506639" lon="13.95688028">
        <ele>2.923077</ele>
        <time>2026-07-01T14:40:32.161Z</time>
      </trkpt>
      <trkpt lat="53.76516862" lon="13.95597001">
        <ele>3.538461</ele>
        <time>2026-07-01T14:40:45.099Z</time>
      </trkpt>
      <trkpt lat="53.76517889" lon="13.95481889">
        <ele>4.307693</ele>
        <time>2026-07-01T14:41:01.176Z</time>
      </trkpt>
      <trkpt lat="53.76551334" lon="13.9533025">
        <ele>5.153846</ele>
        <time>2026-07-01T14:41:23.771Z</time>
      </trkpt>
      <trkpt lat="53.76655445" lon="13.95288473">
        <ele>6</ele>
        <time>2026-07-01T14:41:48.992Z</time>
      </trkpt>
      <trkpt lat="53.76662028" lon="13.95236389">
        <ele>6.846154</ele>
        <time>2026-07-01T14:41:56.429Z</time>
      </trkpt>
      <trkpt lat="53.76669473" lon="13.95162556">
        <ele>7.153846</ele>
        <time>2026-07-01T14:42:06.887Z</time>
      </trkpt>
      <trkpt lat="53.76674889" lon="13.95078834">
        <ele>7.538462</ele>
        <time>2026-07-01T14:42:18.648Z</time>
      </trkpt>
      <trkpt lat="53.76682278" lon="13.95027417">
        <ele>7.846154</ele>
        <time>2026-07-01T14:42:26.036Z</time>
      </trkpt>
      <trkpt lat="53.76681806" lon="13.94975084">
        <ele>8.461538</ele>
        <time>2026-07-01T14:42:33.345Z</time>
      </trkpt>
      <trkpt lat="53.76686001" lon="13.94716889">
        <ele>8.923077</ele>
        <time>2026-07-01T14:43:09.413Z</time>
      </trkpt>
      <trkpt lat="53.76677862" lon="13.94655751">
        <ele>9.384615</ele>
        <time>2026-07-01T14:43:18.163Z</time>
      </trkpt>
      <trkpt lat="53.76643751" lon="13.94230223">
        <ele>9.153846</ele>
        <time>2026-07-01T14:44:18.126Z</time>
      </trkpt>
      <trkpt lat="53.76646139" lon="13.93970917">
        <ele>8.846154</ele>
        <time>2026-07-01T14:44:54.34Z</time>
      </trkpt>
      <trkpt lat="53.76663862" lon="13.93699195">
        <ele>9.153846</ele>
        <time>2026-07-01T14:45:32.513Z</time>
      </trkpt>
      <trkpt lat="53.76665528" lon="13.93590834">
        <ele>9.384615</ele>
        <time>2026-07-01T14:45:47.65Z</time>
      </trkpt>
      <trkpt lat="53.76657723" lon="13.93506417">
        <ele>9.307693</ele>
        <time>2026-07-01T14:45:59.581Z</time>
      </trkpt>
      <trkpt lat="53.76656806" lon="13.93442834">
        <ele>9.538462</ele>
        <time>2026-07-01T14:46:08.462Z</time>
      </trkpt>
      <trkpt lat="53.76669278" lon="13.93284112">
        <ele>9.615385</ele>
        <time>2026-07-01T14:46:30.82Z</time>
      </trkpt>
      <trkpt lat="53.76672334" lon="13.93118834">
        <ele>10.30769</ele>
        <time>2026-07-01T14:46:53.911Z</time>
      </trkpt>
      <trkpt lat="53.76675778" lon="13.93046862">
        <ele>11</ele>
        <time>2026-07-01T14:47:03.994Z</time>
      </trkpt>
      <trkpt lat="53.76702223" lon="13.92837528">
        <ele>11.53846</ele>
        <time>2026-07-01T14:47:33.883Z</time>
      </trkpt>
      <trkpt lat="53.76712945" lon="13.92720889">
        <ele>11.30769</ele>
        <time>2026-07-01T14:47:50.365Z</time>
      </trkpt>
      <trkpt lat="53.76727584" lon="13.92621389">
        <ele>11.30769</ele>
        <time>2026-07-01T14:48:04.681Z</time>
      </trkpt>
      <trkpt lat="53.76744501" lon="13.92498806">
        <ele>10.69231</ele>
        <time>2026-07-01T14:48:22.257Z</time>
      </trkpt>
      <trkpt lat="53.76753973" lon="13.92396501">
        <ele>9.769231</ele>
        <time>2026-07-01T14:48:36.716Z</time>
      </trkpt>
      <trkpt lat="53.7675475" lon="13.92377667">
        <ele>9.461538</ele>
        <time>2026-07-01T14:48:39.349Z</time>
      </trkpt>
      <trkpt lat="53.76763889" lon="13.92332028">
        <ele>8.461538</ele>
        <time>2026-07-01T14:48:46.069Z</time>
      </trkpt>
      <trkpt lat="53.76787056" lon="13.92193362">
        <ele>7.538462</ele>
        <time>2026-07-01T14:49:06.187Z</time>
      </trkpt>
      <trkpt lat="53.76831862" lon="13.92025223">
        <ele>7.230769</ele>
        <time>2026-07-01T14:49:31.931Z</time>
      </trkpt>
      <trkpt lat="53.76841723" lon="13.91994112">
        <ele>7.076923</ele>
        <time>2026-07-01T14:49:36.853Z</time>
      </trkpt>
      <trkpt lat="53.76877417" lon="13.91894862">
        <ele>7.307693</ele>
        <time>2026-07-01T14:49:53.065Z</time>
      </trkpt>
      <trkpt lat="53.76907028" lon="13.9178375">
        <ele>7.538462</ele>
        <time>2026-07-01T14:50:10.077Z</time>
      </trkpt>
      <trkpt lat="53.76917223" lon="13.91702584">
        <ele>7.923077</ele>
        <time>2026-07-01T14:50:21.662Z</time>
      </trkpt>
      <trkpt lat="53.76938084" lon="13.91546139">
        <ele>8.538462</ele>
        <time>2026-07-01T14:50:44.053Z</time>
      </trkpt>
      <trkpt lat="53.76916778" lon="13.91512306">
        <ele>8.769231</ele>
        <time>2026-07-01T14:50:50.944Z</time>
      </trkpt>
      <trkpt lat="53.76925056" lon="13.91473306">
        <ele>8.692307</ele>
        <time>2026-07-01T14:50:56.723Z</time>
      </trkpt>
      <trkpt lat="53.76935612" lon="13.91408917">
        <ele>9.153846</ele>
        <time>2026-07-01T14:51:06.052Z</time>
      </trkpt>
      <trkpt lat="53.76938528" lon="13.91370306">
        <ele>10.07692</ele>
        <time>2026-07-01T14:51:11.481Z</time>
      </trkpt>
      <trkpt lat="53.769625" lon="13.91232639">
        <ele>10.53846</ele>
        <time>2026-07-01T14:51:31.517Z</time>
      </trkpt>
      <trkpt lat="53.769785" lon="13.91146362">
        <ele>11</ele>
        <time>2026-07-01T14:51:44.14Z</time>
      </trkpt>
      <trkpt lat="53.77000306" lon="13.91040251">
        <ele>11.46154</ele>
        <time>2026-07-01T14:51:59.822Z</time>
      </trkpt>
      <trkpt lat="53.77007389" lon="13.90961278">
        <ele>11.92308</ele>
        <time>2026-07-01T14:52:10.975Z</time>
      </trkpt>
      <trkpt lat="53.77013862" lon="13.90899723">
        <ele>11.84615</ele>
        <time>2026-07-01T14:52:19.704Z</time>
      </trkpt>
      <trkpt lat="53.77016806" lon="13.90862778">
        <ele>11.46154</ele>
        <time>2026-07-01T14:52:24.903Z</time>
      </trkpt>
      <trkpt lat="53.77028417" lon="13.90785751">
        <ele>11.15385</ele>
        <time>2026-07-01T14:52:36.001Z</time>
      </trkpt>
      <trkpt lat="53.77038778" lon="13.90725778">
        <ele>10.23077</ele>
        <time>2026-07-01T14:52:44.724Z</time>
      </trkpt>
      <trkpt lat="53.77042695" lon="13.90670223">
        <ele>9.307693</ele>
        <time>2026-07-01T14:52:52.536Z</time>
      </trkpt>
      <trkpt lat="53.77038612" lon="13.90617862">
        <ele>9.153846</ele>
        <time>2026-07-01T14:52:59.91Z</time>
      </trkpt>
      <trkpt lat="53.77060501" lon="13.90533667">
        <ele>9.230769</ele>
        <time>2026-07-01T14:53:12.748Z</time>
      </trkpt>
      <trkpt lat="53.77072112" lon="13.904485">
        <ele>9.307693</ele>
        <time>2026-07-01T14:53:24.951Z</time>
      </trkpt>
      <trkpt lat="53.77080084" lon="13.90361306">
        <ele>9.230769</ele>
        <time>2026-07-01T14:53:37.27Z</time>
      </trkpt>
      <trkpt lat="53.77095028" lon="13.90294501">
        <ele>9.076923</ele>
        <time>2026-07-01T14:53:47.241Z</time>
      </trkpt>
      <trkpt lat="53.77102084" lon="13.90279778">
        <ele>8.846154</ele>
        <time>2026-07-01T14:53:49.883Z</time>
      </trkpt>
      <trkpt lat="53.77097639" lon="13.90240112">
        <ele>8.615385</ele>
        <time>2026-07-01T14:53:55.513Z</time>
      </trkpt>
      <trkpt lat="53.77121417" lon="13.90122084">
        <ele>7.846154</ele>
        <time>2026-07-01T14:54:12.92Z</time>
      </trkpt>
      <trkpt lat="53.77127112" lon="13.90049778">
        <ele>7.230769</ele>
        <time>2026-07-01T14:54:23.105Z</time>
      </trkpt>
      <trkpt lat="53.7713775" lon="13.90015445">
        <ele>6.615385</ele>
        <time>2026-07-01T14:54:28.51Z</time>
      </trkpt>
      <trkpt lat="53.7714375" lon="13.89966084">
        <ele>5.846154</ele>
        <time>2026-07-01T14:54:35.546Z</time>
      </trkpt>
      <trkpt lat="53.77158973" lon="13.89915584">
        <ele>5.538462</ele>
        <time>2026-07-01T14:54:43.457Z</time>
      </trkpt>
      <trkpt lat="53.77160251" lon="13.89884584">
        <ele>5.153846</ele>
        <time>2026-07-01T14:54:47.791Z</time>
      </trkpt>
      <trkpt lat="53.77173306" lon="13.89814028">
        <ele>5.076923</ele>
        <time>2026-07-01T14:54:58.112Z</time>
      </trkpt>
      <trkpt lat="53.77180667" lon="13.89686584">
        <ele>4.692307</ele>
        <time>2026-07-01T14:55:15.991Z</time>
      </trkpt>
      <trkpt lat="53.7721375" lon="13.89695778">
        <ele>4.307693</ele>
        <time>2026-07-01T14:55:23.893Z</time>
      </trkpt>
      <trkpt lat="53.77235556" lon="13.89572389">
        <ele>3.923077</ele>
        <time>2026-07-01T14:55:41.871Z</time>
      </trkpt>
      <trkpt lat="53.77250973" lon="13.89491695">
        <ele>3.769231</ele>
        <time>2026-07-01T14:55:53.709Z</time>
      </trkpt>
      <trkpt lat="53.77270723" lon="13.89383556">
        <ele>3.769231</ele>
        <time>2026-07-01T14:56:09.509Z</time>
      </trkpt>
      <trkpt lat="53.77295167" lon="13.89241473">
        <ele>4</ele>
        <time>2026-07-01T14:56:30.166Z</time>
      </trkpt>
      <trkpt lat="53.77338056" lon="13.89010362">
        <ele>4.307693</ele>
        <time>2026-07-01T14:57:03.98Z</time>
      </trkpt>
      <trkpt lat="53.77365584" lon="13.88867334">
        <ele>4.846154</ele>
        <time>2026-07-01T14:57:24.977Z</time>
      </trkpt>
      <trkpt lat="53.77382945" lon="13.88628251">
        <ele>5.153846</ele>
        <time>2026-07-01T14:57:58.607Z</time>
      </trkpt>
      <trkpt lat="53.77350584" lon="13.88571889">
        <ele>5.846154</ele>
        <time>2026-07-01T14:58:09.566Z</time>
      </trkpt>
      <trkpt lat="53.77346667" lon="13.88540028">
        <ele>6.230769</ele>
        <time>2026-07-01T14:58:14.104Z</time>
      </trkpt>
      <trkpt lat="53.77330501" lon="13.88528028">
        <ele>6.384615</ele>
        <time>2026-07-01T14:58:18.266Z</time>
      </trkpt>
      <trkpt lat="53.77334584" lon="13.88448306">
        <ele>6.076923</ele>
        <time>2026-07-01T14:58:29.438Z</time>
      </trkpt>
      <trkpt lat="53.77400028" lon="13.88005112">
        <ele>6</ele>
        <time>2026-07-01T14:59:33.21Z</time>
      </trkpt>
      <trkpt lat="53.77449917" lon="13.87656251">
        <ele>5.923077</ele>
        <time>2026-07-01T15:00:23.316Z</time>
      </trkpt>
      <trkpt lat="53.77498445" lon="13.87277945">
        <ele>5.769231</ele>
        <time>2026-07-01T15:01:17.357Z</time>
      </trkpt>
      <trkpt lat="53.77532584" lon="13.87156028">
        <ele>5.538462</ele>
        <time>2026-07-01T15:01:36.184Z</time>
      </trkpt>
      <trkpt lat="53.77578889" lon="13.86868167">
        <ele>5.153846</ele>
        <time>2026-07-01T15:02:17.828Z</time>
      </trkpt>
      <trkpt lat="53.77595945" lon="13.86750667">
        <ele>4.769231</ele>
        <time>2026-07-01T15:02:34.718Z</time>
      </trkpt>
      <trkpt lat="53.77638862" lon="13.86747362">
        <ele>4.692307</ele>
        <time>2026-07-01T15:02:44.844Z</time>
      </trkpt>
      <trkpt lat="53.77709445" lon="13.86742112">
        <ele>4.307693</ele>
        <time>2026-07-01T15:03:01.496Z</time>
      </trkpt>
      <trkpt lat="53.77853889" lon="13.86736306">
        <ele>4.230769</ele>
        <time>2026-07-01T15:03:35.55Z</time>
      </trkpt>
      <trkpt lat="53.77895612" lon="13.86730417">
        <ele>3.769231</ele>
        <time>2026-07-01T15:03:45.418Z</time>
      </trkpt>
      <trkpt lat="53.77888445" lon="13.86737945">
        <ele>3.615385</ele>
        <time>2026-07-01T15:03:47.407Z</time>
      </trkpt>
      <trkpt lat="53.77890112" lon="13.86690112">
        <ele>3.846154</ele>
        <time>2026-07-01T15:03:54.088Z</time>
      </trkpt>
      <trkpt lat="53.77885945" lon="13.86612612">
        <ele>4</ele>
        <time>2026-07-01T15:04:04.952Z</time>
      </trkpt>
      <trkpt lat="53.77879195" lon="13.86396973">
        <ele>4.230769</ele>
        <time>2026-07-01T15:04:35.097Z</time>
      </trkpt>
      <trkpt lat="53.77878195" lon="13.86171473">
        <ele>4.615385</ele>
        <time>2026-07-01T15:05:06.578Z</time>
      </trkpt>
      <trkpt lat="53.77873001" lon="13.86045556">
        <ele>5</ele>
        <time>2026-07-01T15:05:24.199Z</time>
      </trkpt>
      <trkpt lat="53.77861584" lon="13.85959584">
        <ele>5.153846</ele>
        <time>2026-07-01T15:05:36.499Z</time>
      </trkpt>
      <trkpt lat="53.77859889" lon="13.85952751">
        <ele>5.307693</ele>
        <time>2026-07-01T15:05:37.532Z</time>
      </trkpt>
      <trkpt lat="53.77871834" lon="13.85833862">
        <ele>5.230769</ele>
        <time>2026-07-01T15:05:54.366Z</time>
      </trkpt>
      <trkpt lat="53.77880667" lon="13.85753167">
        <ele>5</ele>
        <time>2026-07-01T15:06:05.822Z</time>
      </trkpt>
      <trkpt lat="53.77903417" lon="13.85628223">
        <ele>4.769231</ele>
        <time>2026-07-01T15:06:24.07Z</time>
      </trkpt>
      <trkpt lat="53.77928917" lon="13.85554917">
        <ele>4.461538</ele>
        <time>2026-07-01T15:06:35.938Z</time>
      </trkpt>
      <trkpt lat="53.77980639" lon="13.85362417">
        <ele>4.307693</ele>
        <time>2026-07-01T15:07:05.447Z</time>
      </trkpt>
      <trkpt lat="53.78023695" lon="13.85143639">
        <ele>4.153846</ele>
        <time>2026-07-01T15:07:37.63Z</time>
      </trkpt>
      <trkpt lat="53.78047139" lon="13.84979334">
        <ele>4</ele>
        <time>2026-07-01T15:08:01.223Z</time>
      </trkpt>
      <trkpt lat="53.78070528" lon="13.84756">
        <ele>3.923077</ele>
        <time>2026-07-01T15:08:32.883Z</time>
      </trkpt>
      <trkpt lat="53.78043417" lon="13.84667056">
        <ele>3.769231</ele>
        <time>2026-07-01T15:08:46.847Z</time>
      </trkpt>
      <trkpt lat="53.77958667" lon="13.84463306">
        <ele>3.307692</ele>
        <time>2026-07-01T15:09:21.603Z</time>
      </trkpt>
      <trkpt lat="53.77870528" lon="13.84241584">
        <ele>3</ele>
        <time>2026-07-01T15:09:58.88Z</time>
      </trkpt>
      <trkpt lat="53.77839445" lon="13.84161028">
        <ele>2.846154</ele>
        <time>2026-07-01T15:10:12.302Z</time>
      </trkpt>
      <trkpt lat="53.77803445" lon="13.83981667">
        <ele>2.692308</ele>
        <time>2026-07-01T15:10:38.74Z</time>
      </trkpt>
      <trkpt lat="53.77743445" lon="13.83913473">
        <ele>2.538461</ele>
        <time>2026-07-01T15:10:55.788Z</time>
      </trkpt>
      <trkpt lat="53.77779889" lon="13.83821417">
        <ele>2.538461</ele>
        <time>2026-07-01T15:11:11.246Z</time>
      </trkpt>
      <trkpt lat="53.77778334" lon="13.83757056">
        <ele>2.769231</ele>
        <time>2026-07-01T15:11:20.239Z</time>
      </trkpt>
      <trkpt lat="53.77765639" lon="13.83667695">
        <ele>2.769231</ele>
        <time>2026-07-01T15:11:33.068Z</time>
      </trkpt>
      <trkpt lat="53.777615" lon="13.83617389">
        <ele>2.769231</ele>
        <time>2026-07-01T15:11:40.158Z</time>
      </trkpt>
      <trkpt lat="53.77770973" lon="13.83597251">
        <ele>2.692308</ele>
        <time>2026-07-01T15:11:43.746Z</time>
      </trkpt>
      <trkpt lat="53.77796695" lon="13.8355325">
        <ele>2.769231</ele>
        <time>2026-07-01T15:11:52.372Z</time>
      </trkpt>
      <trkpt lat="53.77866917" lon="13.83475612">
        <ele>2.846154</ele>
        <time>2026-07-01T15:12:12.156Z</time>
      </trkpt>
      <trkpt lat="53.78010389" lon="13.83342889">
        <ele>2.769231</ele>
        <time>2026-07-01T15:12:50.715Z</time>
      </trkpt>
      <trkpt lat="53.78067334" lon="13.83311695">
        <ele>2.923077</ele>
        <time>2026-07-01T15:13:04.824Z</time>
      </trkpt>
      <trkpt lat="53.78250556" lon="13.83224056">
        <ele>2.846154</ele>
        <time>2026-07-01T15:13:49.708Z</time>
      </trkpt>
      <trkpt lat="53.78243473" lon="13.83226167">
        <ele>3</ele>
        <time>2026-07-01T15:13:51.403Z</time>
      </trkpt>
      <trkpt lat="53.78433223" lon="13.83224917">
        <ele>3.153846</ele>
        <time>2026-07-01T15:14:36.127Z</time>
      </trkpt>
      <trkpt lat="53.78567362" lon="13.83221751">
        <ele>3.153846</ele>
        <time>2026-07-01T15:15:07.746Z</time>
      </trkpt>
      <trkpt lat="53.78643889" lon="13.83214028">
        <ele>3.076923</ele>
        <time>2026-07-01T15:15:25.815Z</time>
      </trkpt>
      <trkpt lat="53.78680195" lon="13.83222473">
        <ele>2.769231</ele>
        <time>2026-07-01T15:15:34.453Z</time>
      </trkpt>
      <trkpt lat="53.78811917" lon="13.83212473">
        <ele>2.769231</ele>
        <time>2026-07-01T15:16:05.531Z</time>
      </trkpt>
      <trkpt lat="53.7894125" lon="13.83157167">
        <ele>2.615385</ele>
        <time>2026-07-01T15:16:36.976Z</time>
      </trkpt>
      <trkpt lat="53.78994528" lon="13.83125195">
        <ele>2.461539</ele>
        <time>2026-07-01T15:16:50.301Z</time>
      </trkpt>
      <trkpt lat="53.79040584" lon="13.83098778">
        <ele>2</ele>
        <time>2026-07-01T15:17:01.764Z</time>
      </trkpt>
      <trkpt lat="53.79059306" lon="13.83085389">
        <ele>1.615385</ele>
        <time>2026-07-01T15:17:06.555Z</time>
      </trkpt>
      <trkpt lat="53.79084862" lon="13.83077695">
        <ele>1.384615</ele>
        <time>2026-07-01T15:17:12.673Z</time>
      </trkpt>
      <trkpt lat="53.79110639" lon="13.83049028">
        <ele>1.076923</ele>
        <time>2026-07-01T15:17:19.945Z</time>
      </trkpt>
      <trkpt lat="53.79117584" lon="13.82974695">
        <ele>0.9230769</ele>
        <time>2026-07-01T15:17:30.447Z</time>
      </trkpt>
      <trkpt lat="53.79169584" lon="13.82919084">
        <ele>0.6153846</ele>
        <time>2026-07-01T15:17:44.954Z</time>
      </trkpt>
      <trkpt lat="53.79207167" lon="13.82908">
        <ele>0.4615385</ele>
        <time>2026-07-01T15:17:53.946Z</time>
      </trkpt>
      <trkpt lat="53.79239584" lon="13.828935">
        <ele>0.3846154</ele>
        <time>2026-07-01T15:18:01.849Z</time>
      </trkpt>
      <trkpt lat="53.79269945" lon="13.82917362">
        <ele>0.2307692</ele>
        <time>2026-07-01T15:18:09.74Z</time>
      </trkpt>
      <trkpt lat="53.79312001" lon="13.82954695">
        <ele>0.1538462</ele>
        <time>2026-07-01T15:18:20.935Z</time>
      </trkpt>
      <trkpt lat="53.79359445" lon="13.82935223">
        <ele>0</ele>
        <time>2026-07-01T15:18:32.442Z</time>
      </trkpt>
      <trkpt lat="53.79555223" lon="13.82839945">
        <ele>-0.2307692</ele>
        <time>2026-07-01T15:19:20.464Z</time>
      </trkpt>
      <trkpt lat="53.79674251" lon="13.82780445">
        <ele>-0.3846154</ele>
        <time>2026-07-01T15:19:49.721Z</time>
      </trkpt>
      <trkpt lat="53.79959389" lon="13.82637306">
        <ele>-0.3846154</ele>
        <time>2026-07-01T15:20:59.832Z</time>
      </trkpt>
      <trkpt lat="53.79991389" lon="13.82637167">
        <ele>-0.4615385</ele>
        <time>2026-07-01T15:21:07.374Z</time>
      </trkpt>
      <trkpt lat="53.80255889" lon="13.82509889">
        <ele>-0.6153846</ele>
        <time>2026-07-01T15:22:12.196Z</time>
      </trkpt>
      <trkpt lat="53.80283528" lon="13.82487528">
        <ele>-0.6153846</ele>
        <time>2026-07-01T15:22:19.417Z</time>
      </trkpt>
      <trkpt lat="53.80314334" lon="13.82469473">
        <ele>-0.6923077</ele>
        <time>2026-07-01T15:22:27.101Z</time>
      </trkpt>
      <trkpt lat="53.80339473" lon="13.82483028">
        <ele>-0.7692308</ele>
        <time>2026-07-01T15:22:33.32Z</time>
      </trkpt>
      <trkpt lat="53.80445445" lon="13.82439278">
        <ele>-0.8461539</ele>
        <time>2026-07-01T15:22:59.031Z</time>
      </trkpt>
      <trkpt lat="53.80635195" lon="13.82350945">
        <ele>-0.9230769</ele>
        <time>2026-07-01T15:23:45.421Z</time>
      </trkpt>
      <trkpt lat="53.80710889" lon="13.82313556">
        <ele>-0.9230769</ele>
        <time>2026-07-01T15:24:04.007Z</time>
      </trkpt>
      <trkpt lat="53.80881223" lon="13.82235445">
        <ele>-0.9230769</ele>
        <time>2026-07-01T15:24:45.607Z</time>
      </trkpt>
      <trkpt lat="53.80984139" lon="13.82192278">
        <ele>-0.9230769</ele>
        <time>2026-07-01T15:25:10.599Z</time>
      </trkpt>
      <trkpt lat="53.81116084" lon="13.82128223">
        <ele>-0.8461539</ele>
        <time>2026-07-01T15:25:42.956Z</time>
      </trkpt>
      <trkpt lat="53.81140612" lon="13.82113112">
        <ele>-0.7692308</ele>
        <time>2026-07-01T15:25:49.109Z</time>
      </trkpt>
      <trkpt lat="53.81420334" lon="13.81981667">
        <ele>-0.7692308</ele>
        <time>2026-07-01T15:26:57.541Z</time>
      </trkpt>
      <trkpt lat="53.81623445" lon="13.81886139">
        <ele>-0.7692308</ele>
        <time>2026-07-01T15:27:47.233Z</time>
      </trkpt>
      <trkpt lat="53.81728223" lon="13.81854389">
        <ele>-0.6923077</ele>
        <time>2026-07-01T15:28:12.322Z</time>
      </trkpt>
      <trkpt lat="53.81760778" lon="13.81845612">
        <ele>-0.6153846</ele>
        <time>2026-07-01T15:28:20.092Z</time>
      </trkpt>
      <trkpt lat="53.81782362" lon="13.81822612">
        <ele>-0.3846154</ele>
        <time>2026-07-01T15:28:26.104Z</time>
      </trkpt>
      <trkpt lat="53.81802278" lon="13.81813889">
        <ele>-0.2307692</ele>
        <time>2026-07-01T15:28:30.953Z</time>
      </trkpt>
      <trkpt lat="53.81815778" lon="13.81823">
        <ele>-0.2307692</ele>
        <time>2026-07-01T15:28:34.379Z</time>
      </trkpt>
      <trkpt lat="53.81835084" lon="13.81833667">
        <ele>-0.3846154</ele>
        <time>2026-07-01T15:28:39.166Z</time>
      </trkpt>
      <trkpt lat="53.81852667" lon="13.81833278">
        <ele>-0.5384616</ele>
        <time>2026-07-01T15:28:43.311Z</time>
      </trkpt>
      <trkpt lat="53.81875195" lon="13.81822556">
        <ele>-0.6923077</ele>
        <time>2026-07-01T15:28:48.827Z</time>
      </trkpt>
      <trkpt lat="53.81885473" lon="13.81803612">
        <ele>-0.8461539</ele>
        <time>2026-07-01T15:28:52.409Z</time>
      </trkpt>
      <trkpt lat="53.81897528" lon="13.81783639">
        <ele>-1</ele>
        <time>2026-07-01T15:28:56.386Z</time>
      </trkpt>
      <trkpt lat="53.81926695" lon="13.81765445">
        <ele>-1.076923</ele>
        <time>2026-07-01T15:29:03.713Z</time>
      </trkpt>
      <trkpt lat="53.81965001" lon="13.81786889">
        <ele>-1.153846</ele>
        <time>2026-07-01T15:29:13.223Z</time>
      </trkpt>
      <trkpt lat="53.82003917" lon="13.8178375">
        <ele>-1.153846</ele>
        <time>2026-07-01T15:29:22.406Z</time>
      </trkpt>
      <trkpt lat="53.82036112" lon="13.81748528">
        <ele>-1.230769</ele>
        <time>2026-07-01T15:29:31.442Z</time>
      </trkpt>
      <trkpt lat="53.82055612" lon="13.81718667">
        <ele>-1.384615</ele>
        <time>2026-07-01T15:29:37.641Z</time>
      </trkpt>
      <trkpt lat="53.82071278" lon="13.81660584">
        <ele>-1.615385</ele>
        <time>2026-07-01T15:29:46.543Z</time>
      </trkpt>
      <trkpt lat="53.82086056" lon="13.81612056">
        <ele>-1.769231</ele>
        <time>2026-07-01T15:29:54.147Z</time>
      </trkpt>
      <trkpt lat="53.82114889" lon="13.81590139">
        <ele>-1.769231</ele>
        <time>2026-07-01T15:30:01.597Z</time>
      </trkpt>
      <trkpt lat="53.82155195" lon="13.81591639">
        <ele>-1.615385</ele>
        <time>2026-07-01T15:30:11.099Z</time>
      </trkpt>
      <trkpt lat="53.82192612" lon="13.81606889">
        <ele>-1.538462</ele>
        <time>2026-07-01T15:30:20.17Z</time>
      </trkpt>
      <trkpt lat="53.82223834" lon="13.81598195">
        <ele>-1.461538</ele>
        <time>2026-07-01T15:30:27.628Z</time>
      </trkpt>
      <trkpt lat="53.82252028" lon="13.81550667">
        <ele>-1.384615</ele>
        <time>2026-07-01T15:30:37.008Z</time>
      </trkpt>
      <trkpt lat="53.82263584" lon="13.81505223">
        <ele>-1.307692</ele>
        <time>2026-07-01T15:30:43.899Z</time>
      </trkpt>
      <trkpt lat="53.82278862" lon="13.81461139">
        <ele>-1.384615</ele>
        <time>2026-07-01T15:30:51.018Z</time>
      </trkpt>
      <trkpt lat="53.82307084" lon="13.81444334">
        <ele>-1.461538</ele>
        <time>2026-07-01T15:30:58.07Z</time>
      </trkpt>
      <trkpt lat="53.82326612" lon="13.81433167">
        <ele>-1.538462</ele>
        <time>2026-07-01T15:31:02.928Z</time>
      </trkpt>
      <trkpt lat="53.82354973" lon="13.81379917">
        <ele>-1.538462</ele>
        <time>2026-07-01T15:31:12.919Z</time>
      </trkpt>
      <trkpt lat="53.82367223" lon="13.81369389">
        <ele>-1.461538</ele>
        <time>2026-07-01T15:31:16.157Z</time>
      </trkpt>
      <trkpt lat="53.82383806" lon="13.81372667">
        <ele>-1.307692</ele>
        <time>2026-07-01T15:31:20.092Z</time>
      </trkpt>
      <trkpt lat="53.82420639" lon="13.813775">
        <ele>-1.153846</ele>
        <time>2026-07-01T15:31:28.8Z</time>
      </trkpt>
      <trkpt lat="53.82436139" lon="13.81368917">
        <ele>-1.153846</ele>
        <time>2026-07-01T15:31:32.644Z</time>
      </trkpt>
      <trkpt lat="53.82448778" lon="13.81348334">
        <ele>-1.153846</ele>
        <time>2026-07-01T15:31:36.778Z</time>
      </trkpt>
      <trkpt lat="53.82460806" lon="13.81312973">
        <ele>-1.153846</ele>
        <time>2026-07-01T15:31:42.461Z</time>
      </trkpt>
      <trkpt lat="53.82472834" lon="13.81270195">
        <ele>-1.230769</ele>
        <time>2026-07-01T15:31:49.059Z</time>
      </trkpt>
      <trkpt lat="53.82495251" lon="13.81254417">
        <ele>-1.307692</ele>
        <time>2026-07-01T15:31:54.781Z</time>
      </trkpt>
      <trkpt lat="53.82519862" lon="13.8127125">
        <ele>-1.384615</ele>
        <time>2026-07-01T15:32:01.038Z</time>
      </trkpt>
      <trkpt lat="53.82541362" lon="13.81276917">
        <ele>-1.461538</ele>
        <time>2026-07-01T15:32:06.167Z</time>
      </trkpt>
      <trkpt lat="53.82580417" lon="13.81274612">
        <ele>-1.461538</ele>
        <time>2026-07-01T15:32:15.378Z</time>
      </trkpt>
      <trkpt lat="53.82611723" lon="13.81287695">
        <ele>-1.461538</ele>
        <time>2026-07-01T15:32:22.978Z</time>
      </trkpt>
      <trkpt lat="53.82640501" lon="13.81305834">
        <ele>-1.461538</ele>
        <time>2026-07-01T15:32:30.216Z</time>
      </trkpt>
      <trkpt lat="53.82658445" lon="13.81311639">
        <ele>-1.538462</ele>
        <time>2026-07-01T15:32:34.522Z</time>
      </trkpt>
      <trkpt lat="53.82690084" lon="13.81305723">
        <ele>-1.692308</ele>
        <time>2026-07-01T15:32:42.025Z</time>
      </trkpt>
      <trkpt lat="53.82717084" lon="13.81269667">
        <ele>-1.846154</ele>
        <time>2026-07-01T15:32:50.132Z</time>
      </trkpt>
      <trkpt lat="53.82732362" lon="13.81249056">
        <ele>-1.923077</ele>
        <time>2026-07-01T15:32:54.737Z</time>
      </trkpt>
      <trkpt lat="53.82769695" lon="13.81210389">
        <ele>-2</ele>
        <time>2026-07-01T15:33:05.054Z</time>
      </trkpt>
      <trkpt lat="53.82790501" lon="13.81186584">
        <ele>-2.076923</ele>
        <time>2026-07-01T15:33:10.974Z</time>
      </trkpt>
      <trkpt lat="53.82822973" lon="13.81163334">
        <ele>-2.076923</ele>
        <time>2026-07-01T15:33:19.284Z</time>
      </trkpt>
      <trkpt lat="53.82856139" lon="13.81167223">
        <ele>-2.076923</ele>
        <time>2026-07-01T15:33:27.12Z</time>
      </trkpt>
      <trkpt lat="53.82907945" lon="13.81190723">
        <ele>-2.076923</ele>
        <time>2026-07-01T15:33:39.762Z</time>
      </trkpt>
      <trkpt lat="53.82924639" lon="13.811905">
        <ele>-1.923077</ele>
        <time>2026-07-01T15:33:43.697Z</time>
      </trkpt>
      <trkpt lat="53.82950834" lon="13.81163195">
        <ele>-1.923077</ele>
        <time>2026-07-01T15:33:50.948Z</time>
      </trkpt>
      <trkpt lat="53.82991473" lon="13.810485">
        <ele>-1.923077</ele>
        <time>2026-07-01T15:34:09.589Z</time>
      </trkpt>
      <trkpt lat="53.83006112" lon="13.81008695">
        <ele>-1.846154</ele>
        <time>2026-07-01T15:34:16.119Z</time>
      </trkpt>
      <trkpt lat="53.83025195" lon="13.81003306">
        <ele>-1.769231</ele>
        <time>2026-07-01T15:34:20.679Z</time>
      </trkpt>
      <trkpt lat="53.83071584" lon="13.81024667">
        <ele>-1.692308</ele>
        <time>2026-07-01T15:34:32.01Z</time>
      </trkpt>
      <trkpt lat="53.83161584" lon="13.81135223">
        <ele>-1.615385</ele>
        <time>2026-07-01T15:34:58.232Z</time>
      </trkpt>
      <trkpt lat="53.83189945" lon="13.81173806">
        <ele>-1.615385</ele>
        <time>2026-07-01T15:35:06.808Z</time>
      </trkpt>
      <trkpt lat="53.83186084" lon="13.81348417">
        <ele>-1.615385</ele>
        <time>2026-07-01T15:35:31.17Z</time>
      </trkpt>
      <trkpt lat="53.83154778" lon="13.81534889">
        <ele>-1.615385</ele>
        <time>2026-07-01T15:35:58.196Z</time>
      </trkpt>
      <trkpt lat="53.8317" lon="13.81711695">
        <ele>-1.538462</ele>
        <time>2026-07-01T15:36:23.107Z</time>
      </trkpt>
      <trkpt lat="53.83169639" lon="13.81917917">
        <ele>-1.461538</ele>
        <time>2026-07-01T15:36:51.86Z</time>
      </trkpt>
      <trkpt lat="53.83206417" lon="13.81966362">
        <ele>-1.384615</ele>
        <time>2026-07-01T15:37:02.844Z</time>
      </trkpt>
      <trkpt lat="53.83255" lon="13.81981889">
        <ele>-1.307692</ele>
        <time>2026-07-01T15:37:14.497Z</time>
      </trkpt>
      <trkpt lat="53.83350917" lon="13.8199975">
        <ele>-1.153846</ele>
        <time>2026-07-01T15:37:37.241Z</time>
      </trkpt>
      <trkpt lat="53.83454723" lon="13.81975612">
        <ele>-1.076923</ele>
        <time>2026-07-01T15:38:01.938Z</time>
      </trkpt>
      <trkpt lat="53.83489945" lon="13.81961723">
        <ele>-1.076923</ele>
        <time>2026-07-01T15:38:10.462Z</time>
      </trkpt>
      <trkpt lat="53.83520028" lon="13.81935723">
        <ele>-1</ele>
        <time>2026-07-01T15:38:18.423Z</time>
      </trkpt>
      <trkpt lat="53.83541528" lon="13.81902612">
        <ele>-0.9230769</ele>
        <time>2026-07-01T15:38:25.274Z</time>
      </trkpt>
      <trkpt lat="53.8358" lon="13.81874389">
        <ele>-0.9230769</ele>
        <time>2026-07-01T15:38:35.157Z</time>
      </trkpt>
      <trkpt lat="53.83605223" lon="13.81859445">
        <ele>-0.8461539</ele>
        <time>2026-07-01T15:38:41.456Z</time>
      </trkpt>
      <trkpt lat="53.83651167" lon="13.81828278">
        <ele>-0.8461539</ele>
        <time>2026-07-01T15:38:53.122Z</time>
      </trkpt>
      <trkpt lat="53.83675528" lon="13.81829889">
        <ele>-0.6153846</ele>
        <time>2026-07-01T15:38:58.868Z</time>
      </trkpt>
      <trkpt lat="53.83695334" lon="13.81847945">
        <ele>-0.6923077</ele>
        <time>2026-07-01T15:39:04.17Z</time>
      </trkpt>
      <trkpt lat="53.83733334" lon="13.81884945">
        <ele>-0.7692308</ele>
        <time>2026-07-01T15:39:14.503Z</time>
      </trkpt>
      <trkpt lat="53.83784723" lon="13.81953112">
        <ele>-0.9230769</ele>
        <time>2026-07-01T15:39:29.898Z</time>
      </trkpt>
      <trkpt lat="53.83832278" lon="13.81981973">
        <ele>-1.153846</ele>
        <time>2026-07-01T15:39:41.805Z</time>
      </trkpt>
      <trkpt lat="53.83889584" lon="13.82009973">
        <ele>-1.384615</ele>
        <time>2026-07-01T15:39:55.863Z</time>
      </trkpt>
      <trkpt lat="53.84128695" lon="13.81974251">
        <ele>-1.538462</ele>
        <time>2026-07-01T15:40:52.44Z</time>
      </trkpt>
      <trkpt lat="53.84136695" lon="13.81414528">
        <ele>-1.615385</ele>
        <time>2026-07-01T15:42:10.485Z</time>
      </trkpt>
      <trkpt lat="53.84146751" lon="13.81097528">
        <ele>-1.846154</ele>
        <time>2026-07-01T15:42:54.736Z</time>
      </trkpt>
      <trkpt lat="53.84147695" lon="13.80959112">
        <ele>-2.076923</ele>
        <time>2026-07-01T15:43:14.032Z</time>
      </trkpt>
      <trkpt lat="53.84160362" lon="13.80735362">
        <ele>-2.153846</ele>
        <time>2026-07-01T15:43:45.364Z</time>
      </trkpt>
      <trkpt lat="53.84218028" lon="13.80334278">
        <ele>-2.307692</ele>
        <time>2026-07-01T15:44:42.9Z</time>
      </trkpt>
      <trkpt lat="53.84245778" lon="13.80098473">
        <ele>-2.384615</ele>
        <time>2026-07-01T15:45:16.413Z</time>
      </trkpt>
      <trkpt lat="53.84237973" lon="13.79920445">
        <ele>-2.615385</ele>
        <time>2026-07-01T15:45:41.296Z</time>
      </trkpt>
      <trkpt lat="53.84216723" lon="13.79828056">
        <ele>-2.846154</ele>
        <time>2026-07-01T15:45:55.114Z</time>
      </trkpt>
      <trkpt lat="53.84207612" lon="13.79765139">
        <ele>-2.846154</ele>
        <time>2026-07-01T15:46:04.143Z</time>
      </trkpt>
      <trkpt lat="53.84206112" lon="13.79677834">
        <ele>-2.692308</ele>
        <time>2026-07-01T15:46:16.318Z</time>
      </trkpt>
      <trkpt lat="53.84200334" lon="13.79573139">
        <ele>-2.615385</ele>
        <time>2026-07-01T15:46:30.975Z</time>
      </trkpt>
      <trkpt lat="53.84182695" lon="13.79391167">
        <ele>-2.384615</ele>
        <time>2026-07-01T15:46:56.679Z</time>
      </trkpt>
      <trkpt lat="53.84174917" lon="13.7892075">
        <ele>-2.307692</ele>
        <time>2026-07-01T15:48:02.277Z</time>
      </trkpt>
      <trkpt lat="53.84172584" lon="13.78729306">
        <ele>-2.307692</ele>
        <time>2026-07-01T15:48:28.968Z</time>
      </trkpt>
      <trkpt lat="53.84127973" lon="13.78389639">
        <ele>-2.076923</ele>
        <time>2026-07-01T15:49:17.469Z</time>
      </trkpt>
      <trkpt lat="53.84056084" lon="13.77816306">
        <ele>-1.923077</ele>
        <time>2026-07-01T15:50:39.165Z</time>
      </trkpt>
      <trkpt lat="53.84052278" lon="13.77703417">
        <ele>-1.769231</ele>
        <time>2026-07-01T15:50:54.927Z</time>
      </trkpt>
      <trkpt lat="53.84065917" lon="13.77570028">
        <ele>-1.538462</ele>
        <time>2026-07-01T15:51:13.797Z</time>
      </trkpt>
      <trkpt lat="53.84102056" lon="13.77413889">
        <ele>-1.384615</ele>
        <time>2026-07-01T15:51:37.169Z</time>
      </trkpt>
      <trkpt lat="53.84144501" lon="13.77309084">
        <ele>-1.307692</ele>
        <time>2026-07-01T15:51:54.875Z</time>
      </trkpt>
      <trkpt lat="53.84230528" lon="13.77153001">
        <ele>-1.076923</ele>
        <time>2026-07-01T15:52:24.615Z</time>
      </trkpt>
      <trkpt lat="53.84297695" lon="13.76969473">
        <ele>-1.076923</ele>
        <time>2026-07-01T15:52:54.699Z</time>
      </trkpt>
      <trkpt lat="53.84366862" lon="13.76777723">
        <ele>-1.076923</ele>
        <time>2026-07-01T15:53:26.006Z</time>
      </trkpt>
      <trkpt lat="53.84399028" lon="13.76638">
        <ele>-0.9230769</ele>
        <time>2026-07-01T15:53:46.905Z</time>
      </trkpt>
      <trkpt lat="53.84377362" lon="13.76523473">
        <ele>-1</ele>
        <time>2026-07-01T15:54:03.665Z</time>
      </trkpt>
      <trkpt lat="53.84377501" lon="13.76527973">
        <ele>-0.9230769</ele>
        <time>2026-07-01T15:54:04.292Z</time>
      </trkpt>
      <trkpt lat="53.8446825" lon="13.7640075">
        <ele>-0.8461539</ele>
        <time>2026-07-01T15:54:32.076Z</time>
      </trkpt>
      <trkpt lat="53.84480251" lon="13.76357112">
        <ele>-0.9230769</ele>
        <time>2026-07-01T15:54:38.777Z</time>
      </trkpt>
      <trkpt lat="53.84493695" lon="13.76282251">
        <ele>-0.9230769</ele>
        <time>2026-07-01T15:54:49.682Z</time>
      </trkpt>
      <trkpt lat="53.84524806" lon="13.7621925">
        <ele>-1</ele>
        <time>2026-07-01T15:55:01.122Z</time>
      </trkpt>
      <trkpt lat="53.84540028" lon="13.76169806">
        <ele>-1</ele>
        <time>2026-07-01T15:55:08.892Z</time>
      </trkpt>
      <trkpt lat="53.8455625" lon="13.76068806">
        <ele>-0.9230769</ele>
        <time>2026-07-01T15:55:23.479Z</time>
      </trkpt>
      <trkpt lat="53.84567334" lon="13.75994473">
        <ele>-0.9230769</ele>
        <time>2026-07-01T15:55:34.164Z</time>
      </trkpt>
      <trkpt lat="53.84560612" lon="13.75917695">
        <ele>-0.9230769</ele>
        <time>2026-07-01T15:55:44.982Z</time>
      </trkpt>
      <trkpt lat="53.84565862" lon="13.75886084">
        <ele>-0.8461539</ele>
        <time>2026-07-01T15:55:49.553Z</time>
      </trkpt>
      <trkpt lat="53.84585639" lon="13.75835195">
        <ele>-0.8461539</ele>
        <time>2026-07-01T15:55:58.04Z</time>
      </trkpt>
      <trkpt lat="53.84622556" lon="13.75743251">
        <ele>-0.8461539</ele>
        <time>2026-07-01T15:56:13.53Z</time>
      </trkpt>
      <trkpt lat="53.84670973" lon="13.75789084">
        <ele>-0.7692308</ele>
        <time>2026-07-01T15:56:26.604Z</time>
      </trkpt>
      <trkpt lat="53.847035" lon="13.75826917">
        <ele>-0.8461539</ele>
        <time>2026-07-01T15:56:35.905Z</time>
      </trkpt>
      <trkpt lat="53.84769667" lon="13.75652306">
        <ele>-0.8461539</ele>
        <time>2026-07-01T15:57:04.809Z</time>
      </trkpt>
      <trkpt lat="53.84799028" lon="13.75384056">
        <ele>-1</ele>
        <time>2026-07-01T15:57:42.831Z</time>
      </trkpt>
      <trkpt lat="53.8480025" lon="13.75335528">
        <ele>-1.076923</ele>
        <time>2026-07-01T15:57:49.593Z</time>
      </trkpt>
      <trkpt lat="53.84802778" lon="13.75225889">
        <ele>-1.230769</ele>
        <time>2026-07-01T15:58:04.885Z</time>
      </trkpt>
      <trkpt lat="53.84815723" lon="13.75135501">
        <ele>-1.307692</ele>
        <time>2026-07-01T15:58:17.847Z</time>
      </trkpt>
      <trkpt lat="53.84887445" lon="13.74952723">
        <ele>-1.307692</ele>
        <time>2026-07-01T15:58:48.42Z</time>
      </trkpt>
      <trkpt lat="53.84945528" lon="13.74753195">
        <ele>-1.307692</ele>
        <time>2026-07-01T15:59:19.415Z</time>
      </trkpt>
      <trkpt lat="53.84989139" lon="13.74624723">
        <ele>-1.230769</ele>
        <time>2026-07-01T15:59:40.06Z</time>
      </trkpt>
      <trkpt lat="53.85016639" lon="13.74578917">
        <ele>-1.230769</ele>
        <time>2026-07-01T15:59:49.152Z</time>
      </trkpt>
      <trkpt lat="53.85054806" lon="13.74529112">
        <ele>-1.153846</ele>
        <time>2026-07-01T16:00:00.514Z</time>
      </trkpt>
      <trkpt lat="53.85132639" lon="13.74443112">
        <ele>-1.307692</ele>
        <time>2026-07-01T16:00:22.427Z</time>
      </trkpt>
      <trkpt lat="53.85177362" lon="13.74391389">
        <ele>-1.384615</ele>
        <time>2026-07-01T16:00:35.197Z</time>
      </trkpt>
      <trkpt lat="53.85187834" lon="13.74338056">
        <ele>-1.307692</ele>
        <time>2026-07-01T16:00:43.029Z</time>
      </trkpt>
      <trkpt lat="53.85209889" lon="13.74156584">
        <ele>-1.307692</ele>
        <time>2026-07-01T16:01:08.847Z</time>
      </trkpt>
      <trkpt lat="53.85247862" lon="13.73999223">
        <ele>-1.230769</ele>
        <time>2026-07-01T16:01:32.533Z</time>
      </trkpt>
      <trkpt lat="53.85317195" lon="13.73675501">
        <ele>-1.153846</ele>
        <time>2026-07-01T16:02:20.514Z</time>
      </trkpt>
      <trkpt lat="53.85371167" lon="13.73406251">
        <ele>-1</ele>
        <time>2026-07-01T16:03:00.133Z</time>
      </trkpt>
      <trkpt lat="53.85413028" lon="13.73214445">
        <ele>-0.9230769</ele>
        <time>2026-07-01T16:03:28.624Z</time>
      </trkpt>
      <trkpt lat="53.85444167" lon="13.73087362">
        <ele>-0.9230769</ele>
        <time>2026-07-01T16:03:47.794Z</time>
      </trkpt>
      <trkpt lat="53.85488889" lon="13.72961973">
        <ele>-0.9230769</ele>
        <time>2026-07-01T16:04:08.2Z</time>
      </trkpt>
      <trkpt lat="53.85534834" lon="13.72702889">
        <ele>-0.8461539</ele>
        <time>2026-07-01T16:04:45.892Z</time>
      </trkpt>
      <trkpt lat="53.85560945" lon="13.72584112">
        <ele>-0.7692308</ele>
        <time>2026-07-01T16:05:03.55Z</time>
      </trkpt>
      <trkpt lat="53.85578195" lon="13.72508223">
        <ele>-0.7692308</ele>
        <time>2026-07-01T16:05:14.88Z</time>
      </trkpt>
      <trkpt lat="53.85598917" lon="13.72447667">
        <ele>-0.5384616</ele>
        <time>2026-07-01T16:05:24.63Z</time>
      </trkpt>
      <trkpt lat="53.85628" lon="13.72372862">
        <ele>-0.3846154</ele>
        <time>2026-07-01T16:05:37.106Z</time>
      </trkpt>
      <trkpt lat="53.85707806" lon="13.72204806">
        <ele>-0.3076923</ele>
        <time>2026-07-01T16:06:07.143Z</time>
      </trkpt>
      <trkpt lat="53.85726306" lon="13.72153389">
        <ele>-0.2307692</ele>
        <time>2026-07-01T16:06:15.53Z</time>
      </trkpt>
      <trkpt lat="53.85749889" lon="13.72091223">
        <ele>-0.07692308</ele>
        <time>2026-07-01T16:06:25.822Z</time>
      </trkpt>
      <trkpt lat="53.85742667" lon="13.72020667">
        <ele>0</ele>
        <time>2026-07-01T16:06:35.8Z</time>
      </trkpt>
      <trkpt lat="53.85726084" lon="13.7196725">
        <ele>0.07692308</ele>
        <time>2026-07-01T16:06:44.207Z</time>
      </trkpt>
      <trkpt lat="53.85635195" lon="13.71817528">
        <ele>0.1538462</ele>
        <time>2026-07-01T16:07:14.11Z</time>
      </trkpt>
      <trkpt lat="53.85530862" lon="13.71674723">
        <ele>0.8461539</ele>
        <time>2026-07-01T16:07:45.744Z</time>
      </trkpt>
      <trkpt lat="53.85464167" lon="13.71621751">
        <ele>1.230769</ele>
        <time>2026-07-01T16:08:03.111Z</time>
      </trkpt>
      <trkpt lat="53.85398501" lon="13.71582501">
        <ele>1.538462</ele>
        <time>2026-07-01T16:08:19.524Z</time>
      </trkpt>
      <trkpt lat="53.85342028" lon="13.71554778">
        <ele>1.769231</ele>
        <time>2026-07-01T16:08:33.383Z</time>
      </trkpt>
      <trkpt lat="53.85309723" lon="13.71546278">
        <ele>2.076923</ele>
        <time>2026-07-01T16:08:41.089Z</time>
      </trkpt>
      <trkpt lat="53.85342501" lon="13.71379195">
        <ele>2.307692</ele>
        <time>2026-07-01T16:09:05.621Z</time>
      </trkpt>
      <trkpt lat="53.85407945" lon="13.71050806">
        <ele>2.538461</ele>
        <time>2026-07-01T16:09:53.913Z</time>
      </trkpt>
      <trkpt lat="53.85426028" lon="13.70843278">
        <ele>2.846154</ele>
        <time>2026-07-01T16:10:23.145Z</time>
      </trkpt>
      <trkpt lat="53.85437639" lon="13.70713917">
        <ele>3.153846</ele>
        <time>2026-07-01T16:10:41.378Z</time>
      </trkpt>
      <trkpt lat="53.85452028" lon="13.70499084">
        <ele>3.538461</ele>
        <time>2026-07-01T16:11:11.506Z</time>
      </trkpt>
      <trkpt lat="53.85466473" lon="13.70311001">
        <ele>4</ele>
        <time>2026-07-01T16:11:37.936Z</time>
      </trkpt>
      <trkpt lat="53.85480612" lon="13.70137501">
        <ele>4.615385</ele>
        <time>2026-07-01T16:12:02.342Z</time>
      </trkpt>
      <trkpt lat="53.85485723" lon="13.70133501">
        <ele>5.076923</ele>
        <time>2026-07-01T16:12:03.669Z</time>
      </trkpt>
      <trkpt lat="53.85488584" lon="13.70123278">
        <ele>4.923077</ele>
        <time>2026-07-01T16:12:05.244Z</time>
      </trkpt>
      <trkpt lat="53.85487917" lon="13.70112945">
        <ele>5.153846</ele>
        <time>2026-07-01T16:12:06.691Z</time>
      </trkpt>
      <trkpt lat="53.85484778" lon="13.70105834">
        <ele>5.307693</ele>
        <time>2026-07-01T16:12:07.927Z</time>
      </trkpt>
      <trkpt lat="53.85487389" lon="13.70085501">
        <ele>5.692307</ele>
        <time>2026-07-01T16:12:10.823Z</time>
      </trkpt>
      <trkpt lat="53.85497389" lon="13.70030667">
        <ele>6</ele>
        <time>2026-07-01T16:12:18.819Z</time>
      </trkpt>
      <trkpt lat="53.85503528" lon="13.70020612">
        <ele>6.384615</ele>
        <time>2026-07-01T16:12:20.832Z</time>
      </trkpt>
      <trkpt lat="53.85504001" lon="13.70012723">
        <ele>6.538462</ele>
        <time>2026-07-01T16:12:21.936Z</time>
      </trkpt>
      <trkpt lat="53.85502334" lon="13.70003834">
        <ele>6.692307</ele>
        <time>2026-07-01T16:12:23.234Z</time>
      </trkpt>
      <trkpt lat="53.85524417" lon="13.69907973">
        <ele>6.846154</ele>
        <time>2026-07-01T16:12:37.57Z</time>
      </trkpt>
      <trkpt lat="53.85579556" lon="13.69655751">
        <ele>6.923077</ele>
        <time>2026-07-01T16:13:15.042Z</time>
      </trkpt>
      <trkpt lat="53.85588751" lon="13.69580389">
        <ele>6.923077</ele>
        <time>2026-07-01T16:13:25.765Z</time>
      </trkpt>
      <trkpt lat="53.85586889" lon="13.69516223">
        <ele>6.846154</ele>
        <time>2026-07-01T16:13:34.717Z</time>
      </trkpt>
      <trkpt lat="53.85564667" lon="13.69382334">
        <ele>6.846154</ele>
        <time>2026-07-01T16:13:54.095Z</time>
      </trkpt>
      <trkpt lat="53.85565862" lon="13.69388806">
        <ele>6.846154</ele>
        <time>2026-07-01T16:13:55.039Z</time>
      </trkpt>
      <trkpt lat="53.85564667" lon="13.69382334">
        <ele>6.846154</ele>
        <time>2026-07-01T16:13:55.983Z</time>
      </trkpt>
      <trkpt lat="53.85549056" lon="13.69333084">
        <ele>7</ele>
        <time>2026-07-01T16:14:03.77Z</time>
      </trkpt>
      <trkpt lat="53.85543139" lon="13.69320112">
        <ele>7</ele>
        <time>2026-07-01T16:14:06.051Z</time>
      </trkpt>
      <trkpt lat="53.85540306" lon="13.69311862">
        <ele>7</ele>
        <time>2026-07-01T16:14:07.379Z</time>
      </trkpt>
      <trkpt lat="53.85543167" lon="13.69301389">
        <ele>6.923077</ele>
        <time>2026-07-01T16:14:08.985Z</time>
      </trkpt>
      <trkpt lat="53.85543584" lon="13.69289084">
        <ele>7.538462</ele>
        <time>2026-07-01T16:14:10.7Z</time>
      </trkpt>
      <trkpt lat="53.85543223" lon="13.69281806">
        <ele>8.153846</ele>
        <time>2026-07-01T16:14:11.717Z</time>
      </trkpt>
      <trkpt lat="53.85540556" lon="13.69265806">
        <ele>8.769231</ele>
        <time>2026-07-01T16:14:14.031Z</time>
      </trkpt>
      <trkpt lat="53.85536667" lon="13.69251167">
        <ele>9.461538</ele>
        <time>2026-07-01T16:14:16.265Z</time>
      </trkpt>
      <trkpt lat="53.85535723" lon="13.69235084">
        <ele>10.23077</ele>
        <time>2026-07-01T16:14:18.515Z</time>
      </trkpt>
      <trkpt lat="53.85538334" lon="13.69170945">
        <ele>11.07692</ele>
        <time>2026-07-01T16:14:27.474Z</time>
      </trkpt>
      <trkpt lat="53.85551917" lon="13.69071612">
        <ele>11.15385</ele>
        <time>2026-07-01T16:14:41.681Z</time>
      </trkpt>
      <trkpt lat="53.85558723" lon="13.69015278">
        <ele>11.07692</ele>
        <time>2026-07-01T16:14:49.693Z</time>
      </trkpt>
      <trkpt lat="53.85550084" lon="13.69009112">
        <ele>10.69231</ele>
        <time>2026-07-01T16:14:51.903Z</time>
      </trkpt>
      <trkpt lat="53.85551417" lon="13.68879084">
        <ele>10.23077</ele>
        <time>2026-07-01T16:15:10.025Z</time>
      </trkpt>
      <trkpt lat="53.85557473" lon="13.68878639">
        <ele>9.615385</ele>
        <time>2026-07-01T16:15:11.454Z</time>
      </trkpt>
      <trkpt lat="53.85634945" lon="13.68881945">
        <ele>9</ele>
        <time>2026-07-01T16:15:29.72Z</time>
      </trkpt>
      <trkpt lat="53.85724473" lon="13.688865">
        <ele>8.384615</ele>
        <time>2026-07-01T16:15:50.831Z</time>
      </trkpt>
      <trkpt lat="53.85797417" lon="13.68888612">
        <ele>7.307693</ele>
        <time>2026-07-01T16:16:08.026Z</time>
      </trkpt>
      <trkpt lat="53.85877223" lon="13.68886834">
        <ele>6.230769</ele>
        <time>2026-07-01T16:16:26.838Z</time>
      </trkpt>
      <trkpt lat="53.85880028" lon="13.68878973">
        <ele>5.890941</ele>
        <time>2026-07-01T16:16:28.116Z</time>
      </trkpt>
      <trkpt lat="53.85909834" lon="13.6887125">
        <ele>4</ele>
        <time>2026-07-01T16:16:35.223Z</time>
      </trkpt>
      <trkpt lat="53.85951584" lon="13.68858278">
        <ele>2.769231</ele>
        <time>2026-07-01T16:16:45.228Z</time>
      </trkpt>
      <trkpt lat="53.85988723" lon="13.68843834">
        <ele>1.384615</ele>
        <time>2026-07-01T16:16:54.209Z</time>
      </trkpt>
      <trkpt lat="53.86017778" lon="13.68835834">
        <ele>0.7692308</ele>
        <time>2026-07-01T16:17:01.147Z</time>
      </trkpt>
      <trkpt lat="53.86032501" lon="13.68837501">
        <ele>0.3076923</ele>
        <time>2026-07-01T16:17:04.625Z</time>
      </trkpt>
      <trkpt lat="53.86032056" lon="13.68831778">
        <ele>0.1538462</ele>
        <time>2026-07-01T16:17:05.428Z</time>
      </trkpt>
      <trkpt lat="53.86070084" lon="13.68823806">
        <ele>-0.07692308</ele>
        <time>2026-07-01T16:17:14.46Z</time>
      </trkpt>
      <trkpt lat="53.86160362" lon="13.68824167">
        <ele>-0.07692308</ele>
        <time>2026-07-01T16:17:35.739Z</time>
      </trkpt>
      <trkpt lat="53.86381917" lon="13.68810584">
        <ele>-0.07692308</ele>
        <time>2026-07-01T16:18:27.994Z</time>
      </trkpt>
      <trkpt lat="53.8657675" lon="13.68800167">
        <ele>-0.07692308</ele>
        <time>2026-07-01T16:19:13.939Z</time>
      </trkpt>
      <trkpt lat="53.86640834" lon="13.68802473">
        <ele>-0.07692308</ele>
        <time>2026-07-01T16:19:29.047Z</time>
      </trkpt>
      <trkpt lat="53.86651917" lon="13.68799">
        <ele>-0.07692308</ele>
        <time>2026-07-01T16:19:31.704Z</time>
      </trkpt>
      <trkpt lat="53.8668275" lon="13.68764584">
        <ele>-0.07692308</ele>
        <time>2026-07-01T16:19:40.407Z</time>
      </trkpt>
      <trkpt lat="53.86770973" lon="13.68821223">
        <ele>-0.1538462</ele>
        <time>2026-07-01T16:20:02.648Z</time>
      </trkpt>
      <trkpt lat="53.86819028" lon="13.68836945">
        <ele>-0.1538462</ele>
        <time>2026-07-01T16:20:14.184Z</time>
      </trkpt>
      <trkpt lat="53.86884362" lon="13.68851139">
        <ele>-0.1538462</ele>
        <time>2026-07-01T16:20:29.709Z</time>
      </trkpt>
      <trkpt lat="53.87009945" lon="13.68876945">
        <ele>-0.1538462</ele>
        <time>2026-07-01T16:20:59.526Z</time>
      </trkpt>
      <trkpt lat="53.8701575" lon="13.68865917">
        <ele>-0.1538462</ele>
        <time>2026-07-01T16:21:01.582Z</time>
      </trkpt>
      <trkpt lat="53.87017806" lon="13.68852889">
        <ele>-0.1538462</ele>
        <time>2026-07-01T16:21:03.458Z</time>
      </trkpt>
      <trkpt lat="53.87113528" lon="13.68889056">
        <ele>-0.07692308</ele>
        <time>2026-07-01T16:21:26.574Z</time>
      </trkpt>
      <trkpt lat="53.87326639" lon="13.68953889">
        <ele>0</ele>
        <time>2026-07-01T16:22:17.61Z</time>
      </trkpt>
      <trkpt lat="53.87601417" lon="13.69056862">
        <ele>0.1538462</ele>
        <time>2026-07-01T16:23:23.944Z</time>
      </trkpt>
      <trkpt lat="53.87674528" lon="13.69088639">
        <ele>0.5384616</ele>
        <time>2026-07-01T16:23:41.734Z</time>
      </trkpt>
      <trkpt lat="53.87755362" lon="13.69125195">
        <ele>1.461538</ele>
        <time>2026-07-01T16:24:01.454Z</time>
      </trkpt>
      <trkpt lat="53.87911445" lon="13.69194723">
        <ele>2.461539</ele>
        <time>2026-07-01T16:24:39.496Z</time>
      </trkpt>
      <trkpt lat="53.87962695" lon="13.69224056">
        <ele>3.153846</ele>
        <time>2026-07-01T16:24:52.246Z</time>
      </trkpt>
      <trkpt lat="53.88022306" lon="13.69257834">
        <ele>4</ele>
        <time>2026-07-01T16:25:07.061Z</time>
      </trkpt>
      <trkpt lat="53.88091473" lon="13.692945">
        <ele>4.769231</ele>
        <time>2026-07-01T16:25:24.143Z</time>
      </trkpt>
      <trkpt lat="53.88167084" lon="13.69322306">
        <ele>5.538462</ele>
        <time>2026-07-01T16:25:42.379Z</time>
      </trkpt>
      <trkpt lat="53.88220278" lon="13.69340973">
        <ele>6.230769</ele>
        <time>2026-07-01T16:25:55.183Z</time>
      </trkpt>
      <trkpt lat="53.882695" lon="13.69365751">
        <ele>6.923077</ele>
        <time>2026-07-01T16:26:07.286Z</time>
      </trkpt>
      <trkpt lat="53.88309945" lon="13.69386612">
        <ele>7.615385</ele>
        <time>2026-07-01T16:26:17.251Z</time>
      </trkpt>
      <trkpt lat="53.88334584" lon="13.69423723">
        <ele>8.307693</ele>
        <time>2026-07-01T16:26:25.021Z</time>
      </trkpt>
      <trkpt lat="53.88354639" lon="13.69472112">
        <ele>8.923077</ele>
        <time>2026-07-01T16:26:33.246Z</time>
      </trkpt>
      <trkpt lat="53.88353723" lon="13.69531806">
        <ele>9.461538</ele>
        <time>2026-07-01T16:26:41.561Z</time>
      </trkpt>
      <trkpt lat="53.88358056" lon="13.69599778">
        <ele>9.846154</ele>
        <time>2026-07-01T16:26:51.081Z</time>
      </trkpt>
      <trkpt lat="53.88342056" lon="13.69635223">
        <ele>9.615385</ele>
        <time>2026-07-01T16:26:57.288Z</time>
      </trkpt>
      <trkpt lat="53.88349056" lon="13.69587862">
        <ele>9.384615</ele>
        <time>2026-07-01T16:27:04.079Z</time>
      </trkpt>
      <trkpt lat="53.88340612" lon="13.69655195">
        <ele>9.461538</ele>
        <time>2026-07-01T16:27:13.664Z</time>
      </trkpt>
      <trkpt lat="53.88336889" lon="13.69713028">
        <ele>9.615385</ele>
        <time>2026-07-01T16:27:21.765Z</time>
      </trkpt>
      <trkpt lat="53.88349139" lon="13.69771889">
        <ele>9.769231</ele>
        <time>2026-07-01T16:27:30.455Z</time>
      </trkpt>
      <trkpt lat="53.88364056" lon="13.69876862">
        <ele>9.769231</ele>
        <time>2026-07-01T16:27:45.49Z</time>
      </trkpt>
      <trkpt lat="53.88377056" lon="13.69945278">
        <ele>10.07692</ele>
        <time>2026-07-01T16:27:55.498Z</time>
      </trkpt>
      <trkpt lat="53.88401917" lon="13.69999806">
        <ele>10.30769</ele>
        <time>2026-07-01T16:28:05.089Z</time>
      </trkpt>
      <trkpt lat="53.88597806" lon="13.70336112">
        <ele>10.38461</ele>
        <time>2026-07-01T16:29:10.852Z</time>
      </trkpt>
      <trkpt lat="53.88694223" lon="13.70512389">
        <ele>10.46154</ele>
        <time>2026-07-01T16:29:44.302Z</time>
      </trkpt>
      <trkpt lat="53.88692001" lon="13.70517945">
        <ele>10.53846</ele>
        <time>2026-07-01T16:29:45.235Z</time>
      </trkpt>
      <trkpt lat="53.88689362" lon="13.70698445">
        <ele>10.61539</ele>
        <time>2026-07-01T16:30:10.376Z</time>
      </trkpt>
      <trkpt lat="53.88691417" lon="13.70942723">
        <ele>10.76923</ele>
        <time>2026-07-01T16:30:44.393Z</time>
      </trkpt>
      <trkpt lat="53.88687639" lon="13.71188167">
        <ele>11.23077</ele>
        <time>2026-07-01T16:31:18.581Z</time>
      </trkpt>
      <trkpt lat="53.88634167" lon="13.71204584">
        <ele>11.53846</ele>
        <time>2026-07-01T16:31:31.39Z</time>
      </trkpt>
      <trkpt lat="53.88623028" lon="13.71335806">
        <ele>11.69231</ele>
        <time>2026-07-01T16:31:49.85Z</time>
      </trkpt>
      <trkpt lat="53.88567389" lon="13.71371639">
        <ele>11.61539</ele>
        <time>2026-07-01T16:32:03.879Z</time>
      </trkpt>
      <trkpt lat="53.88488778" lon="13.71407223">
        <ele>11.92308</ele>
        <time>2026-07-01T16:32:23.057Z</time>
      </trkpt>
      <trkpt lat="53.88483917" lon="13.71576584">
        <ele>12.38461</ele>
        <time>2026-07-01T16:32:46.668Z</time>
      </trkpt>
      <trkpt lat="53.88482473" lon="13.71681723">
        <ele>12.61539</ele>
        <time>2026-07-01T16:33:01.312Z</time>
      </trkpt>
      <trkpt lat="53.88543112" lon="13.71689806">
        <ele>12.92308</ele>
        <time>2026-07-01T16:33:15.649Z</time>
      </trkpt>
      <trkpt lat="53.88625389" lon="13.71742862">
        <ele>13.69231</ele>
        <time>2026-07-01T16:33:36.401Z</time>
      </trkpt>
      <trkpt lat="53.88719889" lon="13.71822778">
        <ele>13.92308</ele>
        <time>2026-07-01T16:34:01.3Z</time>
      </trkpt>
      <trkpt lat="53.88740334" lon="13.72004862">
        <ele>14.15385</ele>
        <time>2026-07-01T16:34:27.107Z</time>
      </trkpt>
      <trkpt lat="53.88786973" lon="13.72028806">
        <ele>14.46154</ele>
        <time>2026-07-01T16:34:38.593Z</time>
      </trkpt>
      <trkpt lat="53.89011223" lon="13.72122973">
        <ele>15.15385</ele>
        <time>2026-07-01T16:35:33.051Z</time>
      </trkpt>
      <trkpt lat="53.89019473" lon="13.72165001">
        <ele>16.38461</ele>
        <time>2026-07-01T16:35:39.211Z</time>
      </trkpt>
      <trkpt lat="53.89022251" lon="13.72241778">
        <ele>18.23077</ele>
        <time>2026-07-01T16:35:49.921Z</time>
      </trkpt>
      <trkpt lat="53.89026306" lon="13.72374139">
        <ele>20.15385</ele>
        <time>2026-07-01T16:36:08.375Z</time>
      </trkpt>
      <trkpt lat="53.89033751" lon="13.72445084">
        <ele>22</ele>
        <time>2026-07-01T16:36:18.407Z</time>
      </trkpt>
      <trkpt lat="53.89037084" lon="13.7254875">
        <ele>22.07692</ele>
        <time>2026-07-01T16:36:32.862Z</time>
      </trkpt>
      <trkpt lat="53.890355" lon="13.72970473">
        <ele>22.38461</ele>
        <time>2026-07-01T16:37:31.58Z</time>
      </trkpt>
      <trkpt lat="53.89072028" lon="13.73218973">
        <ele>22.38461</ele>
        <time>2026-07-01T16:38:07.234Z</time>
      </trkpt>
      <trkpt lat="53.89093973" lon="13.73411056">
        <ele>22.38461</ele>
        <time>2026-07-01T16:38:34.473Z</time>
      </trkpt>
      <trkpt lat="53.89114778" lon="13.73522139">
        <ele>22</ele>
        <time>2026-07-01T16:38:50.698Z</time>
      </trkpt>
      <trkpt lat="53.89157584" lon="13.73752834">
        <ele>22.61539</ele>
        <time>2026-07-01T16:39:24.364Z</time>
      </trkpt>
      <trkpt lat="53.89217917" lon="13.7406925">
        <ele>22.76923</ele>
        <time>2026-07-01T16:40:10.656Z</time>
      </trkpt>
      <trkpt lat="53.89263917" lon="13.74337501">
        <ele>22.92308</ele>
        <time>2026-07-01T16:40:49.545Z</time>
      </trkpt>
      <trkpt lat="53.89298473" lon="13.74471778">
        <ele>22.23077</ele>
        <time>2026-07-01T16:41:09.937Z</time>
      </trkpt>
      <trkpt lat="53.89440278" lon="13.74908973">
        <ele>21.15385</ele>
        <time>2026-07-01T16:42:19.376Z</time>
      </trkpt>
      <trkpt lat="53.89648445" lon="13.75525778">
        <ele>19.46154</ele>
        <time>2026-07-01T16:43:58.273Z</time>
      </trkpt>
      <trkpt lat="53.89839889" lon="13.75910028">
        <ele>17.92308</ele>
        <time>2026-07-01T16:45:08.254Z</time>
      </trkpt>
      <trkpt lat="53.90038639" lon="13.76321195">
        <ele>15.61539</ele>
        <time>2026-07-01T16:46:22.216Z</time>
      </trkpt>
      <trkpt lat="53.90210528" lon="13.76686834">
        <ele>14.46154</ele>
        <time>2026-07-01T16:47:27.268Z</time>
      </trkpt>
      <trkpt lat="53.90271695" lon="13.76749195">
        <ele>13.23077</ele>
        <time>2026-07-01T16:47:44.096Z</time>
      </trkpt>
      <trkpt lat="53.90374612" lon="13.76887695">
        <ele>12.69231</ele>
        <time>2026-07-01T16:48:15.081Z</time>
      </trkpt>
      <trkpt lat="53.90388889" lon="13.76903139">
        <ele>12.23077</ele>
        <time>2026-07-01T16:48:19.073Z</time>
      </trkpt>
      <trkpt lat="53.90395417" lon="13.76909612">
        <ele>12.46154</ele>
        <time>2026-07-01T16:48:20.855Z</time>
      </trkpt>
      <trkpt lat="53.90381167" lon="13.77375417">
        <ele>12.15385</ele>
        <time>2026-07-01T16:49:25.775Z</time>
      </trkpt>
      <trkpt lat="53.90392278" lon="13.77527223">
        <ele>12.30769</ele>
        <time>2026-07-01T16:49:47.066Z</time>
      </trkpt>
      <trkpt lat="53.90404639" lon="13.77699112">
        <ele>12.38461</ele>
        <time>2026-07-01T16:50:11.167Z</time>
      </trkpt>
      <trkpt lat="53.9040025" lon="13.77927834">
        <ele>12.76923</ele>
        <time>2026-07-01T16:50:43.019Z</time>
      </trkpt>
      <trkpt lat="53.90382306" lon="13.78011056">
        <ele>12.84615</ele>
        <time>2026-07-01T16:50:55.35Z</time>
      </trkpt>
      <trkpt lat="53.90280501" lon="13.782525">
        <ele>12.84615</ele>
        <time>2026-07-01T16:51:36.643Z</time>
      </trkpt>
      <trkpt lat="53.90176112" lon="13.78509584">
        <ele>12.69231</ele>
        <time>2026-07-01T16:52:20.07Z</time>
      </trkpt>
      <trkpt lat="53.90172084" lon="13.78512195">
        <ele>12.95808</ele>
        <time>2026-07-01T16:52:21.086Z</time>
      </trkpt>
      <trkpt lat="53.90133945" lon="13.78546306">
        <ele>15.61539</ele>
        <time>2026-07-01T16:52:31.25Z</time>
      </trkpt>
      <trkpt lat="53.90066223" lon="13.78571862">
        <ele>16.53846</ele>
        <time>2026-07-01T16:52:47.603Z</time>
      </trkpt>
      <trkpt lat="53.90007334" lon="13.78590806">
        <ele>16.23077</ele>
        <time>2026-07-01T16:53:01.731Z</time>
      </trkpt>
      <trkpt lat="53.89738695" lon="13.78663973">
        <ele>15.76923</ele>
        <time>2026-07-01T16:54:05.863Z</time>
      </trkpt>
      <trkpt lat="53.89647751" lon="13.78691473">
        <ele>14.38461</ele>
        <time>2026-07-01T16:54:27.637Z</time>
      </trkpt>
      <trkpt lat="53.89213945" lon="13.78839">
        <ele>13.07692</ele>
        <time>2026-07-01T16:56:11.928Z</time>
      </trkpt>
      <trkpt lat="53.89031528" lon="13.78895">
        <ele>11.76923</ele>
        <time>2026-07-01T16:56:55.625Z</time>
      </trkpt>
      <trkpt lat="53.88485001" lon="13.79064">
        <ele>10.46154</ele>
        <time>2026-07-01T16:59:06.573Z</time>
      </trkpt>
      <trkpt lat="53.88360223" lon="13.79113389">
        <ele>9</ele>
        <time>2026-07-01T16:59:36.777Z</time>
      </trkpt>
      <trkpt lat="53.88339945" lon="13.79130639">
        <ele>7.384615</ele>
        <time>2026-07-01T16:59:42.125Z</time>
      </trkpt>
      <trkpt lat="53.88232501" lon="13.79286723">
        <ele>6.076923</ele>
        <time>2026-07-01T17:00:15.498Z</time>
      </trkpt>
      <trkpt lat="53.88235251" lon="13.79291056">
        <ele>6.054092</ele>
        <time>2026-07-01T17:00:16.383Z</time>
      </trkpt>
      <trkpt lat="53.87916584" lon="13.79833612">
        <ele>3.307692</ele>
        <time>2026-07-01T17:02:02.922Z</time>
      </trkpt>
      <trkpt lat="53.87784056" lon="13.80056695">
        <ele>1.153846</ele>
        <time>2026-07-01T17:02:46.979Z</time>
      </trkpt>
      <trkpt lat="53.87674445" lon="13.802425">
        <ele>-0.2307692</ele>
        <time>2026-07-01T17:03:23.546Z</time>
      </trkpt>
      <trkpt lat="53.87512473" lon="13.80519389">
        <ele>-0.8461539</ele>
        <time>2026-07-01T17:04:17.811Z</time>
      </trkpt>
      <trkpt lat="53.87369695" lon="13.80757639">
        <ele>-1.307692</ele>
        <time>2026-07-01T17:05:05.073Z</time>
      </trkpt>
      <trkpt lat="53.87250639" lon="13.80943056">
        <ele>-1.307692</ele>
        <time>2026-07-01T17:05:43.21Z</time>
      </trkpt>
      <trkpt lat="53.87219278" lon="13.81007778">
        <ele>-1.307692</ele>
        <time>2026-07-01T17:05:54.868Z</time>
      </trkpt>
      <trkpt lat="53.8707875" lon="13.81247417">
        <ele>-1.307692</ele>
        <time>2026-07-01T17:06:41.893Z</time>
      </trkpt>
      <trkpt lat="53.86966778" lon="13.81437667">
        <ele>-1.307692</ele>
        <time>2026-07-01T17:07:19.294Z</time>
      </trkpt>
      <trkpt lat="53.86883639" lon="13.81575334">
        <ele>-1.153846</ele>
        <time>2026-07-01T17:07:46.712Z</time>
      </trkpt>
      <trkpt lat="53.86697973" lon="13.81886278">
        <ele>-0.9230769</ele>
        <time>2026-07-01T17:08:48.286Z</time>
      </trkpt>
      <trkpt lat="53.86609278" lon="13.82041445">
        <ele>-0.8461539</ele>
        <time>2026-07-01T17:09:18.358Z</time>
      </trkpt>
      <trkpt lat="53.86586167" lon="13.82105723">
        <ele>-0.7692308</ele>
        <time>2026-07-01T17:09:28.839Z</time>
      </trkpt>
      <trkpt lat="53.86570473" lon="13.82189445">
        <ele>-0.6923077</ele>
        <time>2026-07-01T17:09:41.075Z</time>
      </trkpt>
      <trkpt lat="53.86557917" lon="13.82184584">
        <ele>-0.5384616</ele>
        <time>2026-07-01T17:09:44.111Z</time>
      </trkpt>
      <trkpt lat="53.86523139" lon="13.82193001">
        <ele>-0.3076923</ele>
        <time>2026-07-01T17:09:52.391Z</time>
      </trkpt>
      <trkpt lat="53.86540473" lon="13.82269778">
        <ele>-0.07692308</ele>
        <time>2026-07-01T17:10:03.841Z</time>
      </trkpt>
      <trkpt lat="53.86557278" lon="13.82299056">
        <ele>0.07692308</ele>
        <time>2026-07-01T17:10:09.523Z</time>
      </trkpt>
      <trkpt lat="53.86569056" lon="13.82302917">
        <ele>0.1538462</ele>
        <time>2026-07-01T17:10:12.351Z</time>
      </trkpt>
      <trkpt lat="53.86569945" lon="13.82468167">
        <ele>0.2307692</ele>
        <time>2026-07-01T17:10:35.373Z</time>
      </trkpt>
      <trkpt lat="53.86573334" lon="13.82738417">
        <ele>0.3076923</ele>
        <time>2026-07-01T17:11:13.031Z</time>
      </trkpt>
      <trkpt lat="53.86581445" lon="13.83117584">
        <ele>0.3846154</ele>
        <time>2026-07-01T17:12:05.888Z</time>
      </trkpt>
      <trkpt lat="53.86584362" lon="13.83182278">
        <ele>0.4615385</ele>
        <time>2026-07-01T17:12:14.927Z</time>
      </trkpt>
      <trkpt lat="53.86585723" lon="13.83302528">
        <ele>0.5384616</ele>
        <time>2026-07-01T17:12:31.682Z</time>
      </trkpt>
      <trkpt lat="53.86588945" lon="13.83358584">
        <ele>0.7692308</ele>
        <time>2026-07-01T17:12:39.528Z</time>
      </trkpt>
      <trkpt lat="53.86583139" lon="13.83366167">
        <ele>1</ele>
        <time>2026-07-01T17:12:41.256Z</time>
      </trkpt>
      <trkpt lat="53.86583917" lon="13.83377639">
        <ele>1.230769</ele>
        <time>2026-07-01T17:12:42.863Z</time>
      </trkpt>
      <trkpt lat="53.86577362" lon="13.83391778">
        <ele>1.461538</ele>
        <time>2026-07-01T17:12:45.365Z</time>
      </trkpt>
      <trkpt lat="53.86646056" lon="13.83705362">
        <ele>1.615385</ele>
        <time>2026-07-01T17:13:31.955Z</time>
      </trkpt>
      <trkpt lat="53.86622501" lon="13.83710334">
        <ele>1.923077</ele>
        <time>2026-07-01T17:13:37.55Z</time>
      </trkpt>
      <trkpt lat="53.86348639" lon="13.836775">
        <ele>2.153846</ele>
        <time>2026-07-01T17:14:42.261Z</time>
      </trkpt>
      <trkpt lat="53.86252112" lon="13.83676195">
        <ele>2.461539</ele>
        <time>2026-07-01T17:15:05.013Z</time>
      </trkpt>
      <trkpt lat="53.86184278" lon="13.83704278">
        <ele>2.692308</ele>
        <time>2026-07-01T17:15:21.472Z</time>
      </trkpt>
      <trkpt lat="53.86100056" lon="13.83765778">
        <ele>3</ele>
        <time>2026-07-01T17:15:43.093Z</time>
      </trkpt>
      <trkpt lat="53.86031362" lon="13.83833639">
        <ele>3.307692</ele>
        <time>2026-07-01T17:16:01.843Z</time>
      </trkpt>
      <trkpt lat="53.86002278" lon="13.8384475">
        <ele>3.692308</ele>
        <time>2026-07-01T17:16:08.87Z</time>
      </trkpt>
      <trkpt lat="53.85924751" lon="13.83866362">
        <ele>4.153846</ele>
        <time>2026-07-01T17:16:27.389Z</time>
      </trkpt>
      <trkpt lat="53.85805139" lon="13.8390825">
        <ele>4.384615</ele>
        <time>2026-07-01T17:16:56.178Z</time>
      </trkpt>
      <trkpt lat="53.85763778" lon="13.83958806">
        <ele>4.538462</ele>
        <time>2026-07-01T17:17:08.206Z</time>
      </trkpt>
      <trkpt lat="53.85691556" lon="13.841145">
        <ele>4.846154</ele>
        <time>2026-07-01T17:17:35.782Z</time>
      </trkpt>
      <trkpt lat="53.85602667" lon="13.84318389">
        <ele>5.230769</ele>
        <time>2026-07-01T17:18:11.082Z</time>
      </trkpt>
      <trkpt lat="53.85436973" lon="13.84617639">
        <ele>5.384615</ele>
        <time>2026-07-01T17:19:08.214Z</time>
      </trkpt>
      <trkpt lat="53.85295834" lon="13.84857084">
        <ele>5.384615</ele>
        <time>2026-07-01T17:19:55.331Z</time>
      </trkpt>
      <trkpt lat="53.85246334" lon="13.84946723">
        <ele>5.461538</ele>
        <time>2026-07-01T17:20:12.424Z</time>
      </trkpt>
      <trkpt lat="53.85195056" lon="13.85086278">
        <ele>5.461538</ele>
        <time>2026-07-01T17:20:35.322Z</time>
      </trkpt>
      <trkpt lat="53.85097" lon="13.85388473">
        <ele>5.538462</ele>
        <time>2026-07-01T17:21:23.361Z</time>
      </trkpt>
      <trkpt lat="53.85039167" lon="13.85647667">
        <ele>5.538462</ele>
        <time>2026-07-01T17:22:01.969Z</time>
      </trkpt>
      <trkpt lat="53.84966389" lon="13.8602625">
        <ele>5.615385</ele>
        <time>2026-07-01T17:22:57.449Z</time>
      </trkpt>
      <trkpt lat="53.84907973" lon="13.86348028">
        <ele>5.615385</ele>
        <time>2026-07-01T17:23:44.36Z</time>
      </trkpt>
      <trkpt lat="53.84877195" lon="13.86490639">
        <ele>5.692307</ele>
        <time>2026-07-01T17:24:05.518Z</time>
      </trkpt>
      <trkpt lat="53.84867806" lon="13.86497362">
        <ele>5.692307</ele>
        <time>2026-07-01T17:24:07.921Z</time>
      </trkpt>
      <trkpt lat="53.84833056" lon="13.86471889">
        <ele>5.615385</ele>
        <time>2026-07-01T17:24:16.846Z</time>
      </trkpt>
      <trkpt lat="53.84776334" lon="13.86421723">
        <ele>5.461538</ele>
        <time>2026-07-01T17:24:31.933Z</time>
      </trkpt>
      <trkpt lat="53.84644334" lon="13.8632475">
        <ele>5.461538</ele>
        <time>2026-07-01T17:25:05.854Z</time>
      </trkpt>
      <trkpt lat="53.84573167" lon="13.86302834">
        <ele>5.692307</ele>
        <time>2026-07-01T17:25:22.903Z</time>
      </trkpt>
      <trkpt lat="53.84519445" lon="13.86389028">
        <ele>5.923077</ele>
        <time>2026-07-01T17:25:40.358Z</time>
      </trkpt>
      <trkpt lat="53.8445725" lon="13.86670751">
        <ele>5.692307</ele>
        <time>2026-07-01T17:26:22.272Z</time>
      </trkpt>
      <trkpt lat="53.84405973" lon="13.87093278">
        <ele>5.307693</ele>
        <time>2026-07-01T17:27:22.393Z</time>
      </trkpt>
      <trkpt lat="53.84373195" lon="13.87389251">
        <ele>4.923077</ele>
        <time>2026-07-01T17:28:04.364Z</time>
      </trkpt>
      <trkpt lat="53.84368167" lon="13.87465667">
        <ele>4.538462</ele>
        <time>2026-07-01T17:28:15.081Z</time>
      </trkpt>
      <trkpt lat="53.84407417" lon="13.87605445">
        <ele>4.076923</ele>
        <time>2026-07-01T17:28:36.649Z</time>
      </trkpt>
      <trkpt lat="53.84472862" lon="13.87844528">
        <ele>3.692308</ele>
        <time>2026-07-01T17:29:13.37Z</time>
      </trkpt>
      <trkpt lat="53.84541834" lon="13.88137639">
        <ele>3.076923</ele>
        <time>2026-07-01T17:29:57.34Z</time>
      </trkpt>
      <trkpt lat="53.84576278" lon="13.88246639">
        <ele>2.692308</ele>
        <time>2026-07-01T17:30:14.565Z</time>
      </trkpt>
      <trkpt lat="53.84680278" lon="13.88419667">
        <ele>2.769231</ele>
        <time>2026-07-01T17:30:48.952Z</time>
      </trkpt>
      <trkpt lat="53.84711834" lon="13.88487556">
        <ele>2.538461</ele>
        <time>2026-07-01T17:31:00.987Z</time>
      </trkpt>
      <trkpt lat="53.84732334" lon="13.88552362">
        <ele>1.923077</ele>
        <time>2026-07-01T17:31:11.23Z</time>
      </trkpt>
      <trkpt lat="53.84804723" lon="13.88996556">
        <ele>1.307692</ele>
        <time>2026-07-01T17:32:15.447Z</time>
      </trkpt>
      <trkpt lat="53.84813278" lon="13.89053028">
        <ele>1</ele>
        <time>2026-07-01T17:32:23.572Z</time>
      </trkpt>
      <trkpt lat="53.84831473" lon="13.89108612">
        <ele>1.076923</ele>
        <time>2026-07-01T17:32:32.427Z</time>
      </trkpt>
      <trkpt lat="53.84887889" lon="13.89181167">
        <ele>1.461538</ele>
        <time>2026-07-01T17:32:49.132Z</time>
      </trkpt>
      <trkpt lat="53.84920028" lon="13.89242639">
        <ele>1.615385</ele>
        <time>2026-07-01T17:33:00.568Z</time>
      </trkpt>
      <trkpt lat="53.84963084" lon="13.89402223">
        <ele>1.846154</ele>
        <time>2026-07-01T17:33:25.015Z</time>
      </trkpt>
      <trkpt lat="53.85007056" lon="13.89528">
        <ele>2</ele>
        <time>2026-07-01T17:33:45.379Z</time>
      </trkpt>
      <trkpt lat="53.85025834" lon="13.89653973">
        <ele>2.153846</ele>
        <time>2026-07-01T17:34:03.484Z</time>
      </trkpt>
      <trkpt lat="53.85051028" lon="13.8971825">
        <ele>2.153846</ele>
        <time>2026-07-01T17:34:14.231Z</time>
      </trkpt>
      <trkpt lat="53.8518075" lon="13.90138639">
        <ele>2.230769</ele>
        <time>2026-07-01T17:35:20.315Z</time>
      </trkpt>
      <trkpt lat="53.85464028" lon="13.90485306">
        <ele>2</ele>
        <time>2026-07-01T17:36:42.727Z</time>
      </trkpt>
      <trkpt lat="53.85548445" lon="13.90611639">
        <ele>2.153846</ele>
        <time>2026-07-01T17:37:09.294Z</time>
      </trkpt>
      <trkpt lat="53.85649695" lon="13.90816362">
        <ele>2.230769</ele>
        <time>2026-07-01T17:37:46.487Z</time>
      </trkpt>
      <trkpt lat="53.85719334" lon="13.90894723">
        <ele>2.230769</ele>
        <time>2026-07-01T17:38:06.201Z</time>
      </trkpt>
      <trkpt lat="53.85795389" lon="13.90959723">
        <ele>2.076923</ele>
        <time>2026-07-01T17:38:26.285Z</time>
      </trkpt>
      <trkpt lat="53.86071195" lon="13.91135945">
        <ele>1.923077</ele>
        <time>2026-07-01T17:39:35.775Z</time>
      </trkpt>
      <trkpt lat="53.86242362" lon="13.91263417">
        <ele>1.538462</ele>
        <time>2026-07-01T17:40:19.855Z</time>
      </trkpt>
      <trkpt lat="53.86515417" lon="13.91442945">
        <ele>1.307692</ele>
        <time>2026-07-01T17:41:28.903Z</time>
      </trkpt>
      <trkpt lat="53.86574584" lon="13.91465167">
        <ele>1.153846</ele>
        <time>2026-07-01T17:41:43.187Z</time>
      </trkpt>
      <trkpt lat="53.86638584" lon="13.91467084">
        <ele>1.153846</ele>
        <time>2026-07-01T17:41:58.274Z</time>
      </trkpt>
      <trkpt lat="53.86803528" lon="13.91444945">
        <ele>1.153846</ele>
        <time>2026-07-01T17:42:37.273Z</time>
      </trkpt>
      <trkpt lat="53.86875889" lon="13.91433417">
        <ele>1.461538</ele>
        <time>2026-07-01T17:42:54.404Z</time>
      </trkpt>
      <trkpt lat="53.87000473" lon="13.91423278">
        <ele>1.692308</ele>
        <time>2026-07-01T17:43:23.802Z</time>
      </trkpt>
      <trkpt lat="53.87048139" lon="13.91452306">
        <ele>1.846154</ele>
        <time>2026-07-01T17:43:35.741Z</time>
      </trkpt>
      <trkpt lat="53.87120417" lon="13.91553278">
        <ele>1.923077</ele>
        <time>2026-07-01T17:43:57.833Z</time>
      </trkpt>
      <trkpt lat="53.87257445" lon="13.91753945">
        <ele>2.846154</ele>
        <time>2026-07-01T17:44:40.546Z</time>
      </trkpt>
      <trkpt lat="53.87255306" lon="13.91744556">
        <ele>3.384615</ele>
        <time>2026-07-01T17:44:41.946Z</time>
      </trkpt>
      <trkpt lat="53.87251806" lon="13.91788889">
        <ele>4.076923</ele>
        <time>2026-07-01T17:44:48.169Z</time>
      </trkpt>
      <trkpt lat="53.87260334" lon="13.91806167">
        <ele>4.307693</ele>
        <time>2026-07-01T17:44:51.302Z</time>
      </trkpt>
      <trkpt lat="53.87257834" lon="13.91801334">
        <ele>4.538462</ele>
        <time>2026-07-01T17:44:52.196Z</time>
      </trkpt>
      <trkpt lat="53.87243362" lon="13.91836723">
        <ele>4.846154</ele>
        <time>2026-07-01T17:44:58.186Z</time>
      </trkpt>
      <trkpt lat="53.87232167" lon="13.919645">
        <ele>4.769231</ele>
        <time>2026-07-01T17:45:16.179Z</time>
      </trkpt>
      <trkpt lat="53.87227362" lon="13.92037445">
        <ele>4.615385</ele>
        <time>2026-07-01T17:45:26.402Z</time>
      </trkpt>
      <trkpt lat="53.87264639" lon="13.92041112">
        <ele>4.538462</ele>
        <time>2026-07-01T17:45:35.203Z</time>
      </trkpt>
      <trkpt lat="53.87394556" lon="13.92053556">
        <ele>4.384615</ele>
        <time>2026-07-01T17:46:05.873Z</time>
      </trkpt>
      <trkpt lat="53.87395334" lon="13.92051389">
        <ele>4.37427</ele>
        <time>2026-07-01T17:46:06.226Z</time>
      </trkpt>
      <trkpt lat="53.87460278" lon="13.92061862">
        <ele>3.923077</ele>
        <time>2026-07-01T17:46:21.602Z</time>
      </trkpt>
      <trkpt lat="53.87722723" lon="13.92285001">
        <ele>3.692308</ele>
        <time>2026-07-01T17:47:30.829Z</time>
      </trkpt>
      <trkpt lat="53.87721084" lon="13.92275695">
        <ele>2.846154</ele>
        <time>2026-07-01T17:47:32.18Z</time>
      </trkpt>
      <trkpt lat="53.87754167" lon="13.92444501">
        <ele>2.615385</ele>
        <time>2026-07-01T17:47:56.95Z</time>
      </trkpt>
      <trkpt lat="53.87776584" lon="13.92641195">
        <ele>2.538461</ele>
        <time>2026-07-01T17:48:24.849Z</time>
      </trkpt>
      <trkpt lat="53.87834028" lon="13.92814889">
        <ele>3</ele>
        <time>2026-07-01T17:48:52.571Z</time>
      </trkpt>
      <trkpt lat="53.87961973" lon="13.93163139">
        <ele>3.846154</ele>
        <time>2026-07-01T17:49:49.682Z</time>
      </trkpt>
      <trkpt lat="53.87990639" lon="13.93254862">
        <ele>4.384615</ele>
        <time>2026-07-01T17:50:04.133Z</time>
      </trkpt>
      <trkpt lat="53.8800575" lon="13.93470528">
        <ele>6.461538</ele>
        <time>2026-07-01T17:50:34.378Z</time>
      </trkpt>
      <trkpt lat="53.87992751" lon="13.935355">
        <ele>8.769231</ele>
        <time>2026-07-01T17:50:43.931Z</time>
      </trkpt>
      <trkpt lat="53.87996362" lon="13.93696917">
        <ele>10.69231</ele>
        <time>2026-07-01T17:51:06.427Z</time>
      </trkpt>
      <trkpt lat="53.87993639" lon="13.93866862">
        <ele>12.84615</ele>
        <time>2026-07-01T17:51:30.103Z</time>
      </trkpt>
      <trkpt lat="53.87955001" lon="13.93981056">
        <ele>15.15385</ele>
        <time>2026-07-01T17:51:48.429Z</time>
      </trkpt>
      <trkpt lat="53.87924223" lon="13.94058112">
        <ele>17.61539</ele>
        <time>2026-07-01T17:52:01.382Z</time>
      </trkpt>
      <trkpt lat="53.87891584" lon="13.94212278">
        <ele>19.84615</ele>
        <time>2026-07-01T17:52:24.189Z</time>
      </trkpt>
      <trkpt lat="53.87789945" lon="13.94752278">
        <ele>22.15385</ele>
        <time>2026-07-01T17:53:43.118Z</time>
      </trkpt>
      <trkpt lat="53.87715417" lon="13.95132723">
        <ele>23.46154</ele>
        <time>2026-07-01T17:54:38.94Z</time>
      </trkpt>
      <trkpt lat="53.87682667" lon="13.95323473">
        <ele>24.38461</ele>
        <time>2026-07-01T17:55:06.605Z</time>
      </trkpt>
      <trkpt lat="53.87630417" lon="13.95612667">
        <ele>25.53846</ele>
        <time>2026-07-01T17:55:48.724Z</time>
      </trkpt>
      <trkpt lat="53.87586306" lon="13.95835556">
        <ele>25.46154</ele>
        <time>2026-07-01T17:56:21.462Z</time>
      </trkpt>
      <trkpt lat="53.87568806" lon="13.95960112">
        <ele>25.61539</ele>
        <time>2026-07-01T17:56:39.294Z</time>
      </trkpt>
      <trkpt lat="53.87568973" lon="13.96078806">
        <ele>23.92308</ele>
        <time>2026-07-01T17:56:55.826Z</time>
      </trkpt>
      <trkpt lat="53.87565778" lon="13.96270834">
        <ele>22.07692</ele>
        <time>2026-07-01T17:57:22.582Z</time>
      </trkpt>
      <trkpt lat="53.87541612" lon="13.96462667">
        <ele>20.61539</ele>
        <time>2026-07-01T17:57:49.901Z</time>
      </trkpt>
      <trkpt lat="53.87513084" lon="13.96618389">
        <ele>18.76923</ele>
        <time>2026-07-01T17:58:12.608Z</time>
      </trkpt>
      <trkpt lat="53.87483778" lon="13.96848806">
        <ele>16.69231</ele>
        <time>2026-07-01T17:58:45.436Z</time>
      </trkpt>
      <trkpt lat="53.87469723" lon="13.97125806">
        <ele>14.46154</ele>
        <time>2026-07-01T17:59:24.159Z</time>
      </trkpt>
      <trkpt lat="53.87465834" lon="13.97204417">
        <ele>12.69231</ele>
        <time>2026-07-01T17:59:35.146Z</time>
      </trkpt>
      <trkpt lat="53.87438334" lon="13.97321389">
        <ele>10.69231</ele>
        <time>2026-07-01T17:59:52.68Z</time>
      </trkpt>
      <trkpt lat="53.87348945" lon="13.97658306">
        <ele>9.615385</ele>
        <time>2026-07-01T18:00:44.12Z</time>
      </trkpt>
      <trkpt lat="53.87311112" lon="13.97809195">
        <ele>8.538462</ele>
        <time>2026-07-01T18:01:06.95Z</time>
      </trkpt>
      <trkpt lat="53.87281334" lon="13.97902667">
        <ele>7.230769</ele>
        <time>2026-07-01T18:01:21.741Z</time>
      </trkpt>
      <trkpt lat="53.87264834" lon="13.97995001">
        <ele>6.538462</ele>
        <time>2026-07-01T18:01:35.177Z</time>
      </trkpt>
      <trkpt lat="53.87261778" lon="13.98255195">
        <ele>5.769231</ele>
        <time>2026-07-01T18:02:11.427Z</time>
      </trkpt>
      <trkpt lat="53.87233556" lon="13.98467362">
        <ele>5.615385</ele>
        <time>2026-07-01T18:02:41.719Z</time>
      </trkpt>
      <trkpt lat="53.87202028" lon="13.98640278">
        <ele>5.538462</ele>
        <time>2026-07-01T18:03:06.925Z</time>
      </trkpt>
      <trkpt lat="53.87200528" lon="13.98657556">
        <ele>5.307693</ele>
        <time>2026-07-01T18:03:09.355Z</time>
      </trkpt>
      <trkpt lat="53.87204723" lon="13.98786778">
        <ele>4.923077</ele>
        <time>2026-07-01T18:03:27.382Z</time>
      </trkpt>
      <trkpt lat="53.87236445" lon="13.99171473">
        <ele>4.692307</ele>
        <time>2026-07-01T18:04:21.486Z</time>
      </trkpt>
      <trkpt lat="53.87247917" lon="13.99328639">
        <ele>4.461538</ele>
        <time>2026-07-01T18:04:43.544Z</time>
      </trkpt>
      <trkpt lat="53.87241667" lon="13.99447862">
        <ele>4</ele>
        <time>2026-07-01T18:05:00.216Z</time>
      </trkpt>
      <trkpt lat="53.87186556" lon="13.99663695">
        <ele>3.769231</ele>
        <time>2026-07-01T18:05:32.966Z</time>
      </trkpt>
      <trkpt lat="53.87165556" lon="13.99748973">
        <ele>3.538461</ele>
        <time>2026-07-01T18:05:45.835Z</time>
      </trkpt>
      <trkpt lat="53.87218806" lon="14.00003195">
        <ele>3.692308</ele>
        <time>2026-07-01T18:06:23.405Z</time>
      </trkpt>
      <trkpt lat="53.87252889" lon="14.00160223">
        <ele>4</ele>
        <time>2026-07-01T18:06:46.706Z</time>
      </trkpt>
      <trkpt lat="53.87299445" lon="14.00216056">
        <ele>4.615385</ele>
        <time>2026-07-01T18:07:00.156Z</time>
      </trkpt>
      <trkpt lat="53.87330389" lon="14.00256528">
        <ele>5.538462</ele>
        <time>2026-07-01T18:07:09.37Z</time>
      </trkpt>
      <trkpt lat="53.87359723" lon="14.00387501">
        <ele>6.230769</ele>
        <time>2026-07-01T18:07:28.879Z</time>
      </trkpt>
      <trkpt lat="53.87389001" lon="14.00585806">
        <ele>6.769231</ele>
        <time>2026-07-01T18:07:57.349Z</time>
      </trkpt>
      <trkpt lat="53.87433723" lon="14.00869223">
        <ele>7.461538</ele>
        <time>2026-07-01T18:08:38.208Z</time>
      </trkpt>
      <trkpt lat="53.87483612" lon="14.00971973">
        <ele>8.461538</ele>
        <time>2026-07-01T18:08:56.731Z</time>
      </trkpt>
      <trkpt lat="53.87544862" lon="14.01104639">
        <ele>9.384615</ele>
        <time>2026-07-01T18:09:20.18Z</time>
      </trkpt>
      <trkpt lat="53.87601862" lon="14.01275889">
        <ele>10.15385</ele>
        <time>2026-07-01T18:09:47.555Z</time>
      </trkpt>
      <trkpt lat="53.87732945" lon="14.01672945">
        <ele>10.61539</ele>
        <time>2026-07-01T18:10:50.901Z</time>
      </trkpt>
      <trkpt lat="53.87785695" lon="14.01813584">
        <ele>11.07692</ele>
        <time>2026-07-01T18:11:14.101Z</time>
      </trkpt>
      <trkpt lat="53.87834639" lon="14.01942417">
        <ele>11.61539</ele>
        <time>2026-07-01T18:11:35.432Z</time>
      </trkpt>
      <trkpt lat="53.87836695" lon="14.01936501">
        <ele>11.69231</ele>
        <time>2026-07-01T18:11:36.387Z</time>
      </trkpt>
      <trkpt lat="53.87879667" lon="14.02032139">
        <ele>11.76923</ele>
        <time>2026-07-01T18:11:53.12Z</time>
      </trkpt>
      <trkpt lat="53.87940556" lon="14.02140223">
        <ele>11.92308</ele>
        <time>2026-07-01T18:12:13.918Z</time>
      </trkpt>
      <trkpt lat="53.88027778" lon="14.02269973">
        <ele>12.38461</ele>
        <time>2026-07-01T18:12:41.289Z</time>
      </trkpt>
      <trkpt lat="53.88094112" lon="14.02357528">
        <ele>13</ele>
        <time>2026-07-01T18:13:01.116Z</time>
      </trkpt>
      <trkpt lat="53.88135" lon="14.02604473">
        <ele>13.30769</ele>
        <time>2026-07-01T18:13:36.831Z</time>
      </trkpt>
      <trkpt lat="53.88190612" lon="14.02863084">
        <ele>13.76923</ele>
        <time>2026-07-01T18:14:15.156Z</time>
      </trkpt>
      <trkpt lat="53.88219973" lon="14.03084112">
        <ele>13.69231</ele>
        <time>2026-07-01T18:14:46.704Z</time>
      </trkpt>
      <trkpt lat="53.88230973" lon="14.03163028">
        <ele>13.84615</ele>
        <time>2026-07-01T18:14:57.995Z</time>
      </trkpt>
      <trkpt lat="53.88279" lon="14.03444445">
        <ele>14.38461</ele>
        <time>2026-07-01T18:15:38.786Z</time>
      </trkpt>
      <trkpt lat="53.88323973" lon="14.03631334">
        <ele>14.84615</ele>
        <time>2026-07-01T18:16:06.887Z</time>
      </trkpt>
      <trkpt lat="53.88347945" lon="14.03713806">
        <ele>14.61539</ele>
        <time>2026-07-01T18:16:19.686Z</time>
      </trkpt>
      <trkpt lat="53.88380639" lon="14.03912473">
        <ele>14.30769</ele>
        <time>2026-07-01T18:16:48.404Z</time>
      </trkpt>
      <trkpt lat="53.88394695" lon="14.0417025">
        <ele>14.07692</ele>
        <time>2026-07-01T18:17:24.453Z</time>
      </trkpt>
      <trkpt lat="53.88395" lon="14.04404862">
        <ele>13.61539</ele>
        <time>2026-07-01T18:17:57.123Z</time>
      </trkpt>
      <trkpt lat="53.88399445" lon="14.04649139">
        <ele>13.07692</ele>
        <time>2026-07-01T18:18:31.155Z</time>
      </trkpt>
      <trkpt lat="53.88399306" lon="14.04754667">
        <ele>12.07692</ele>
        <time>2026-07-01T18:18:45.85Z</time>
      </trkpt>
      <trkpt lat="53.88397028" lon="14.05118806">
        <ele>11.23077</ele>
        <time>2026-07-01T18:19:36.56Z</time>
      </trkpt>
      <trkpt lat="53.88409751" lon="14.05307973">
        <ele>10.46154</ele>
        <time>2026-07-01T18:20:03.072Z</time>
      </trkpt>
      <trkpt lat="53.88464195" lon="14.05561389">
        <ele>9.230769</ele>
        <time>2026-07-01T18:20:40.621Z</time>
      </trkpt>
      <trkpt lat="53.88529667" lon="14.05808667">
        <ele>8.692307</ele>
        <time>2026-07-01T18:21:18.354Z</time>
      </trkpt>
      <trkpt lat="53.88617501" lon="14.06215223">
        <ele>7.769231</ele>
        <time>2026-07-01T18:22:18.632Z</time>
      </trkpt>
      <trkpt lat="53.88673278" lon="14.06516445">
        <ele>6.692307</ele>
        <time>2026-07-01T18:23:02.587Z</time>
      </trkpt>
      <trkpt lat="53.88700917" lon="14.06744028">
        <ele>6</ele>
        <time>2026-07-01T18:23:34.939Z</time>
      </trkpt>
      <trkpt lat="53.88632639" lon="14.06917167">
        <ele>6</ele>
        <time>2026-07-01T18:24:03.925Z</time>
      </trkpt>
      <trkpt lat="53.88578973" lon="14.07031973">
        <ele>5.923077</ele>
        <time>2026-07-01T18:24:24.31Z</time>
      </trkpt>
      <trkpt lat="53.88539139" lon="14.07126806">
        <ele>5.923077</ele>
        <time>2026-07-01T18:24:40.513Z</time>
      </trkpt>
      <trkpt lat="53.88442612" lon="14.07454889">
        <ele>5.923077</ele>
        <time>2026-07-01T18:25:31.55Z</time>
      </trkpt>
      <trkpt lat="53.88401917" lon="14.07626195">
        <ele>5.769231</ele>
        <time>2026-07-01T18:25:57.261Z</time>
      </trkpt>
      <trkpt lat="53.88385639" lon="14.07752556">
        <ele>5.846154</ele>
        <time>2026-07-01T18:26:15.27Z</time>
      </trkpt>
      <trkpt lat="53.88334389" lon="14.07913">
        <ele>5.692307</ele>
        <time>2026-07-01T18:26:40.669Z</time>
      </trkpt>
      <trkpt lat="53.88231362" lon="14.08247112">
        <ele>5.692307</ele>
        <time>2026-07-01T18:27:33.152Z</time>
      </trkpt>
      <trkpt lat="53.88186834" lon="14.08384945">
        <ele>5.769231</ele>
        <time>2026-07-01T18:27:55.028Z</time>
      </trkpt>
      <trkpt lat="53.88118612" lon="14.08597612">
        <ele>5.769231</ele>
        <time>2026-07-01T18:28:28.728Z</time>
      </trkpt>
      <trkpt lat="53.8805875" lon="14.08799112">
        <ele>6</ele>
        <time>2026-07-01T18:29:00.137Z</time>
      </trkpt>
      <trkpt lat="53.87990723" lon="14.09046723">
        <ele>6.076923</ele>
        <time>2026-07-01T18:29:38.166Z</time>
      </trkpt>
      <trkpt lat="53.87945751" lon="14.09337778">
        <ele>6.461538</ele>
        <time>2026-07-01T18:30:20.063Z</time>
      </trkpt>
      <trkpt lat="53.87932334" lon="14.09437167">
        <ele>7</ele>
        <time>2026-07-01T18:30:34.261Z</time>
      </trkpt>
      <trkpt lat="53.87890889" lon="14.09644417">
        <ele>7.461538</ele>
        <time>2026-07-01T18:31:04.733Z</time>
      </trkpt>
      <trkpt lat="53.87842862" lon="14.09823584">
        <ele>7.846154</ele>
        <time>2026-07-01T18:31:32.133Z</time>
      </trkpt>
      <trkpt lat="53.87836028" lon="14.09855195">
        <ele>8.384615</ele>
        <time>2026-07-01T18:31:36.816Z</time>
      </trkpt>
      <trkpt lat="53.87836084" lon="14.09854112">
        <ele>8.387205</ele>
        <time>2026-07-01T18:31:36.967Z</time>
      </trkpt>
      <trkpt lat="53.87746389" lon="14.10173806">
        <ele>9.230769</ele>
        <time>2026-07-01T18:32:26.256Z</time>
      </trkpt>
      <trkpt lat="53.87710417" lon="14.10436084">
        <ele>9.538462</ele>
        <time>2026-07-01T18:33:03.756Z</time>
      </trkpt>
      <trkpt lat="53.87701112" lon="14.10556112">
        <ele>9.461538</ele>
        <time>2026-07-01T18:33:20.616Z</time>
      </trkpt>
      <trkpt lat="53.87661306" lon="14.10795028">
        <ele>9.769231</ele>
        <time>2026-07-01T18:33:55.189Z</time>
      </trkpt>
      <trkpt lat="53.87609723" lon="14.11082973">
        <ele>10.30769</ele>
        <time>2026-07-01T18:34:37.096Z</time>
      </trkpt>
      <trkpt lat="53.87574501" lon="14.11264556">
        <ele>10.53846</ele>
        <time>2026-07-01T18:35:03.714Z</time>
      </trkpt>
      <trkpt lat="53.87512806" lon="14.11422917">
        <ele>10.46154</ele>
        <time>2026-07-01T18:35:30.133Z</time>
      </trkpt>
      <trkpt lat="53.87512862" lon="14.11571834">
        <ele>10.15385</ele>
        <time>2026-07-01T18:35:50.874Z</time>
      </trkpt>
      <trkpt lat="53.87535389" lon="14.11900945">
        <ele>10.38461</ele>
        <time>2026-07-01T18:36:37.019Z</time>
      </trkpt>
      <trkpt lat="53.87543639" lon="14.12012278">
        <ele>10.61539</ele>
        <time>2026-07-01T18:36:52.647Z</time>
      </trkpt>
      <trkpt lat="53.87651667" lon="14.12186612">
        <ele>10.76923</ele>
        <time>2026-07-01T18:37:27.831Z</time>
      </trkpt>
      <trkpt lat="53.87744584" lon="14.12329139">
        <ele>10.84615</ele>
        <time>2026-07-01T18:37:57.389Z</time>
      </trkpt>
      <trkpt lat="53.87779084" lon="14.12379084">
        <ele>10.92308</ele>
        <time>2026-07-01T18:38:08.09Z</time>
      </trkpt>
      <trkpt lat="53.87979862" lon="14.12604056">
        <ele>11</ele>
        <time>2026-07-01T18:39:04.845Z</time>
      </trkpt>
      <trkpt lat="53.88108" lon="14.12749556">
        <ele>10.92308</ele>
        <time>2026-07-01T18:39:41.215Z</time>
      </trkpt>
      <trkpt lat="53.88173056" lon="14.12826723">
        <ele>10.84615</ele>
        <time>2026-07-01T18:39:59.939Z</time>
      </trkpt>
      <trkpt lat="53.88187834" lon="14.12852306">
        <ele>10.38461</ele>
        <time>2026-07-01T18:40:04.919Z</time>
      </trkpt>
      <trkpt lat="53.88186778" lon="14.128775">
        <ele>9.692307</ele>
        <time>2026-07-01T18:40:08.432Z</time>
      </trkpt>
      <trkpt lat="53.88239028" lon="14.12919167">
        <ele>9.307693</ele>
        <time>2026-07-01T18:40:22.043Z</time>
      </trkpt>
      <trkpt lat="53.88317389" lon="14.13030112">
        <ele>9.615385</ele>
        <time>2026-07-01T18:40:46.123Z</time>
      </trkpt>
      <trkpt lat="53.88397139" lon="14.13119056">
        <ele>9.692307</ele>
        <time>2026-07-01T18:41:08.634Z</time>
      </trkpt>
      <trkpt lat="53.88508001" lon="14.13160417">
        <ele>9</ele>
        <time>2026-07-01T18:41:35.39Z</time>
      </trkpt>
      <trkpt lat="53.88523334" lon="14.13191778">
        <ele>8.538462</ele>
        <time>2026-07-01T18:41:41.055Z</time>
      </trkpt>
      <trkpt lat="53.88517195" lon="14.13253556">
        <ele>8.384615</ele>
        <time>2026-07-01T18:41:49.778Z</time>
      </trkpt>
      <trkpt lat="53.88519501" lon="14.13282362">
        <ele>8.692307</ele>
        <time>2026-07-01T18:41:53.821Z</time>
      </trkpt>
      <trkpt lat="53.88488389" lon="14.13395001">
        <ele>9.153846</ele>
        <time>2026-07-01T18:42:11.135Z</time>
      </trkpt>
      <trkpt lat="53.88474862" lon="14.13466001">
        <ele>9.769231</ele>
        <time>2026-07-01T18:42:21.523Z</time>
      </trkpt>
      <trkpt lat="53.88382889" lon="14.13674084">
        <ele>10.61539</ele>
        <time>2026-07-01T18:42:57.71Z</time>
      </trkpt>
      <trkpt lat="53.88357084" lon="14.13731417">
        <ele>12.30769</ele>
        <time>2026-07-01T18:43:07.747Z</time>
      </trkpt>
      <trkpt lat="53.88331306" lon="14.13928945">
        <ele>14.07692</ele>
        <time>2026-07-01T18:43:35.917Z</time>
      </trkpt>
      <trkpt lat="53.88305723" lon="14.14157056">
        <ele>15.69231</ele>
        <time>2026-07-01T18:44:08.25Z</time>
      </trkpt>
      <trkpt lat="53.88302778" lon="14.14232528">
        <ele>17.07692</ele>
        <time>2026-07-01T18:44:18.783Z</time>
      </trkpt>
      <trkpt lat="53.88299806" lon="14.14421584">
        <ele>18.23077</ele>
        <time>2026-07-01T18:44:45.119Z</time>
      </trkpt>
      <trkpt lat="53.88324445" lon="14.14671334">
        <ele>18.76923</ele>
        <time>2026-07-01T18:45:20.379Z</time>
      </trkpt>
      <trkpt lat="53.88348334" lon="14.1501275">
        <ele>19.30769</ele>
        <time>2026-07-01T18:46:08.255Z</time>
      </trkpt>
      <trkpt lat="53.88365778" lon="14.15369028">
        <ele>19.69231</ele>
        <time>2026-07-01T18:46:58.038Z</time>
      </trkpt>
      <trkpt lat="53.88360195" lon="14.15505612">
        <ele>19.76923</ele>
        <time>2026-07-01T18:47:17.103Z</time>
      </trkpt>
      <trkpt lat="53.88330084" lon="14.159075">
        <ele>19.53846</ele>
        <time>2026-07-01T18:48:13.516Z</time>
      </trkpt>
      <trkpt lat="53.88325" lon="14.16000584">
        <ele>19.15385</ele>
        <time>2026-07-01T18:48:26.534Z</time>
      </trkpt>
      <trkpt lat="53.88238806" lon="14.16417389">
        <ele>18.76923</ele>
        <time>2026-07-01T18:49:28.029Z</time>
      </trkpt>
      <trkpt lat="53.88238695" lon="14.16412417">
        <ele>18.73515</ele>
        <time>2026-07-01T18:49:28.721Z</time>
      </trkpt>
      <trkpt lat="53.88198639" lon="14.16644751">
        <ele>17.07692</ele>
        <time>2026-07-01T18:50:02.425Z</time>
      </trkpt>
      <trkpt lat="53.88153278" lon="14.16830723">
        <ele>16</ele>
        <time>2026-07-01T18:50:30.443Z</time>
      </trkpt>
      <trkpt lat="53.88135195" lon="14.17028945">
        <ele>15.07692</ele>
        <time>2026-07-01T18:50:58.375Z</time>
      </trkpt>
      <trkpt lat="53.88145501" lon="14.17033223">
        <ele>14.30769</ele>
        <time>2026-07-01T18:51:00.876Z</time>
      </trkpt>
      <trkpt lat="53.88173639" lon="14.17008473">
        <ele>13.38461</ele>
        <time>2026-07-01T18:51:08.348Z</time>
      </trkpt>
      <trkpt lat="53.88207334" lon="14.16995223">
        <ele>13</ele>
        <time>2026-07-01T18:51:16.501Z</time>
      </trkpt>
      <trkpt lat="53.88213528" lon="14.16982695">
        <ele>12.69231</ele>
        <time>2026-07-01T18:51:18.774Z</time>
      </trkpt>
      <trkpt lat="53.88233973" lon="14.16964778">
        <ele>12.46154</ele>
        <time>2026-07-01T18:51:24.199Z</time>
      </trkpt>
      <trkpt lat="53.88356417" lon="14.16906056">
        <ele>12.15385</ele>
        <time>2026-07-01T18:51:54.195Z</time>
      </trkpt>
      <trkpt lat="53.88398556" lon="14.16875195">
        <ele>11.61539</ele>
        <time>2026-07-01T18:52:05.015Z</time>
      </trkpt>
      <trkpt lat="53.88461612" lon="14.16823973">
        <ele>11</ele>
        <time>2026-07-01T18:52:21.5Z</time>
      </trkpt>
      <trkpt lat="53.88517778" lon="14.16780362">
        <ele>10.61539</ele>
        <time>2026-07-01T18:52:36.062Z</time>
      </trkpt>
      <trkpt lat="53.88531612" lon="14.16769889">
        <ele>10.53846</ele>
        <time>2026-07-01T18:52:39.633Z</time>
      </trkpt>
      <trkpt lat="53.88586028" lon="14.16749778">
        <ele>10.15385</ele>
        <time>2026-07-01T18:52:52.76Z</time>
      </trkpt>
      <trkpt lat="53.88646251" lon="14.16762417">
        <ele>9.769231</ele>
        <time>2026-07-01T18:53:07.063Z</time>
      </trkpt>
      <trkpt lat="53.88684084" lon="14.16756528">
        <ele>9.307693</ele>
        <time>2026-07-01T18:53:16.018Z</time>
      </trkpt>
      <trkpt lat="53.88747778" lon="14.16775223">
        <ele>8.923077</ele>
        <time>2026-07-01T18:53:31.254Z</time>
      </trkpt>
      <trkpt lat="53.88793945" lon="14.16806112">
        <ele>8.615385</ele>
        <time>2026-07-01T18:53:42.953Z</time>
      </trkpt>
      <trkpt lat="53.88839445" lon="14.16822167">
        <ele>8.538462</ele>
        <time>2026-07-01T18:53:53.907Z</time>
      </trkpt>
      <trkpt lat="53.88894667" lon="14.16837167">
        <ele>8.384615</ele>
        <time>2026-07-01T18:54:07.089Z</time>
      </trkpt>
      <trkpt lat="53.88901973" lon="14.16842167">
        <ele>8.230769</ele>
        <time>2026-07-01T18:54:08.946Z</time>
      </trkpt>
      <trkpt lat="53.890175" lon="14.16725334">
        <ele>8.846154</ele>
        <time>2026-07-01T18:54:40.665Z</time>
      </trkpt>
      <trkpt lat="53.89097056" lon="14.16650501">
        <ele>9.923077</ele>
        <time>2026-07-01T18:55:02.117Z</time>
      </trkpt>
      <trkpt lat="53.89225862" lon="14.16504889">
        <ele>12.92308</ele>
        <time>2026-07-01T18:55:38.623Z</time>
      </trkpt>
      <trkpt lat="53.89232278" lon="14.16517695">
        <ele>14.59858</ele>
        <time>2026-07-01T18:55:40.959Z</time>
      </trkpt>
      <trkpt lat="53.89254195" lon="14.16516528">
        <ele>18.30769</ele>
        <time>2026-07-01T18:55:46.127Z</time>
      </trkpt>
      <trkpt lat="53.89301917" lon="14.16496639">
        <ele>21</ele>
        <time>2026-07-01T18:55:57.71Z</time>
      </trkpt>
      <trkpt lat="53.89459806" lon="14.16435139">
        <ele>23.53846</ele>
        <time>2026-07-01T18:56:35.897Z</time>
      </trkpt>
      <trkpt lat="53.89587806" lon="14.16396056">
        <ele>25.92308</ele>
        <time>2026-07-01T18:57:06.552Z</time>
      </trkpt>
      <trkpt lat="53.89714473" lon="14.16343056">
        <ele>28.07692</ele>
        <time>2026-07-01T18:57:37.306Z</time>
      </trkpt>
      <trkpt lat="53.89762973" lon="14.163525">
        <ele>30.53846</ele>
        <time>2026-07-01T18:57:48.813Z</time>
      </trkpt>
      <trkpt lat="53.898455" lon="14.16381139">
        <ele>32.69231</ele>
        <time>2026-07-01T18:58:08.668Z</time>
      </trkpt>
      <trkpt lat="53.89876389" lon="14.16378862">
        <ele>33.69231</ele>
        <time>2026-07-01T18:58:15.955Z</time>
      </trkpt>
      <trkpt lat="53.89923945" lon="14.16360556">
        <ele>33.61538</ele>
        <time>2026-07-01T18:58:27.449Z</time>
      </trkpt>
      <trkpt lat="53.9000425" lon="14.16299778">
        <ele>33.15385</ele>
        <time>2026-07-01T18:58:48.182Z</time>
      </trkpt>
      <trkpt lat="53.90125223" lon="14.16224917">
        <ele>32.76923</ele>
        <time>2026-07-01T18:59:18.54Z</time>
      </trkpt>
      <trkpt lat="53.90279306" lon="14.16222751">
        <ele>30.84615</ele>
        <time>2026-07-01T18:59:54.859Z</time>
      </trkpt>
      <trkpt lat="53.90350334" lon="14.16209306">
        <ele>29.07692</ele>
        <time>2026-07-01T19:00:11.704Z</time>
      </trkpt>
      <trkpt lat="53.90434834" lon="14.16236806">
        <ele>27.38461</ele>
        <time>2026-07-01T19:00:31.984Z</time>
      </trkpt>
      <trkpt lat="53.90503223" lon="14.16249112">
        <ele>26.30769</ele>
        <time>2026-07-01T19:00:48.194Z</time>
      </trkpt>
      <trkpt lat="53.90644417" lon="14.16272667">
        <ele>25.07692</ele>
        <time>2026-07-01T19:01:21.634Z</time>
      </trkpt>
      <trkpt lat="53.90703528" lon="14.16298945">
        <ele>23.38461</ele>
        <time>2026-07-01T19:01:36.037Z</time>
      </trkpt>
      <trkpt lat="53.90758612" lon="14.16297389">
        <ele>21.30769</ele>
        <time>2026-07-01T19:01:49.022Z</time>
      </trkpt>
      <trkpt lat="53.90866945" lon="14.16372945">
        <ele>18.61539</ele>
        <time>2026-07-01T19:02:16.637Z</time>
      </trkpt>
      <trkpt lat="53.90933584" lon="14.16369917">
        <ele>16.15385</ele>
        <time>2026-07-01T19:02:32.35Z</time>
      </trkpt>
      <trkpt lat="53.91079917" lon="14.16268">
        <ele>14.84615</ele>
        <time>2026-07-01T19:03:09.643Z</time>
      </trkpt>
      <trkpt lat="53.91234223" lon="14.16243806">
        <ele>14.46154</ele>
        <time>2026-07-01T19:03:46.168Z</time>
      </trkpt>
      <trkpt lat="53.91378167" lon="14.16247862">
        <ele>13.84615</ele>
        <time>2026-07-01T19:04:20.1Z</time>
      </trkpt>
      <trkpt lat="53.91481862" lon="14.16281556">
        <ele>12.76923</ele>
        <time>2026-07-01T19:04:44.986Z</time>
      </trkpt>
      <trkpt lat="53.91630445" lon="14.16288973">
        <ele>11.46154</ele>
        <time>2026-07-01T19:05:20.022Z</time>
      </trkpt>
      <trkpt lat="53.91732473" lon="14.16305445">
        <ele>9.923077</ele>
        <time>2026-07-01T19:05:44.179Z</time>
      </trkpt>
      <trkpt lat="53.91764501" lon="14.16298806">
        <ele>8.384615</ele>
        <time>2026-07-01T19:05:51.784Z</time>
      </trkpt>
      <trkpt lat="53.91782834" lon="14.16287806">
        <ele>6.538462</ele>
        <time>2026-07-01T19:05:56.368Z</time>
      </trkpt>
      <trkpt lat="53.91779195" lon="14.16281084">
        <ele>6.258743</ele>
        <time>2026-07-01T19:05:57.636Z</time>
      </trkpt>
      <trkpt lat="53.91794528" lon="14.16341945">
        <ele>4.230769</ele>
        <time>2026-07-01T19:06:06.843Z</time>
      </trkpt>
      <trkpt lat="53.91814778" lon="14.16391084">
        <ele>4.153846</ele>
        <time>2026-07-01T19:06:15.181Z</time>
      </trkpt>
      <trkpt lat="53.91793" lon="14.16448139">
        <ele>4.230769</ele>
        <time>2026-07-01T19:06:24.635Z</time>
      </trkpt>
      <trkpt lat="53.91824112" lon="14.16490223">
        <ele>4.307693</ele>
        <time>2026-07-01T19:06:34.015Z</time>
      </trkpt>
      <trkpt lat="53.91855306" lon="14.16516806">
        <ele>4.307693</ele>
        <time>2026-07-01T19:06:42.243Z</time>
      </trkpt>
      <trkpt lat="53.91888501" lon="14.16538473">
        <ele>4.384615</ele>
        <time>2026-07-01T19:06:50.627Z</time>
      </trkpt>
      <trkpt lat="53.91924778" lon="14.16560528">
        <ele>4.461538</ele>
        <time>2026-07-01T19:06:59.71Z</time>
      </trkpt>
      <trkpt lat="53.91961278" lon="14.16590889">
        <ele>4.769231</ele>
        <time>2026-07-01T19:07:09.292Z</time>
      </trkpt>
      <trkpt lat="53.91983862" lon="14.16604001">
        <ele>5</ele>
        <time>2026-07-01T19:07:14.918Z</time>
      </trkpt>
      <trkpt lat="53.92018639" lon="14.16604195">
        <ele>5.615385</ele>
        <time>2026-07-01T19:07:23.115Z</time>
      </trkpt>
      <trkpt lat="53.92032112" lon="14.16588278">
        <ele>6.461538</ele>
        <time>2026-07-01T19:07:26.985Z</time>
      </trkpt>
      <trkpt lat="53.92070862" lon="14.16623056">
        <ele>7.307693</ele>
        <time>2026-07-01T19:07:37.318Z</time>
      </trkpt>
      <trkpt lat="53.92089639" lon="14.16645778">
        <ele>8.384615</ele>
        <time>2026-07-01T19:07:42.755Z</time>
      </trkpt>
      <trkpt lat="53.92120889" lon="14.16650945">
        <ele>9.461538</ele>
        <time>2026-07-01T19:07:50.156Z</time>
      </trkpt>
      <trkpt lat="53.92136834" lon="14.16578306">
        <ele>10.84615</ele>
        <time>2026-07-01T19:08:00.938Z</time>
      </trkpt>
      <trkpt lat="53.92162806" lon="14.16601945">
        <ele>12.38461</ele>
        <time>2026-07-01T19:08:07.885Z</time>
      </trkpt>
      <trkpt lat="53.92180306" lon="14.16616945">
        <ele>14.07692</ele>
        <time>2026-07-01T19:08:12.507Z</time>
      </trkpt>
      <trkpt lat="53.92178417" lon="14.16612889">
        <ele>14.39498</ele>
        <time>2026-07-01T19:08:13.225Z</time>
      </trkpt>
      <trkpt lat="53.92208889" lon="14.16672084">
        <ele>19.23077</ele>
        <time>2026-07-01T19:08:24.152Z</time>
      </trkpt>
      <trkpt lat="53.92242612" lon="14.16765167">
        <ele>21</ele>
        <time>2026-07-01T19:08:39.347Z</time>
      </trkpt>
      <trkpt lat="53.92293723" lon="14.16865612">
        <ele>23.23077</ele>
        <time>2026-07-01T19:08:57.797Z</time>
      </trkpt>
      <trkpt lat="53.92350917" lon="14.16939278">
        <ele>25.38461</ele>
        <time>2026-07-01T19:09:14.731Z</time>
      </trkpt>
      <trkpt lat="53.92394584" lon="14.16994473">
        <ele>27.30769</ele>
        <time>2026-07-01T19:09:27.572Z</time>
      </trkpt>
      <trkpt lat="53.92445362" lon="14.17056278">
        <ele>30</ele>
        <time>2026-07-01T19:09:42.309Z</time>
      </trkpt>
      <trkpt lat="53.9252975" lon="14.17113973">
        <ele>32.61538</ele>
        <time>2026-07-01T19:10:03.758Z</time>
      </trkpt>
      <trkpt lat="53.92630278" lon="14.17191223">
        <ele>34.92308</ele>
        <time>2026-07-01T19:10:29.776Z</time>
      </trkpt>
      <trkpt lat="53.92723251" lon="14.17262834">
        <ele>37</ele>
        <time>2026-07-01T19:10:53.848Z</time>
      </trkpt>
      <trkpt lat="53.92778945" lon="14.17318528">
        <ele>39</ele>
        <time>2026-07-01T19:11:09.091Z</time>
      </trkpt>
      <trkpt lat="53.92832445" lon="14.174035">
        <ele>40.76923</ele>
        <time>2026-07-01T19:11:26.375Z</time>
      </trkpt>
      <trkpt lat="53.92917445" lon="14.17619389">
        <ele>42.53846</ele>
        <time>2026-07-01T19:12:02.475Z</time>
      </trkpt>
      <trkpt lat="53.92940528" lon="14.176825">
        <ele>43.30769</ele>
        <time>2026-07-01T19:12:12.803Z</time>
      </trkpt>
      <trkpt lat="53.92981917" lon="14.17771639">
        <ele>44.07692</ele>
        <time>2026-07-01T19:12:28.58Z</time>
      </trkpt>
      <trkpt lat="53.92992584" lon="14.17832584">
        <ele>45.07692</ele>
        <time>2026-07-01T19:12:37.422Z</time>
      </trkpt>
      <trkpt lat="53.92987834" lon="14.18125473">
        <ele>45.23077</ele>
        <time>2026-07-01T19:13:18.178Z</time>
      </trkpt>
      <trkpt lat="53.92974251" lon="14.18195139">
        <ele>45.30769</ele>
        <time>2026-07-01T19:13:28.384Z</time>
      </trkpt>
      <trkpt lat="53.92973862" lon="14.18194306">
        <ele>45.24138</ele>
        <time>2026-07-01T19:13:28.532Z</time>
      </trkpt>
      <trkpt lat="53.9298375" lon="14.18218889">
        <ele>43.38462</ele>
        <time>2026-07-01T19:13:32.667Z</time>
      </trkpt>
      <trkpt lat="53.92995862" lon="14.18241917">
        <ele>41.61538</ele>
        <time>2026-07-01T19:13:36.955Z</time>
      </trkpt>
      <trkpt lat="53.93041695" lon="14.18317834">
        <ele>38.46154</ele>
        <time>2026-07-01T19:13:52.062Z</time>
      </trkpt>
      <trkpt lat="53.93049612" lon="14.18400445">
        <ele>35.23077</ele>
        <time>2026-07-01T19:14:03.704Z</time>
      </trkpt>
      <trkpt lat="53.93069751" lon="14.18483834">
        <ele>31.69231</ele>
        <time>2026-07-01T19:14:16.237Z</time>
      </trkpt>
      <trkpt lat="53.93103334" lon="14.18514973">
        <ele>28.46154</ele>
        <time>2026-07-01T19:14:25.258Z</time>
      </trkpt>
      <trkpt lat="53.93140334" lon="14.18545723">
        <ele>24.76923</ele>
        <time>2026-07-01T19:14:34.969Z</time>
      </trkpt>
      <trkpt lat="53.93169417" lon="14.18575556">
        <ele>21.23077</ele>
        <time>2026-07-01T19:14:42.98Z</time>
      </trkpt>
      <trkpt lat="53.93231973" lon="14.18727306">
        <ele>17.76923</ele>
        <time>2026-07-01T19:15:08.727Z</time>
      </trkpt>
      <trkpt lat="53.93256834" lon="14.18815139">
        <ele>14.84615</ele>
        <time>2026-07-01T19:15:22.276Z</time>
      </trkpt>
      <trkpt lat="53.93269278" lon="14.18934362">
        <ele>12.07692</ele>
        <time>2026-07-01T19:15:39.116Z</time>
      </trkpt>
      <trkpt lat="53.93290945" lon="14.19033362">
        <ele>9.461538</ele>
        <time>2026-07-01T19:15:53.802Z</time>
      </trkpt>
      <trkpt lat="53.93320195" lon="14.19097945">
        <ele>7.076923</ele>
        <time>2026-07-01T19:16:05.125Z</time>
      </trkpt>
      <trkpt lat="53.93330362" lon="14.19116778">
        <ele>5.076923</ele>
        <time>2026-07-01T19:16:08.673Z</time>
      </trkpt>
      <trkpt lat="53.93319639" lon="14.19140223">
        <ele>3.307692</ele>
        <time>2026-07-01T19:16:12.796Z</time>
      </trkpt>
      <trkpt lat="53.933285" lon="14.19128084">
        <ele>3.153846</ele>
        <time>2026-07-01T19:16:15.48Z</time>
      </trkpt>
      <trkpt lat="53.93392278" lon="14.19245862">
        <ele>3.153846</ele>
        <time>2026-07-01T19:16:37.714Z</time>
      </trkpt>
      <trkpt lat="53.933895" lon="14.19299834">
        <ele>3.076923</ele>
        <time>2026-07-01T19:16:45.249Z</time>
      </trkpt>
      <trkpt lat="53.93396806" lon="14.19314362">
        <ele>3.153846</ele>
        <time>2026-07-01T19:16:47.902Z</time>
      </trkpt>
      <trkpt lat="53.93422695" lon="14.19288723">
        <ele>3.846154</ele>
        <time>2026-07-01T19:16:54.968Z</time>
      </trkpt>
      <trkpt lat="53.93334223" lon="14.19431751">
        <ele>3.923077</ele>
        <time>2026-07-01T19:17:23.788Z</time>
      </trkpt>
      <trkpt lat="53.93193362" lon="14.19685389">
        <ele>4</ele>
        <time>2026-07-01T19:18:12.233Z</time>
      </trkpt>
      <trkpt lat="53.93059306" lon="14.19944667">
        <ele>4.923077</ele>
        <time>2026-07-01T19:19:00.181Z</time>
      </trkpt>
      <trkpt lat="53.92982334" lon="14.20088028">
        <ele>5</ele>
        <time>2026-07-01T19:19:27.14Z</time>
      </trkpt>
      <trkpt lat="53.92731973" lon="14.20614834">
        <ele>5.461538</ele>
        <time>2026-07-01T19:21:01.227Z</time>
      </trkpt>
      <trkpt lat="53.92577862" lon="14.20935473">
        <ele>5.923077</ele>
        <time>2026-07-01T19:21:58.751Z</time>
      </trkpt>
      <trkpt lat="53.92424695" lon="14.21266751">
        <ele>5.692307</ele>
        <time>2026-07-01T19:22:57.294Z</time>
      </trkpt>
      <trkpt lat="53.92425945" lon="14.21270223">
        <ele>5.701957</ele>
        <time>2026-07-01T19:22:57.859Z</time>
      </trkpt>
      <trkpt lat="53.92596389" lon="14.21571362">
        <ele>6.692307</ele>
        <time>2026-07-01T19:23:55.902Z</time>
      </trkpt>
      <trkpt lat="53.92787056" lon="14.21884139">
        <ele>6.769231</ele>
        <time>2026-07-01T19:24:58.454Z</time>
      </trkpt>
      <trkpt lat="53.92876556" lon="14.21998084">
        <ele>7.076923</ele>
        <time>2026-07-01T19:25:24.84Z</time>
      </trkpt>
      <trkpt lat="53.92879723" lon="14.21991195">
        <ele>7.076923</ele>
        <time>2026-07-01T19:25:26.054Z</time>
      </trkpt>
      <trkpt lat="53.93019445" lon="14.21648306">
        <ele>6.615385</ele>
        <time>2026-07-01T19:26:24.015Z</time>
      </trkpt>
      <trkpt lat="53.93219445" lon="14.21165778">
        <ele>6.769231</ele>
        <time>2026-07-01T19:27:46.033Z</time>
      </trkpt>
      <trkpt lat="53.9332175" lon="14.20911639">
        <ele>6.846154</ele>
        <time>2026-07-01T19:28:28.823Z</time>
      </trkpt>
      <trkpt lat="53.93474639" lon="14.20550028">
        <ele>6.076923</ele>
        <time>2026-07-01T19:29:30.695Z</time>
      </trkpt>
      <trkpt lat="53.93527917" lon="14.20434417">
        <ele>6.153846</ele>
        <time>2026-07-01T19:29:51.097Z</time>
      </trkpt>
      <trkpt lat="53.93552389" lon="14.20400084">
        <ele>5.846154</ele>
        <time>2026-07-01T19:29:58.582Z</time>
      </trkpt>
      <trkpt lat="53.93671056" lon="14.20132362">
        <ele>5.461538</ele>
        <time>2026-07-01T19:30:45.152Z</time>
      </trkpt>
      <trkpt lat="53.93786417" lon="14.19863667">
        <ele>5.692307</ele>
        <time>2026-07-01T19:31:31.366Z</time>
      </trkpt>
      <trkpt lat="53.93916223" lon="14.19578417">
        <ele>5.153846</ele>
        <time>2026-07-01T19:32:21.464Z</time>
      </trkpt>
      <trkpt lat="53.94059695" lon="14.19299195">
        <ele>4.769231</ele>
        <time>2026-07-01T19:33:12.955Z</time>
      </trkpt>
      <trkpt lat="53.9413475" lon="14.19154084">
        <ele>4.615385</ele>
        <time>2026-07-01T19:33:39.791Z</time>
      </trkpt>
      <trkpt lat="53.94134473" lon="14.19158556">
        <ele>4.230769</ele>
        <time>2026-07-01T19:33:40.416Z</time>
      </trkpt>
      <trkpt lat="53.942915" lon="14.18863223">
        <ele>3.846154</ele>
        <time>2026-07-01T19:34:35.702Z</time>
      </trkpt>
      <trkpt lat="53.94358945" lon="14.18747556">
        <ele>3.769231</ele>
        <time>2026-07-01T19:34:58.316Z</time>
      </trkpt>
      <trkpt lat="53.94501417" lon="14.18504139">
        <ele>3.692308</ele>
        <time>2026-07-01T19:35:45.996Z</time>
      </trkpt>
      <trkpt lat="53.94625556" lon="14.18286028">
        <ele>3.692308</ele>
        <time>2026-07-01T19:36:28.138Z</time>
      </trkpt>
      <trkpt lat="53.94772695" lon="14.18036195">
        <ele>3.692308</ele>
        <time>2026-07-01T19:37:17.224Z</time>
      </trkpt>
      <trkpt lat="53.94921556" lon="14.17800695">
        <ele>3.615385</ele>
        <time>2026-07-01T19:38:05.216Z</time>
      </trkpt>
      <trkpt lat="53.95015528" lon="14.17654862">
        <ele>3.384615</ele>
        <time>2026-07-01T19:38:35.244Z</time>
      </trkpt>
      <trkpt lat="53.95114945" lon="14.17511667">
        <ele>3.230769</ele>
        <time>2026-07-01T19:39:05.992Z</time>
      </trkpt>
      <trkpt lat="53.95115806" lon="14.17510056">
        <ele>3.153846</ele>
        <time>2026-07-01T19:39:06.294Z</time>
      </trkpt>
      <trkpt lat="53.95203084" lon="14.17395473">
        <ele>2.923077</ele>
        <time>2026-07-01T19:39:32.313Z</time>
      </trkpt>
      <trkpt lat="53.95289028" lon="14.17273278">
        <ele>2.538461</ele>
        <time>2026-07-01T19:39:58.751Z</time>
      </trkpt>
      <trkpt lat="53.95358639" lon="14.17187306">
        <ele>2.384615</ele>
        <time>2026-07-01T19:40:19.05Z</time>
      </trkpt>
      <trkpt lat="53.9542575" lon="14.17104917">
        <ele>2.384615</ele>
        <time>2026-07-01T19:40:38.58Z</time>
      </trkpt>
      <trkpt lat="53.95422501" lon="14.17105612">
        <ele>2.461539</ele>
        <time>2026-07-01T19:40:39.352Z</time>
      </trkpt>
      <trkpt lat="53.95451389" lon="14.17152889">
        <ele>2.538461</ele>
        <time>2026-07-01T19:40:48.81Z</time>
      </trkpt>
      <trkpt lat="53.95469806" lon="14.17182028">
        <ele>2.692308</ele>
        <time>2026-07-01T19:40:54.744Z</time>
      </trkpt>
      <trkpt lat="53.95493612" lon="14.17191139">
        <ele>2.692308</ele>
        <time>2026-07-01T19:41:00.496Z</time>
      </trkpt>
      <trkpt lat="53.95541473" lon="14.17137862">
        <ele>2.769231</ele>
        <time>2026-07-01T19:41:13.991Z</time>
      </trkpt>
      <trkpt lat="53.95581139" lon="14.17085195">
        <ele>2.923077</ele>
        <time>2026-07-01T19:41:25.866Z</time>
      </trkpt>
      <trkpt lat="53.95586195" lon="14.17050389">
        <ele>3.076923</ele>
        <time>2026-07-01T19:41:30.844Z</time>
      </trkpt>
      <trkpt lat="53.95620945" lon="14.17005723">
        <ele>3.307692</ele>
        <time>2026-07-01T19:41:41.118Z</time>
      </trkpt>
      <trkpt lat="53.95661778" lon="14.16967806">
        <ele>3.461539</ele>
        <time>2026-07-01T19:41:52.088Z</time>
      </trkpt>
      <trkpt lat="53.95712473" lon="14.16919306">
        <ele>4</ele>
        <time>2026-07-01T19:42:05.804Z</time>
      </trkpt>
      <trkpt lat="53.95722473" lon="14.16854001">
        <ele>4.230769</ele>
        <time>2026-07-01T19:42:15.183Z</time>
      </trkpt>
      <trkpt lat="53.95757695" lon="14.16813639">
        <ele>4.307693</ele>
        <time>2026-07-01T19:42:25.199Z</time>
      </trkpt>
      <trkpt lat="53.95860973" lon="14.16670528">
        <ele>4.384615</ele>
        <time>2026-07-01T19:42:56.637Z</time>
      </trkpt>
      <trkpt lat="53.95883389" lon="14.16603889">
        <ele>4.384615</ele>
        <time>2026-07-01T19:43:07.301Z</time>
      </trkpt>
      <trkpt lat="53.95906417" lon="14.16587834">
        <ele>4.307693</ele>
        <time>2026-07-01T19:43:13.169Z</time>
      </trkpt>
      <trkpt lat="53.95930139" lon="14.16508195">
        <ele>4.230769</ele>
        <time>2026-07-01T19:43:25.571Z</time>
      </trkpt>
      <trkpt lat="53.96121778" lon="14.16208389">
        <ele>4.384615</ele>
        <time>2026-07-01T19:44:27.028Z</time>
      </trkpt>
      <trkpt lat="53.96178556" lon="14.16108001">
        <ele>4.230769</ele>
        <time>2026-07-01T19:44:46.362Z</time>
      </trkpt>
      <trkpt lat="53.96193917" lon="14.16083306">
        <ele>4.307693</ele>
        <time>2026-07-01T19:44:51.348Z</time>
      </trkpt>
      <trkpt lat="53.96197584" lon="14.16024334">
        <ele>4.538462</ele>
        <time>2026-07-01T19:44:59.59Z</time>
      </trkpt>
      <trkpt lat="53.96211417" lon="14.16015362">
        <ele>4.538462</ele>
        <time>2026-07-01T19:45:03.08Z</time>
      </trkpt>
      <trkpt lat="53.96227667" lon="14.15997556">
        <ele>4.538462</ele>
        <time>2026-07-01T19:45:07.639Z</time>
      </trkpt>
      <trkpt lat="53.96323417" lon="14.15846473">
        <ele>4.076923</ele>
        <time>2026-07-01T19:45:38.466Z</time>
      </trkpt>
      <trkpt lat="53.96445612" lon="14.15670112">
        <ele>4.230769</ele>
        <time>2026-07-01T19:46:16.286Z</time>
      </trkpt>
      <trkpt lat="53.96442889" lon="14.15675417">
        <ele>4.307693</ele>
        <time>2026-07-01T19:46:17.263Z</time>
      </trkpt>
      <trkpt lat="53.96568667" lon="14.15471695">
        <ele>4.230769</ele>
        <time>2026-07-01T19:46:58.258Z</time>
      </trkpt>
      <trkpt lat="53.96671834" lon="14.15303917">
        <ele>4.076923</ele>
        <time>2026-07-01T19:47:31.948Z</time>
      </trkpt>
      <trkpt lat="53.96739417" lon="14.15185667">
        <ele>3.846154</ele>
        <time>2026-07-01T19:47:54.835Z</time>
      </trkpt>
      <trkpt lat="53.96779945" lon="14.15138778">
        <ele>3.538461</ele>
        <time>2026-07-01T19:48:06.394Z</time>
      </trkpt>
      <trkpt lat="53.96910945" lon="14.14972639">
        <ele>4</ele>
        <time>2026-07-01T19:48:44.949Z</time>
      </trkpt>
      <trkpt lat="53.96991695" lon="14.14867167">
        <ele>4.307693</ele>
        <time>2026-07-01T19:49:08.972Z</time>
      </trkpt>
      <trkpt lat="53.97152973" lon="14.14661639">
        <ele>4.461538</ele>
        <time>2026-07-01T19:49:56.52Z</time>
      </trkpt>
      <trkpt lat="53.97264139" lon="14.14515251">
        <ele>5</ele>
        <time>2026-07-01T19:50:29.692Z</time>
      </trkpt>
      <trkpt lat="53.97477306" lon="14.14255251">
        <ele>5.846154</ele>
        <time>2026-07-01T19:51:31.577Z</time>
      </trkpt>
      <trkpt lat="53.97546195" lon="14.14169195">
        <ele>7.153846</ele>
        <time>2026-07-01T19:51:51.742Z</time>
      </trkpt>
      <trkpt lat="53.97513806" lon="14.14098362">
        <ele>8.538462</ele>
        <time>2026-07-01T19:52:04.198Z</time>
      </trkpt>
      <trkpt lat="53.97632306" lon="14.13946751">
        <ele>9.769231</ele>
        <time>2026-07-01T19:52:39.182Z</time>
      </trkpt>
      <trkpt lat="53.97660778" lon="14.13909612">
        <ele>11.15385</ele>
        <time>2026-07-01T19:52:47.644Z</time>
      </trkpt>
      <trkpt lat="53.97667917" lon="14.13867223">
        <ele>12.76923</ele>
        <time>2026-07-01T19:52:53.763Z</time>
      </trkpt>
      <trkpt lat="53.97706112" lon="14.13847223">
        <ele>14.76923</ele>
        <time>2026-07-01T19:53:03.184Z</time>
      </trkpt>
      <trkpt lat="53.97751278" lon="14.13806834">
        <ele>16.84615</ele>
        <time>2026-07-01T19:53:15.215Z</time>
      </trkpt>
      <trkpt lat="53.97755501" lon="14.13805917">
        <ele>17.00805</ele>
        <time>2026-07-01T19:53:16.218Z</time>
      </trkpt>
      <trkpt lat="53.97797389" lon="14.13758389">
        <ele>18.92308</ele>
        <time>2026-07-01T19:53:28.092Z</time>
      </trkpt>
      <trkpt lat="53.97865917" lon="14.13660473">
        <ele>20</ele>
        <time>2026-07-01T19:53:49.21Z</time>
      </trkpt>
      <trkpt lat="53.97937195" lon="14.13547167">
        <ele>21.30769</ele>
        <time>2026-07-01T19:54:12.233Z</time>
      </trkpt>
      <trkpt lat="53.97974195" lon="14.13430389">
        <ele>22.15385</ele>
        <time>2026-07-01T19:54:30.653Z</time>
      </trkpt>
      <trkpt lat="53.97995834" lon="14.13279862">
        <ele>22.92308</ele>
        <time>2026-07-01T19:54:52.179Z</time>
      </trkpt>
      <trkpt lat="53.98021278" lon="14.13161556">
        <ele>23.30769</ele>
        <time>2026-07-01T19:55:09.675Z</time>
      </trkpt>
      <trkpt lat="53.98049306" lon="14.13040751">
        <ele>23.76923</ele>
        <time>2026-07-01T19:55:27.712Z</time>
      </trkpt>
      <trkpt lat="53.98092195" lon="14.12908667">
        <ele>24.92308</ele>
        <time>2026-07-01T19:55:48.663Z</time>
      </trkpt>
      <trkpt lat="53.98104306" lon="14.12829334">
        <ele>26.15385</ele>
        <time>2026-07-01T19:56:00.048Z</time>
      </trkpt>
      <trkpt lat="53.98111695" lon="14.12723778">
        <ele>27.38461</ele>
        <time>2026-07-01T19:56:14.816Z</time>
      </trkpt>
      <trkpt lat="53.98118834" lon="14.12646556">
        <ele>27.46154</ele>
        <time>2026-07-01T19:56:25.676Z</time>
      </trkpt>
      <trkpt lat="53.98118973" lon="14.12632751">
        <ele>27.15385</ele>
        <time>2026-07-01T19:56:27.592Z</time>
      </trkpt>
      <trkpt lat="53.98118862" lon="14.12591417">
        <ele>27.84615</ele>
        <time>2026-07-01T19:56:33.328Z</time>
      </trkpt>
      <trkpt lat="53.98070695" lon="14.12536223">
        <ele>29.61539</ele>
        <time>2026-07-01T19:56:47.028Z</time>
      </trkpt>
      <trkpt lat="53.98074306" lon="14.12492667">
        <ele>30.92308</ele>
        <time>2026-07-01T19:56:53.132Z</time>
      </trkpt>
      <trkpt lat="53.98083917" lon="14.12467889">
        <ele>32.07692</ele>
        <time>2026-07-01T19:56:57.25Z</time>
      </trkpt>
      <trkpt lat="53.98136223" lon="14.12374723">
        <ele>32.69231</ele>
        <time>2026-07-01T19:57:15.125Z</time>
      </trkpt>
      <trkpt lat="53.98172112" lon="14.12313223">
        <ele>32.76923</ele>
        <time>2026-07-01T19:57:27.148Z</time>
      </trkpt>
      <trkpt lat="53.98179723" lon="14.12238834">
        <ele>32.92308</ele>
        <time>2026-07-01T19:57:37.637Z</time>
      </trkpt>
      <trkpt lat="53.98143445" lon="14.12059917">
        <ele>32.61538</ele>
        <time>2026-07-01T19:58:03.923Z</time>
      </trkpt>
      <trkpt lat="53.98243167" lon="14.12008834">
        <ele>31.15385</ele>
        <time>2026-07-01T19:58:28.476Z</time>
      </trkpt>
      <trkpt lat="53.98299223" lon="14.11981306">
        <ele>29.53846</ele>
        <time>2026-07-01T19:58:42.23Z</time>
      </trkpt>
      <trkpt lat="53.98398834" lon="14.11924">
        <ele>27.61539</ele>
        <time>2026-07-01T19:59:07.022Z</time>
      </trkpt>
      <trkpt lat="53.98435889" lon="14.11786806">
        <ele>26.15385</ele>
        <time>2026-07-01T19:59:27.987Z</time>
      </trkpt>
      <trkpt lat="53.984485" lon="14.11722584">
        <ele>24.61539</ele>
        <time>2026-07-01T19:59:37.391Z</time>
      </trkpt>
      <trkpt lat="53.98480889" lon="14.11627362">
        <ele>22.69231</ele>
        <time>2026-07-01T19:59:52.664Z</time>
      </trkpt>
      <trkpt lat="53.98555084" lon="14.11644806">
        <ele>19.69231</ele>
        <time>2026-07-01T20:00:10.319Z</time>
      </trkpt>
      <trkpt lat="53.986295" lon="14.11726306">
        <ele>17.46154</ele>
        <time>2026-07-01T20:00:31.196Z</time>
      </trkpt>
      <trkpt lat="53.98662556" lon="14.1174225">
        <ele>14.84615</ele>
        <time>2026-07-01T20:00:39.295Z</time>
      </trkpt>
      <trkpt lat="53.98675501" lon="14.11725334">
        <ele>12.76923</ele>
        <time>2026-07-01T20:00:43.144Z</time>
      </trkpt>
      <trkpt lat="53.98759167" lon="14.11656889">
        <ele>11.15385</ele>
        <time>2026-07-01T20:01:05.037Z</time>
      </trkpt>
      <trkpt lat="53.98848556" lon="14.11580417">
        <ele>9.538462</ele>
        <time>2026-07-01T20:01:28.633Z</time>
      </trkpt>
      <trkpt lat="53.98884862" lon="14.11552695">
        <ele>8.153846</ele>
        <time>2026-07-01T20:01:38.015Z</time>
      </trkpt>
      <trkpt lat="53.98922112" lon="14.11489306">
        <ele>7.153846</ele>
        <time>2026-07-01T20:01:50.449Z</time>
      </trkpt>
      <trkpt lat="53.98931139" lon="14.11435417">
        <ele>6.307693</ele>
        <time>2026-07-01T20:01:58.231Z</time>
      </trkpt>
      <trkpt lat="53.98959556" lon="14.11333889">
        <ele>5.384615</ele>
        <time>2026-07-01T20:02:13.843Z</time>
      </trkpt>
      <trkpt lat="53.98958167" lon="14.11336473">
        <ele>5.461538</ele>
        <time>2026-07-01T20:02:14.329Z</time>
      </trkpt>
      <trkpt lat="53.99028084" lon="14.11335445">
        <ele>5.153846</ele>
        <time>2026-07-01T20:02:30.809Z</time>
      </trkpt>
      <trkpt lat="53.99107834" lon="14.11369584">
        <ele>4.846154</ele>
        <time>2026-07-01T20:02:50.194Z</time>
      </trkpt>
      <trkpt lat="53.99158" lon="14.11353528">
        <ele>4.769231</ele>
        <time>2026-07-01T20:03:02.226Z</time>
      </trkpt>
      <trkpt lat="53.99181056" lon="14.11285612">
        <ele>4.230769</ele>
        <time>2026-07-01T20:03:13.113Z</time>
      </trkpt>
      <trkpt lat="53.99203528" lon="14.11214751">
        <ele>4.076923</ele>
        <time>2026-07-01T20:03:24.29Z</time>
      </trkpt>
      <trkpt lat="53.99298417" lon="14.11113306">
        <ele>3.846154</ele>
        <time>2026-07-01T20:03:50.724Z</time>
      </trkpt>
      <trkpt lat="53.99370389" lon="14.11036112">
        <ele>3.538461</ele>
        <time>2026-07-01T20:04:10.792Z</time>
      </trkpt>
      <trkpt lat="53.99399056" lon="14.10987028">
        <ele>3.538461</ele>
        <time>2026-07-01T20:04:20.385Z</time>
      </trkpt>
      <trkpt lat="53.99510751" lon="14.10854">
        <ele>3.076923</ele>
        <time>2026-07-01T20:04:52.548Z</time>
      </trkpt>
      <trkpt lat="53.99567362" lon="14.10745056">
        <ele>2.923077</ele>
        <time>2026-07-01T20:05:12.722Z</time>
      </trkpt>
      <trkpt lat="53.99575417" lon="14.10559306">
        <ele>2.692308</ele>
        <time>2026-07-01T20:05:38.589Z</time>
      </trkpt>
      <trkpt lat="53.99585112" lon="14.10525334">
        <ele>2.923077</ele>
        <time>2026-07-01T20:05:43.826Z</time>
      </trkpt>
      <trkpt lat="53.99648806" lon="14.10444028">
        <ele>2.307692</ele>
        <time>2026-07-01T20:06:02.611Z</time>
      </trkpt>
      <trkpt lat="53.99801806" lon="14.10281445">
        <ele>2.846154</ele>
        <time>2026-07-01T20:06:45.159Z</time>
      </trkpt>
      <trkpt lat="53.9994325" lon="14.10102473">
        <ele>3.384615</ele>
        <time>2026-07-01T20:07:26.743Z</time>
      </trkpt>
      <trkpt lat="53.99982584" lon="14.10015945">
        <ele>3.615385</ele>
        <time>2026-07-01T20:07:41.92Z</time>
      </trkpt>
      <trkpt lat="54.00040389" lon="14.09873334">
        <ele>3.923077</ele>
        <time>2026-07-01T20:08:05.958Z</time>
      </trkpt>
      <trkpt lat="54.001045" lon="14.09762028">
        <ele>3.846154</ele>
        <time>2026-07-01T20:08:27.574Z</time>
      </trkpt>
      <trkpt lat="54.00165389" lon="14.09683223">
        <ele>4.076923</ele>
        <time>2026-07-01T20:08:45.622Z</time>
      </trkpt>
      <trkpt lat="54.00195139" lon="14.0960375">
        <ele>4.230769</ele>
        <time>2026-07-01T20:08:58.697Z</time>
      </trkpt>
      <trkpt lat="54.00236278" lon="14.09533195">
        <ele>4.076923</ele>
        <time>2026-07-01T20:09:12.481Z</time>
      </trkpt>
      <trkpt lat="54.00284362" lon="14.09452889">
        <ele>4.538462</ele>
        <time>2026-07-01T20:09:28.381Z</time>
      </trkpt>
      <trkpt lat="54.00323056" lon="14.09361417">
        <ele>4.615385</ele>
        <time>2026-07-01T20:09:44.018Z</time>
      </trkpt>
      <trkpt lat="54.00362584" lon="14.09323334">
        <ele>4.692307</ele>
        <time>2026-07-01T20:09:54.728Z</time>
      </trkpt>
      <trkpt lat="54.003915" lon="14.09229445">
        <ele>4.692307</ele>
        <time>2026-07-01T20:10:09.439Z</time>
      </trkpt>
      <trkpt lat="54.00468889" lon="14.09116195">
        <ele>4.923077</ele>
        <time>2026-07-01T20:10:33.522Z</time>
      </trkpt>
      <trkpt lat="54.00511251" lon="14.09020556">
        <ele>4.615385</ele>
        <time>2026-07-01T20:10:50.137Z</time>
      </trkpt>
      <trkpt lat="54.00533389" lon="14.08983417">
        <ele>4.153846</ele>
        <time>2026-07-01T20:10:57.469Z</time>
      </trkpt>
      <trkpt lat="54.00582139" lon="14.08895917">
        <ele>4.615385</ele>
        <time>2026-07-01T20:11:14.191Z</time>
      </trkpt>
      <trkpt lat="54.00687389" lon="14.08635">
        <ele>4.692307</ele>
        <time>2026-07-01T20:11:58.098Z</time>
      </trkpt>
      <trkpt lat="54.00759251" lon="14.08539667">
        <ele>4.615385</ele>
        <time>2026-07-01T20:12:19.595Z</time>
      </trkpt>
      <trkpt lat="54.00838834" lon="14.08394306">
        <ele>4.461538</ele>
        <time>2026-07-01T20:12:47.148Z</time>
      </trkpt>
      <trkpt lat="54.00892917" lon="14.08319417">
        <ele>4.384615</ele>
        <time>2026-07-01T20:13:03.598Z</time>
      </trkpt>
      <trkpt lat="54.00971" lon="14.08156306">
        <ele>4.384615</ele>
        <time>2026-07-01T20:13:32.779Z</time>
      </trkpt>
      <trkpt lat="54.01104556" lon="14.07899417">
        <ele>4.846154</ele>
        <time>2026-07-01T20:14:20.349Z</time>
      </trkpt>
      <trkpt lat="54.012575" lon="14.07628389">
        <ele>4.846154</ele>
        <time>2026-07-01T20:15:12.457Z</time>
      </trkpt>
      <trkpt lat="54.01329139" lon="14.07445334">
        <ele>5.384615</ele>
        <time>2026-07-01T20:15:42.968Z</time>
      </trkpt>
      <trkpt lat="54.01348917" lon="14.07365084">
        <ele>5.538462</ele>
        <time>2026-07-01T20:15:55.044Z</time>
      </trkpt>
      <trkpt lat="54.01356612" lon="14.07279778">
        <ele>5.461538</ele>
        <time>2026-07-01T20:16:07.024Z</time>
      </trkpt>
      <trkpt lat="54.01359751" lon="14.07232945">
        <ele>5.615385</ele>
        <time>2026-07-01T20:16:13.56Z</time>
      </trkpt>
      <trkpt lat="54.01376278" lon="14.07163667">
        <ele>5.923077</ele>
        <time>2026-07-01T20:16:23.936Z</time>
      </trkpt>
      <trkpt lat="54.01417667" lon="14.07110556">
        <ele>5.769231</ele>
        <time>2026-07-01T20:16:36.164Z</time>
      </trkpt>
      <trkpt lat="54.01494862" lon="14.07098389">
        <ele>6.461538</ele>
        <time>2026-07-01T20:16:54.437Z</time>
      </trkpt>
      <trkpt lat="54.01516834" lon="14.07071612">
        <ele>7.538462</ele>
        <time>2026-07-01T20:17:00.809Z</time>
      </trkpt>
      <trkpt lat="54.01554723" lon="14.06955528">
        <ele>8.923077</ele>
        <time>2026-07-01T20:17:19.232Z</time>
      </trkpt>
      <trkpt lat="54.016155" lon="14.06907528">
        <ele>10.38461</ele>
        <time>2026-07-01T20:17:35.028Z</time>
      </trkpt>
      <trkpt lat="54.01662334" lon="14.06841223">
        <ele>11.84615</ele>
        <time>2026-07-01T20:17:49.401Z</time>
      </trkpt>
      <trkpt lat="54.0168925" lon="14.06733056">
        <ele>13</ele>
        <time>2026-07-01T20:18:05.701Z</time>
      </trkpt>
      <trkpt lat="54.01666139" lon="14.06636084">
        <ele>14.69231</ele>
        <time>2026-07-01T20:18:20.222Z</time>
      </trkpt>
      <trkpt lat="54.01666167" lon="14.06626445">
        <ele>14.96013</ele>
        <time>2026-07-01T20:18:21.558Z</time>
      </trkpt>
      <trkpt lat="54.01660639" lon="14.06517445">
        <ele>18</ele>
        <time>2026-07-01T20:18:36.744Z</time>
      </trkpt>
      <trkpt lat="54.01676834" lon="14.06475639">
        <ele>18.84615</ele>
        <time>2026-07-01T20:18:43.684Z</time>
      </trkpt>
      <trkpt lat="54.02061973" lon="14.05890167">
        <ele>19.46154</ele>
        <time>2026-07-01T20:20:45.524Z</time>
      </trkpt>
      <trkpt lat="54.02158167" lon="14.05733584">
        <ele>19.61539</ele>
        <time>2026-07-01T20:21:16.931Z</time>
      </trkpt>
      <trkpt lat="54.02156139" lon="14.05735556">
        <ele>19.23077</ele>
        <time>2026-07-01T20:21:17.482Z</time>
      </trkpt>
      <trkpt lat="54.02352834" lon="14.05426334">
        <ele>18.23077</ele>
        <time>2026-07-01T20:22:20.659Z</time>
      </trkpt>
      <trkpt lat="54.02355445" lon="14.05423778">
        <ele>18.22592</ele>
        <time>2026-07-01T20:22:21.369Z</time>
      </trkpt>
      <trkpt lat="54.02958139" lon="14.04504167">
        <ele>16.92308</ele>
        <time>2026-07-01T20:25:32.335Z</time>
      </trkpt>
      <trkpt lat="54.03048334" lon="14.04371389">
        <ele>16.76923</ele>
        <time>2026-07-01T20:26:00.468Z</time>
      </trkpt>
      <trkpt lat="54.03097556" lon="14.04353612">
        <ele>17</ele>
        <time>2026-07-01T20:26:12.329Z</time>
      </trkpt>
      <trkpt lat="54.03120806" lon="14.04319389">
        <ele>17.30769</ele>
        <time>2026-07-01T20:26:19.577Z</time>
      </trkpt>
      <trkpt lat="54.03126806" lon="14.04251806">
        <ele>16.92308</ele>
        <time>2026-07-01T20:26:29.061Z</time>
      </trkpt>
      <trkpt lat="54.03148306" lon="14.04188223">
        <ele>14.84615</ele>
        <time>2026-07-01T20:26:39.236Z</time>
      </trkpt>
      <trkpt lat="54.0321" lon="14.04118639">
        <ele>12.76923</ele>
        <time>2026-07-01T20:26:56.691Z</time>
      </trkpt>
      <trkpt lat="54.03233473" lon="14.04099778">
        <ele>11.53846</ele>
        <time>2026-07-01T20:27:02.81Z</time>
      </trkpt>
      <trkpt lat="54.03258862" lon="14.04108334">
        <ele>10.53846</ele>
        <time>2026-07-01T20:27:08.911Z</time>
      </trkpt>
      <trkpt lat="54.03304945" lon="14.04093195">
        <ele>10.15385</ele>
        <time>2026-07-01T20:27:19.974Z</time>
      </trkpt>
      <trkpt lat="54.03356862" lon="14.04013362">
        <ele>9.846154</ele>
        <time>2026-07-01T20:27:36.48Z</time>
      </trkpt>
      <trkpt lat="54.03469" lon="14.03834389">
        <ele>9.615385</ele>
        <time>2026-07-01T20:28:12.747Z</time>
      </trkpt>
      <trkpt lat="54.03469556" lon="14.03836667">
        <ele>9.586053</ele>
        <time>2026-07-01T20:28:13.089Z</time>
      </trkpt>
      <trkpt lat="54.03518973" lon="14.03759778">
        <ele>8.230769</ele>
        <time>2026-07-01T20:28:28.884Z</time>
      </trkpt>
      <trkpt lat="54.03549556" lon="14.03721084">
        <ele>6.923077</ele>
        <time>2026-07-01T20:28:37.868Z</time>
      </trkpt>
      <trkpt lat="54.03587584" lon="14.03708834">
        <ele>4.923077</ele>
        <time>2026-07-01T20:28:46.991Z</time>
      </trkpt>
      <trkpt lat="54.0363875" lon="14.03641473">
        <ele>2.692308</ele>
        <time>2026-07-01T20:29:02.249Z</time>
      </trkpt>
      <trkpt lat="54.03877223" lon="14.03261389">
        <ele>1.538462</ele>
        <time>2026-07-01T20:30:19.322Z</time>
      </trkpt>
      <trkpt lat="54.04054945" lon="14.03017251">
        <ele>1.923077</ele>
        <time>2026-07-01T20:31:13.192Z</time>
      </trkpt>
      <trkpt lat="54.04102389" lon="14.029335">
        <ele>2.307692</ele>
        <time>2026-07-01T20:31:29.318Z</time>
      </trkpt>
      <trkpt lat="54.04106695" lon="14.02940501">
        <ele>2.452324</ele>
        <time>2026-07-01T20:31:30.722Z</time>
      </trkpt>
      <trkpt lat="54.04048167" lon="14.02798862">
        <ele>4.923077</ele>
        <time>2026-07-01T20:31:54.731Z</time>
      </trkpt>
      <trkpt lat="54.03903584" lon="14.02549695">
        <ele>6.153846</ele>
        <time>2026-07-01T20:32:43.273Z</time>
      </trkpt>
      <trkpt lat="54.03932195" lon="14.02474139">
        <ele>7.461538</ele>
        <time>2026-07-01T20:32:55.737Z</time>
      </trkpt>
      <trkpt lat="54.03949028" lon="14.02346306">
        <ele>8.923077</ele>
        <time>2026-07-01T20:33:13.91Z</time>
      </trkpt>
      <trkpt lat="54.04014389" lon="14.02419473">
        <ele>11.38461</ele>
        <time>2026-07-01T20:33:32.359Z</time>
      </trkpt>
      <trkpt lat="54.04072778" lon="14.02514806">
        <ele>13.76923</ele>
        <time>2026-07-01T20:33:51.446Z</time>
      </trkpt>
      <trkpt lat="54.04105917" lon="14.02628584">
        <ele>16.23077</ele>
        <time>2026-07-01T20:34:09.057Z</time>
      </trkpt>
      <trkpt lat="54.04125139" lon="14.02753667">
        <ele>18.30769</ele>
        <time>2026-07-01T20:34:26.991Z</time>
      </trkpt>
      <trkpt lat="54.04152778" lon="14.02832667">
        <ele>21</ele>
        <time>2026-07-01T20:34:39.741Z</time>
      </trkpt>
      <trkpt lat="54.04152445" lon="14.02821806">
        <ele>21.46554</ele>
        <time>2026-07-01T20:34:41.248Z</time>
      </trkpt>
      <trkpt lat="54.04187834" lon="14.02779584">
        <ele>24.61539</ele>
        <time>2026-07-01T20:34:51.437Z</time>
      </trkpt>
      <trkpt lat="54.04321889" lon="14.02624834">
        <ele>25.53846</ele>
        <time>2026-07-01T20:35:29.637Z</time>
      </trkpt>
      <trkpt lat="54.04431167" lon="14.02487751">
        <ele>26.76923</ele>
        <time>2026-07-01T20:36:01.654Z</time>
      </trkpt>
      <trkpt lat="54.04645139" lon="14.02226">
        <ele>27.23077</ele>
        <time>2026-07-01T20:37:03.799Z</time>
      </trkpt>
      <trkpt lat="54.04736417" lon="14.02114223">
        <ele>28.38461</ele>
        <time>2026-07-01T20:37:30.318Z</time>
      </trkpt>
      <trkpt lat="54.04799862" lon="14.02061862">
        <ele>30</ele>
        <time>2026-07-01T20:37:46.943Z</time>
      </trkpt>
      <trkpt lat="54.04851251" lon="14.01990528">
        <ele>30.76923</ele>
        <time>2026-07-01T20:38:02.583Z</time>
      </trkpt>
      <trkpt lat="54.04920834" lon="14.01925473">
        <ele>30.69231</ele>
        <time>2026-07-01T20:38:21.302Z</time>
      </trkpt>
      <trkpt lat="54.04905389" lon="14.01876917">
        <ele>30.15385</ele>
        <time>2026-07-01T20:38:28.951Z</time>
      </trkpt>
      <trkpt lat="54.04911501" lon="14.01806584">
        <ele>28.38461</ele>
        <time>2026-07-01T20:38:38.812Z</time>
      </trkpt>
      <trkpt lat="54.04953862" lon="14.01716584">
        <ele>27.53846</ele>
        <time>2026-07-01T20:38:54.797Z</time>
      </trkpt>
      <trkpt lat="54.05028695" lon="14.0157475">
        <ele>26.07692</ele>
        <time>2026-07-01T20:39:21.219Z</time>
      </trkpt>
      <trkpt lat="54.05167612" lon="14.01303862">
        <ele>25.23077</ele>
        <time>2026-07-01T20:40:11.056Z</time>
      </trkpt>
      <trkpt lat="54.05318028" lon="14.01017417">
        <ele>24</ele>
        <time>2026-07-01T20:41:04.303Z</time>
      </trkpt>
      <trkpt lat="54.05393473" lon="14.00882695">
        <ele>23.23077</ele>
        <time>2026-07-01T20:41:30.097Z</time>
      </trkpt>
      <trkpt lat="54.05524862" lon="14.00811528">
        <ele>21.46154</ele>
        <time>2026-07-01T20:42:02.601Z</time>
      </trkpt>
      <trkpt lat="54.05578667" lon="14.00638584">
        <ele>19.46154</ele>
        <time>2026-07-01T20:42:29.732Z</time>
      </trkpt>
      <trkpt lat="54.05598528" lon="14.00561056">
        <ele>17.07692</ele>
        <time>2026-07-01T20:42:41.459Z</time>
      </trkpt>
      <trkpt lat="54.05631945" lon="14.00463445">
        <ele>14</ele>
        <time>2026-07-01T20:42:57.12Z</time>
      </trkpt>
      <trkpt lat="54.05687862" lon="14.00231945">
        <ele>11.61539</ele>
        <time>2026-07-01T20:43:31.824Z</time>
      </trkpt>
      <trkpt lat="54.05759445" lon="14.00056723">
        <ele>9.153846</ele>
        <time>2026-07-01T20:44:01.407Z</time>
      </trkpt>
      <trkpt lat="54.05790334" lon="13.99943862">
        <ele>7.076923</ele>
        <time>2026-07-01T20:44:18.668Z</time>
      </trkpt>
      <trkpt lat="54.05817278" lon="13.99829945">
        <ele>6.230769</ele>
        <time>2026-07-01T20:44:35.694Z</time>
      </trkpt>
      <trkpt lat="54.05816473" lon="13.99837306">
        <ele>5.996953</ele>
        <time>2026-07-01T20:44:36.731Z</time>
      </trkpt>
      <trkpt lat="54.05828056" lon="13.99794973">
        <ele>4.538462</ele>
        <time>2026-07-01T20:44:43.199Z</time>
      </trkpt>
      <trkpt lat="54.05856973" lon="13.99727973">
        <ele>3.153846</ele>
        <time>2026-07-01T20:44:54.722Z</time>
      </trkpt>
      <trkpt lat="54.05882695" lon="13.99663139">
        <ele>2.384615</ele>
        <time>2026-07-01T20:45:05.566Z</time>
      </trkpt>
      <trkpt lat="54.05868056" lon="13.99660167">
        <ele>1.615385</ele>
        <time>2026-07-01T20:45:09.041Z</time>
      </trkpt>
      <trkpt lat="54.05991834" lon="13.99356112">
        <ele>1.153846</ele>
        <time>2026-07-01T20:46:00.314Z</time>
      </trkpt>
      <trkpt lat="54.06176195" lon="13.98875973">
        <ele>1.153846</ele>
        <time>2026-07-01T20:47:19.818Z</time>
      </trkpt>
      <trkpt lat="54.06222806" lon="13.98728167">
        <ele>1.076923</ele>
        <time>2026-07-01T20:47:43.072Z</time>
      </trkpt>
      <trkpt lat="54.06329473" lon="13.98305223">
        <ele>1.461538</ele>
        <time>2026-07-01T20:48:46.879Z</time>
      </trkpt>
      <trkpt lat="54.06424167" lon="13.97938528">
        <ele>2</ele>
        <time>2026-07-01T20:49:42.406Z</time>
      </trkpt>
      <trkpt lat="54.06551889" lon="13.97446445">
        <ele>2.230769</ele>
        <time>2026-07-01T20:50:56.98Z</time>
      </trkpt>
      <trkpt lat="54.06652834" lon="13.970555">
        <ele>2.615385</ele>
        <time>2026-07-01T20:51:56.175Z</time>
      </trkpt>
      <trkpt lat="54.067015" lon="13.96858">
        <ele>2.923077</ele>
        <time>2026-07-01T20:52:25.863Z</time>
      </trkpt>
      <trkpt lat="54.06714834" lon="13.96875528">
        <ele>3</ele>
        <time>2026-07-01T20:52:29.834Z</time>
      </trkpt>
      <trkpt lat="54.06776167" lon="13.96802917">
        <ele>2.692308</ele>
        <time>2026-07-01T20:52:47.45Z</time>
      </trkpt>
      <trkpt lat="54.06846306" lon="13.96720751">
        <ele>2.692308</ele>
        <time>2026-07-01T20:53:07.527Z</time>
      </trkpt>
      <trkpt lat="54.06930945" lon="13.96670528">
        <ele>2.615385</ele>
        <time>2026-07-01T20:53:28.657Z</time>
      </trkpt>
      <trkpt lat="54.06940306" lon="13.96623306">
        <ele>2.846154</ele>
        <time>2026-07-01T20:53:35.558Z</time>
      </trkpt>
      <trkpt lat="54.06967362" lon="13.96412889">
        <ele>3.923077</ele>
        <time>2026-07-01T20:54:05.418Z</time>
      </trkpt>
      <trkpt lat="54.06958028" lon="13.96287417">
        <ele>5</ele>
        <time>2026-07-01T20:54:22.951Z</time>
      </trkpt>
      <trkpt lat="54.06927362" lon="13.96125806">
        <ele>6</ele>
        <time>2026-07-01T20:54:46.493Z</time>
      </trkpt>
      <trkpt lat="54.06891806" lon="13.96124028">
        <ele>6.769231</ele>
        <time>2026-07-01T20:54:54.877Z</time>
      </trkpt>
      <trkpt lat="54.06884723" lon="13.96009473">
        <ele>6.923077</ele>
        <time>2026-07-01T20:55:10.846Z</time>
      </trkpt>
      <trkpt lat="54.06888862" lon="13.95909667">
        <ele>7.769231</ele>
        <time>2026-07-01T20:55:24.717Z</time>
      </trkpt>
      <trkpt lat="54.06929917" lon="13.95648889">
        <ele>9.230769</ele>
        <time>2026-07-01T20:56:02.143Z</time>
      </trkpt>
      <trkpt lat="54.06933667" lon="13.95588001">
        <ele>9.615385</ele>
        <time>2026-07-01T20:56:10.63Z</time>
      </trkpt>
      <trkpt lat="54.06936639" lon="13.95480973">
        <ele>9.615385</ele>
        <time>2026-07-01T20:56:25.484Z</time>
      </trkpt>
      <trkpt lat="54.06940945" lon="13.95322473">
        <ele>10</ele>
        <time>2026-07-01T20:56:47.481Z</time>
      </trkpt>
      <trkpt lat="54.06938167" lon="13.95259056">
        <ele>10.15385</ele>
        <time>2026-07-01T20:56:56.297Z</time>
      </trkpt>
      <trkpt lat="54.06932362" lon="13.95186806">
        <ele>10.92308</ele>
        <time>2026-07-01T20:57:06.406Z</time>
      </trkpt>
      <trkpt lat="54.06945778" lon="13.95096223">
        <ele>11.38461</ele>
        <time>2026-07-01T20:57:19.356Z</time>
      </trkpt>
      <trkpt lat="54.06963778" lon="13.95018917">
        <ele>11.30769</ele>
        <time>2026-07-01T20:57:30.883Z</time>
      </trkpt>
      <trkpt lat="54.06967195" lon="13.9480375">
        <ele>11.23077</ele>
        <time>2026-07-01T20:58:00.723Z</time>
      </trkpt>
      <trkpt lat="54.06976001" lon="13.94738195">
        <ele>11.46154</ele>
        <time>2026-07-01T20:58:10.045Z</time>
      </trkpt>
      <trkpt lat="54.06996195" lon="13.94629556">
        <ele>11.53846</ele>
        <time>2026-07-01T20:58:25.84Z</time>
      </trkpt>
      <trkpt lat="54.0702875" lon="13.94588834">
        <ele>11.92308</ele>
        <time>2026-07-01T20:58:35.363Z</time>
      </trkpt>
      <trkpt lat="54.07055389" lon="13.94548334">
        <ele>11.53846</ele>
        <time>2026-07-01T20:58:43.782Z</time>
      </trkpt>
      <trkpt lat="54.07086334" lon="13.94390612">
        <ele>10.69231</ele>
        <time>2026-07-01T20:59:06.832Z</time>
      </trkpt>
      <trkpt lat="54.07112334" lon="13.94235973">
        <ele>11.46154</ele>
        <time>2026-07-01T20:59:29.128Z</time>
      </trkpt>
      <trkpt lat="54.07127945" lon="13.94147889">
        <ele>12.53846</ele>
        <time>2026-07-01T20:59:41.881Z</time>
      </trkpt>
      <trkpt lat="54.07122528" lon="13.94086278">
        <ele>13.07692</ele>
        <time>2026-07-01T20:59:50.517Z</time>
      </trkpt>
      <trkpt lat="54.07113195" lon="13.94040278">
        <ele>13.38461</ele>
        <time>2026-07-01T20:59:57.256Z</time>
      </trkpt>
      <trkpt lat="54.07129667" lon="13.93958556">
        <ele>12.92308</ele>
        <time>2026-07-01T21:00:09.232Z</time>
      </trkpt>
      <trkpt lat="54.07142806" lon="13.93880917">
        <ele>13</ele>
        <time>2026-07-01T21:00:20.432Z</time>
      </trkpt>
      <trkpt lat="54.07190473" lon="13.93649639">
        <ele>12.92308</ele>
        <time>2026-07-01T21:00:54.405Z</time>
      </trkpt>
      <trkpt lat="54.07264501" lon="13.93285167">
        <ele>12.23077</ele>
        <time>2026-07-01T21:01:47.858Z</time>
      </trkpt>
      <trkpt lat="54.07392473" lon="13.92692639">
        <ele>11</ele>
        <time>2026-07-01T21:03:15.359Z</time>
      </trkpt>
      <trkpt lat="54.07407778" lon="13.92613973">
        <ele>10</ele>
        <time>2026-07-01T21:03:26.845Z</time>
      </trkpt>
      <trkpt lat="54.07433917" lon="13.92579556">
        <ele>9.384615</ele>
        <time>2026-07-01T21:03:34.634Z</time>
      </trkpt>
      <trkpt lat="54.07468778" lon="13.92550306">
        <ele>9</ele>
        <time>2026-07-01T21:03:43.795Z</time>
      </trkpt>
      <trkpt lat="54.07548945" lon="13.92599723">
        <ele>8.076923</ele>
        <time>2026-07-01T21:04:03.892Z</time>
      </trkpt>
      <trkpt lat="54.07601778" lon="13.9265575">
        <ele>6.615385</ele>
        <time>2026-07-01T21:04:18.568Z</time>
      </trkpt>
      <trkpt lat="54.07660917" lon="13.92682278">
        <ele>5.230769</ele>
        <time>2026-07-01T21:04:32.983Z</time>
      </trkpt>
      <trkpt lat="54.07696167" lon="13.92719612">
        <ele>4.153846</ele>
        <time>2026-07-01T21:04:42.768Z</time>
      </trkpt>
      <trkpt lat="54.07721028" lon="13.92661556">
        <ele>3.769231</ele>
        <time>2026-07-01T21:04:52.723Z</time>
      </trkpt>
      <trkpt lat="54.07810306" lon="13.92405945">
        <ele>3.769231</ele>
        <time>2026-07-01T21:05:33.931Z</time>
      </trkpt>
      <trkpt lat="54.0785225" lon="13.92273834">
        <ele>3.307692</ele>
        <time>2026-07-01T21:05:54.741Z</time>
      </trkpt>
      <trkpt lat="54.07850834" lon="13.92279112">
        <ele>3.172411</ele>
        <time>2026-07-01T21:05:55.544Z</time>
      </trkpt>
      <trkpt lat="54.07858278" lon="13.92258862">
        <ele>2.615385</ele>
        <time>2026-07-01T21:05:58.851Z</time>
      </trkpt>
      <trkpt lat="54.07888278" lon="13.92165695">
        <ele>2.923077</ele>
        <time>2026-07-01T21:06:13.574Z</time>
      </trkpt>
      <trkpt lat="54.07956528" lon="13.91968056">
        <ele>3.153846</ele>
        <time>2026-07-01T21:06:45.342Z</time>
      </trkpt>
      <trkpt lat="54.08039028" lon="13.91732167">
        <ele>3.461539</ele>
        <time>2026-07-01T21:07:23.382Z</time>
      </trkpt>
      <trkpt lat="54.08075139" lon="13.91594473">
        <ele>4.076923</ele>
        <time>2026-07-01T21:07:44.278Z</time>
      </trkpt>
      <trkpt lat="54.08112973" lon="13.91467806">
        <ele>4.923077</ele>
        <time>2026-07-01T21:08:03.969Z</time>
      </trkpt>
      <trkpt lat="54.08122501" lon="13.91481445">
        <ele>5.692307</ele>
        <time>2026-07-01T21:08:06.903Z</time>
      </trkpt>
      <trkpt lat="54.08179695" lon="13.91313612">
        <ele>6.461538</ele>
        <time>2026-07-01T21:08:33.788Z</time>
      </trkpt>
      <trkpt lat="54.08234417" lon="13.91152667">
        <ele>7.153846</ele>
        <time>2026-07-01T21:08:59.555Z</time>
      </trkpt>
      <trkpt lat="54.08281112" lon="13.91029">
        <ele>7.692307</ele>
        <time>2026-07-01T21:09:19.924Z</time>
      </trkpt>
      <trkpt lat="54.08410973" lon="13.90679778">
        <ele>8.076923</ele>
        <time>2026-07-01T21:10:17.189Z</time>
      </trkpt>
      <trkpt lat="54.08444473" lon="13.90626945">
        <ele>8.538462</ele>
        <time>2026-07-01T21:10:27.957Z</time>
      </trkpt>
      <trkpt lat="54.08472945" lon="13.90551195">
        <ele>9</ele>
        <time>2026-07-01T21:10:40.417Z</time>
      </trkpt>
      <trkpt lat="54.08568917" lon="13.90321973">
        <ele>9.153846</ele>
        <time>2026-07-01T21:11:19.415Z</time>
      </trkpt>
      <trkpt lat="54.08637084" lon="13.90146584">
        <ele>9.384615</ele>
        <time>2026-07-01T21:11:48.551Z</time>
      </trkpt>
      <trkpt lat="54.08690306" lon="13.90001195">
        <ele>9.692307</ele>
        <time>2026-07-01T21:12:12.285Z</time>
      </trkpt>
      <trkpt lat="54.08757889" lon="13.89820528">
        <ele>9.538462</ele>
        <time>2026-07-01T21:12:41.959Z</time>
      </trkpt>
      <trkpt lat="54.08884612" lon="13.89524028">
        <ele>9</ele>
        <time>2026-07-01T21:13:32.756Z</time>
      </trkpt>
      <trkpt lat="54.09099473" lon="13.89033417">
        <ele>8.307693</ele>
        <time>2026-07-01T21:14:57.529Z</time>
      </trkpt>
      <trkpt lat="54.09243362" lon="13.88724973">
        <ele>7.692307</ele>
        <time>2026-07-01T21:15:52.089Z</time>
      </trkpt>
      <trkpt lat="54.093255" lon="13.88534417">
        <ele>7.230769</ele>
        <time>2026-07-01T21:16:24.83Z</time>
      </trkpt>
      <trkpt lat="54.09472473" lon="13.88240223">
        <ele>6.769231</ele>
        <time>2026-07-01T21:17:18.324Z</time>
      </trkpt>
      <trkpt lat="54.095445" lon="13.88100917">
        <ele>6.846154</ele>
        <time>2026-07-01T21:17:44.029Z</time>
      </trkpt>
      <trkpt lat="54.09547778" lon="13.88049945">
        <ele>6.461538</ele>
        <time>2026-07-01T21:17:51.133Z</time>
      </trkpt>
      <trkpt lat="54.09535639" lon="13.88026028">
        <ele>6.076923</ele>
        <time>2026-07-01T21:17:55.508Z</time>
      </trkpt>
      <trkpt lat="54.09534862" lon="13.87964028">
        <ele>5.692307</ele>
        <time>2026-07-01T21:18:04.1Z</time>
      </trkpt>
      <trkpt lat="54.09533278" lon="13.87910056">
        <ele>6.230769</ele>
        <time>2026-07-01T21:18:11.587Z</time>
      </trkpt>
      <trkpt lat="54.09524584" lon="13.87860889">
        <ele>5.923077</ele>
        <time>2026-07-01T21:18:18.693Z</time>
      </trkpt>
      <trkpt lat="54.09440862" lon="13.87691778">
        <ele>5.692307</ele>
        <time>2026-07-01T21:18:49.327Z</time>
      </trkpt>
      <trkpt lat="54.09359362" lon="13.87568528">
        <ele>5.461538</ele>
        <time>2026-07-01T21:19:15.03Z</time>
      </trkpt>
      <trkpt lat="54.09270278" lon="13.87448667">
        <ele>6.230769</ele>
        <time>2026-07-01T21:19:41.802Z</time>
      </trkpt>
      <trkpt lat="54.09269667" lon="13.87443389">
        <ele>6.247479</ele>
        <time>2026-07-01T21:19:42.547Z</time>
      </trkpt>
      <trkpt lat="54.0945" lon="13.87094334">
        <ele>7.692307</ele>
        <time>2026-07-01T21:20:46.935Z</time>
      </trkpt>
      <trkpt lat="54.09847445" lon="13.86325945">
        <ele>8.384615</ele>
        <time>2026-07-01T21:23:08.742Z</time>
      </trkpt>
      <trkpt lat="54.09929417" lon="13.86175973">
        <ele>9.307693</ele>
        <time>2026-07-01T21:23:37.114Z</time>
      </trkpt>
      <trkpt lat="54.10013639" lon="13.86061778">
        <ele>9.538462</ele>
        <time>2026-07-01T21:24:02.498Z</time>
      </trkpt>
      <trkpt lat="54.10180445" lon="13.8583825">
        <ele>10.30769</ele>
        <time>2026-07-01T21:24:52.545Z</time>
      </trkpt>
      <trkpt lat="54.10272584" lon="13.85696667">
        <ele>10.92308</ele>
        <time>2026-07-01T21:25:21.808Z</time>
      </trkpt>
      <trkpt lat="54.10325112" lon="13.85646306">
        <ele>11.69231</ele>
        <time>2026-07-01T21:25:36.019Z</time>
      </trkpt>
      <trkpt lat="54.10395973" lon="13.85555362">
        <ele>11.76923</ele>
        <time>2026-07-01T21:25:56.94Z</time>
      </trkpt>
      <trkpt lat="54.10641612" lon="13.85233889">
        <ele>12.76923</ele>
        <time>2026-07-01T21:27:09.982Z</time>
      </trkpt>
      <trkpt lat="54.10719584" lon="13.85143167">
        <ele>13.38461</ele>
        <time>2026-07-01T21:27:32.246Z</time>
      </trkpt>
      <trkpt lat="54.10858945" lon="13.85227973">
        <ele>14.23077</ele>
        <time>2026-07-01T21:28:07.132Z</time>
      </trkpt>
      <trkpt lat="54.10909556" lon="13.85169834">
        <ele>14</ele>
        <time>2026-07-01T21:28:21.525Z</time>
      </trkpt>
      <trkpt lat="54.10950028" lon="13.85187223">
        <ele>13.38461</ele>
        <time>2026-07-01T21:28:31.363Z</time>
      </trkpt>
      <trkpt lat="54.10988" lon="13.85228028">
        <ele>12.69231</ele>
        <time>2026-07-01T21:28:41.945Z</time>
      </trkpt>
      <trkpt lat="54.11028167" lon="13.85317112">
        <ele>12.61539</ele>
        <time>2026-07-01T21:28:57.497Z</time>
      </trkpt>
      <trkpt lat="54.11054945" lon="13.85372167">
        <ele>11.61539</ele>
        <time>2026-07-01T21:29:07.395Z</time>
      </trkpt>
      <trkpt lat="54.11077834" lon="13.85368195">
        <ele>10.69231</ele>
        <time>2026-07-01T21:29:12.818Z</time>
      </trkpt>
      <trkpt lat="54.11167695" lon="13.85270612">
        <ele>9.615385</ele>
        <time>2026-07-01T21:29:37.943Z</time>
      </trkpt>
      <trkpt lat="54.11355473" lon="13.85042639">
        <ele>8.846154</ele>
        <time>2026-07-01T21:30:32.311Z</time>
      </trkpt>
      <trkpt lat="54.11662445" lon="13.84627862">
        <ele>8</ele>
        <time>2026-07-01T21:32:04.694Z</time>
      </trkpt>
      <trkpt lat="54.11851473" lon="13.84372806">
        <ele>7.923077</ele>
        <time>2026-07-01T21:33:01.55Z</time>
      </trkpt>
      <trkpt lat="54.12120473" lon="13.84025056">
        <ele>7.461538</ele>
        <time>2026-07-01T21:34:21.167Z</time>
      </trkpt>
      <trkpt lat="54.12117084" lon="13.84023306">
        <ele>7.391177</ele>
        <time>2026-07-01T21:34:22.002Z</time>
      </trkpt>
      <trkpt lat="54.12069584" lon="13.83886417">
        <ele>5.538462</ele>
        <time>2026-07-01T21:34:44.016Z</time>
      </trkpt>
      <trkpt lat="54.11985501" lon="13.83695278">
        <ele>4.923077</ele>
        <time>2026-07-01T21:35:17.08Z</time>
      </trkpt>
      <trkpt lat="54.11907251" lon="13.83549306">
        <ele>4.769231</ele>
        <time>2026-07-01T21:35:44.443Z</time>
      </trkpt>
      <trkpt lat="54.11820001" lon="13.83379056">
        <ele>4.769231</ele>
        <time>2026-07-01T21:36:15.727Z</time>
      </trkpt>
      <trkpt lat="54.11779723" lon="13.83257445">
        <ele>3.923077</ele>
        <time>2026-07-01T21:36:35.059Z</time>
      </trkpt>
      <trkpt lat="54.11747084" lon="13.83017778">
        <ele>3.846154</ele>
        <time>2026-07-01T21:37:09.127Z</time>
      </trkpt>
      <trkpt lat="54.11720973" lon="13.83023473">
        <ele>3.769231</ele>
        <time>2026-07-01T21:37:15.332Z</time>
      </trkpt>
      <trkpt lat="54.11711028" lon="13.82900667">
        <ele>3.846154</ele>
        <time>2026-07-01T21:37:32.498Z</time>
      </trkpt>
      <trkpt lat="54.11736528" lon="13.82925445">
        <ele>3.769231</ele>
        <time>2026-07-01T21:37:39.417Z</time>
      </trkpt>
      <trkpt lat="54.1171325" lon="13.82765528">
        <ele>3.769231</ele>
        <time>2026-07-01T21:38:02.231Z</time>
      </trkpt>
      <trkpt lat="54.11695973" lon="13.82684028">
        <ele>3</ele>
        <time>2026-07-01T21:38:14.229Z</time>
      </trkpt>
      <trkpt lat="54.11662112" lon="13.82614695">
        <ele>2.153846</ele>
        <time>2026-07-01T21:38:26.714Z</time>
      </trkpt>
      <trkpt lat="54.11590445" lon="13.82512195">
        <ele>2.076923</ele>
        <time>2026-07-01T21:38:48.778Z</time>
      </trkpt>
      <trkpt lat="54.11543528" lon="13.82405639">
        <ele>1.923077</ele>
        <time>2026-07-01T21:39:07.218Z</time>
      </trkpt>
      <trkpt lat="54.11516417" lon="13.82296639">
        <ele>1.692308</ele>
        <time>2026-07-01T21:39:23.61Z</time>
      </trkpt>
      <trkpt lat="54.11487945" lon="13.82186112">
        <ele>1.461538</ele>
        <time>2026-07-01T21:39:40.323Z</time>
      </trkpt>
      <trkpt lat="54.11432834" lon="13.82027084">
        <ele>1.384615</ele>
        <time>2026-07-01T21:40:05.892Z</time>
      </trkpt>
      <trkpt lat="54.11331612" lon="13.81850001">
        <ele>1.230769</ele>
        <time>2026-07-01T21:40:40.107Z</time>
      </trkpt>
      <trkpt lat="54.11237389" lon="13.81730973">
        <ele>1</ele>
        <time>2026-07-01T21:41:07.765Z</time>
      </trkpt>
      <trkpt lat="54.11104695" lon="13.81465001">
        <ele>0.6923077</ele>
        <time>2026-07-01T21:41:56.088Z</time>
      </trkpt>
      <trkpt lat="54.11113584" lon="13.81436445">
        <ele>0.3076923</ele>
        <time>2026-07-01T21:42:00.56Z</time>
      </trkpt>
      <trkpt lat="54.11146112" lon="13.81397">
        <ele>0</ele>
        <time>2026-07-01T21:42:09.971Z</time>
      </trkpt>
      <trkpt lat="54.11147195" lon="13.81330945">
        <ele>-0.4615385</ele>
        <time>2026-07-01T21:42:19.123Z</time>
      </trkpt>
      <trkpt lat="54.11138223" lon="13.8130425">
        <ele>-0.8461539</ele>
        <time>2026-07-01T21:42:23.379Z</time>
      </trkpt>
      <trkpt lat="54.1115" lon="13.81168139">
        <ele>-0.9230769</ele>
        <time>2026-07-01T21:42:42.433Z</time>
      </trkpt>
      <trkpt lat="54.11261195" lon="13.80564778">
        <ele>-1.076923</ele>
        <time>2026-07-01T21:44:10.008Z</time>
      </trkpt>
      <trkpt lat="54.11363334" lon="13.80014695">
        <ele>-1.230769</ele>
        <time>2026-07-01T21:45:29.902Z</time>
      </trkpt>
      <trkpt lat="54.11423834" lon="13.79673195">
        <ele>-1.384615</ele>
        <time>2026-07-01T21:46:19.298Z</time>
      </trkpt>
      <trkpt lat="54.11571251" lon="13.79441389">
        <ele>-1.461538</ele>
        <time>2026-07-01T21:47:06.604Z</time>
      </trkpt>
      <trkpt lat="54.11789695" lon="13.79096806">
        <ele>-1.461538</ele>
        <time>2026-07-01T21:48:16.804Z</time>
      </trkpt>
      <trkpt lat="54.11954278" lon="13.78835639">
        <ele>-1.384615</ele>
        <time>2026-07-01T21:49:09.84Z</time>
      </trkpt>
      <trkpt lat="54.12019723" lon="13.78727639">
        <ele>-1.307692</ele>
        <time>2026-07-01T21:49:31.325Z</time>
      </trkpt>
      <trkpt lat="54.12008195" lon="13.78692445">
        <ele>-1.153846</ele>
        <time>2026-07-01T21:49:36.9Z</time>
      </trkpt>
      <trkpt lat="54.1200225" lon="13.78662056">
        <ele>-1</ele>
        <time>2026-07-01T21:49:41.33Z</time>
      </trkpt>
      <trkpt lat="54.12011917" lon="13.78587528">
        <ele>-0.8461539</ele>
        <time>2026-07-01T21:49:51.898Z</time>
      </trkpt>
      <trkpt lat="54.12011362" lon="13.78535639">
        <ele>-0.6923077</ele>
        <time>2026-07-01T21:49:59.084Z</time>
      </trkpt>
      <trkpt lat="54.12006306" lon="13.78500389">
        <ele>-0.5384616</ele>
        <time>2026-07-01T21:50:04.103Z</time>
      </trkpt>
      <trkpt lat="54.12005528" lon="13.78461112">
        <ele>-0.3846154</ele>
        <time>2026-07-01T21:50:09.538Z</time>
      </trkpt>
      <trkpt lat="54.12020417" lon="13.78425001">
        <ele>-0.1538462</ele>
        <time>2026-07-01T21:50:15.642Z</time>
      </trkpt>
      <trkpt lat="54.12033334" lon="13.78378139">
        <ele>0.07692308</ele>
        <time>2026-07-01T21:50:22.803Z</time>
      </trkpt>
      <trkpt lat="54.12052556" lon="13.78276056">
        <ele>0.2307692</ele>
        <time>2026-07-01T21:50:37.646Z</time>
      </trkpt>
      <trkpt lat="54.12069528" lon="13.78228028">
        <ele>0.3076923</ele>
        <time>2026-07-01T21:50:45.4Z</time>
      </trkpt>
      <trkpt lat="54.12080862" lon="13.78142889">
        <ele>0.3076923</ele>
        <time>2026-07-01T21:50:57.488Z</time>
      </trkpt>
      <trkpt lat="54.12101195" lon="13.78070917">
        <ele>0.2307692</ele>
        <time>2026-07-01T21:51:08.546Z</time>
      </trkpt>
      <trkpt lat="54.12108889" lon="13.7797725">
        <ele>0.07692308</ele>
        <time>2026-07-01T21:51:21.642Z</time>
      </trkpt>
      <trkpt lat="54.12126139" lon="13.77883278">
        <ele>0.07692308</ele>
        <time>2026-07-01T21:51:35.274Z</time>
      </trkpt>
      <trkpt lat="54.12142917" lon="13.7779575">
        <ele>0.07692308</ele>
        <time>2026-07-01T21:51:48.022Z</time>
      </trkpt>
      <trkpt lat="54.12175723" lon="13.77735862">
        <ele>0</ele>
        <time>2026-07-01T21:51:59.36Z</time>
      </trkpt>
      <trkpt lat="54.12216778" lon="13.77717667">
        <ele>0</ele>
        <time>2026-07-01T21:52:09.359Z</time>
      </trkpt>
      <trkpt lat="54.12300834" lon="13.77721028">
        <ele>0</ele>
        <time>2026-07-01T21:52:29.177Z</time>
      </trkpt>
      <trkpt lat="54.12322834" lon="13.77745278">
        <ele>-0.07692308</ele>
        <time>2026-07-01T21:52:35.353Z</time>
      </trkpt>
      <trkpt lat="54.12366695" lon="13.77740806">
        <ele>-0.1538462</ele>
        <time>2026-07-01T21:52:45.71Z</time>
      </trkpt>
      <trkpt lat="54.12511889" lon="13.77780778">
        <ele>-0.2307692</ele>
        <time>2026-07-01T21:53:20.377Z</time>
      </trkpt>
      <trkpt lat="54.12573945" lon="13.77798473">
        <ele>-0.07692308</ele>
        <time>2026-07-01T21:53:35.207Z</time>
      </trkpt>
      <trkpt lat="54.12676389" lon="13.77776501">
        <ele>0.1538462</ele>
        <time>2026-07-01T21:53:59.544Z</time>
      </trkpt>
      <trkpt lat="54.12734306" lon="13.77738667">
        <ele>0.3846154</ele>
        <time>2026-07-01T21:54:14.164Z</time>
      </trkpt>
      <trkpt lat="54.12890584" lon="13.77655306">
        <ele>0.5384616</ele>
        <time>2026-07-01T21:54:52.766Z</time>
      </trkpt>
      <trkpt lat="54.13229223" lon="13.77448806">
        <ele>0.7692308</ele>
        <time>2026-07-01T21:56:17.551Z</time>
      </trkpt>
      <trkpt lat="54.13363667" lon="13.77377362">
        <ele>0.7692308</ele>
        <time>2026-07-01T21:56:50.748Z</time>
      </trkpt>
      <trkpt lat="54.13509084" lon="13.77379723">
        <ele>0.7692308</ele>
        <time>2026-07-01T21:57:25.026Z</time>
      </trkpt>
      <trkpt lat="54.13598445" lon="13.77344112">
        <ele>1.076923</ele>
        <time>2026-07-01T21:57:46.657Z</time>
      </trkpt>
      <trkpt lat="54.13590584" lon="13.77338862">
        <ele>1.272727</ele>
        <time>2026-07-01T21:57:48.647Z</time>
      </trkpt>
      <trkpt lat="54.13634528" lon="13.77417612">
        <ele>1.555556</ele>
        <time>2026-07-01T21:58:03.684Z</time>
      </trkpt>
      <trkpt lat="54.13773723" lon="13.77636362">
        <ele>1.714286</ele>
        <time>2026-07-01T21:58:48.329Z</time>
      </trkpt>
      <trkpt lat="54.13847612" lon="13.77743945">
        <ele>1.2</ele>
        <time>2026-07-01T21:59:11.243Z</time>
      </trkpt>
      <trkpt lat="54.13877556" lon="13.77793334">
        <ele>1.333333</ele>
        <time>2026-07-01T21:59:21.063Z</time>
      </trkpt>
      <trkpt lat="54.13891334" lon="13.77326306">
        <ele>4</ele>
        <time>2026-07-01T22:00:25.783Z</time>
      </trkpt>
    </trkseg>
  </trk>
</gpx>
