<?xml version="1.0" encoding="UTF-8"?>
<gpx  version="1.1"  creator="Verlag Esterbauer" xmlns:xsi="http://www.w3.org/2001/XMLSchema-instance" xmlns="http://www.topografix.com/GPX/1/1"  xsi:schemaLocation="http://www.topografix.com/GPX/1/1 http://www.topografix.com/GPX/1/1/gpx.xsd">
  <trk>
    <name>01 Berlin-Prenzlau</name>
    <cmt>by Verlag Esterbauer</cmt>
    <trkseg>
      <trkpt lat="52.51769862" lon="13.39933334">
        <ele>33</ele>
        <time>2026-07-01T02:00:00Z</time>
      </trkpt>
      <trkpt lat="52.51832028" lon="13.40104389">
        <ele>34.66667</ele>
        <time>2026-07-01T02:00:28.622Z</time>
      </trkpt>
      <trkpt lat="52.51897917" lon="13.40029417">
        <ele>34.8</ele>
        <time>2026-07-01T02:00:47.522Z</time>
      </trkpt>
      <trkpt lat="52.52010139" lon="13.39910667">
        <ele>36.28571</ele>
        <time>2026-07-01T02:01:18.997Z</time>
      </trkpt>
      <trkpt lat="52.52034223" lon="13.39982362">
        <ele>35.77778</ele>
        <time>2026-07-01T02:01:30.762Z</time>
      </trkpt>
      <trkpt lat="52.52073556" lon="13.40075028">
        <ele>35.45454</ele>
        <time>2026-07-01T02:01:46.99Z</time>
      </trkpt>
      <trkpt lat="52.52092917" lon="13.40148417">
        <ele>36.07692</ele>
        <time>2026-07-01T02:01:58.483Z</time>
      </trkpt>
      <trkpt lat="52.52141001" lon="13.40289528">
        <ele>36.53846</ele>
        <time>2026-07-01T02:02:21.717Z</time>
      </trkpt>
      <trkpt lat="52.52161723" lon="13.40353306">
        <ele>37.53846</ele>
        <time>2026-07-01T02:02:32.104Z</time>
      </trkpt>
      <trkpt lat="52.52195695" lon="13.40455362">
        <ele>38.30769</ele>
        <time>2026-07-01T02:02:48.816Z</time>
      </trkpt>
      <trkpt lat="52.52211389" lon="13.40471445">
        <ele>38.46154</ele>
        <time>2026-07-01T02:02:53.176Z</time>
      </trkpt>
      <trkpt lat="52.52245028" lon="13.40584278">
        <ele>39.38462</ele>
        <time>2026-07-01T02:03:11.228Z</time>
      </trkpt>
      <trkpt lat="52.52280917" lon="13.40662612">
        <ele>40.07692</ele>
        <time>2026-07-01T02:03:25.31Z</time>
      </trkpt>
      <trkpt lat="52.52298473" lon="13.40686">
        <ele>40.53846</ele>
        <time>2026-07-01T02:03:30.638Z</time>
      </trkpt>
      <trkpt lat="52.52348556" lon="13.40718889">
        <ele>42</ele>
        <time>2026-07-01T02:03:43.349Z</time>
      </trkpt>
      <trkpt lat="52.52454862" lon="13.40790473">
        <ele>43.46154</ele>
        <time>2026-07-01T02:04:10.43Z</time>
      </trkpt>
      <trkpt lat="52.52686695" lon="13.40885251">
        <ele>44.69231</ele>
        <time>2026-07-01T02:05:06.733Z</time>
      </trkpt>
      <trkpt lat="52.52821167" lon="13.40950306">
        <ele>45.69231</ele>
        <time>2026-07-01T02:05:39.771Z</time>
      </trkpt>
      <trkpt lat="52.52825334" lon="13.40895389">
        <ele>46.15385</ele>
        <time>2026-07-01T02:05:47.724Z</time>
      </trkpt>
      <trkpt lat="52.52889612" lon="13.40956167">
        <ele>47.07692</ele>
        <time>2026-07-01T02:06:05.209Z</time>
      </trkpt>
      <trkpt lat="52.52962695" lon="13.41007278">
        <ele>47.92308</ele>
        <time>2026-07-01T02:06:23.932Z</time>
      </trkpt>
      <trkpt lat="52.53001362" lon="13.41042112">
        <ele>48.07692</ele>
        <time>2026-07-01T02:06:34.325Z</time>
      </trkpt>
      <trkpt lat="52.5305525" lon="13.41106806">
        <ele>48.76923</ele>
        <time>2026-07-01T02:06:50.063Z</time>
      </trkpt>
      <trkpt lat="52.53111306" lon="13.41181195">
        <ele>50.15385</ele>
        <time>2026-07-01T02:07:07.056Z</time>
      </trkpt>
      <trkpt lat="52.53127806" lon="13.41208223">
        <ele>51.23077</ele>
        <time>2026-07-01T02:07:12.548Z</time>
      </trkpt>
      <trkpt lat="52.53179362" lon="13.41230862">
        <ele>52.61538</ele>
        <time>2026-07-01T02:07:25.124Z</time>
      </trkpt>
      <trkpt lat="52.53248501" lon="13.41248445">
        <ele>53.46154</ele>
        <time>2026-07-01T02:07:41.611Z</time>
      </trkpt>
      <trkpt lat="52.53259778" lon="13.41255167">
        <ele>54.76923</ele>
        <time>2026-07-01T02:07:44.438Z</time>
      </trkpt>
      <trkpt lat="52.53282612" lon="13.4119075">
        <ele>55.46154</ele>
        <time>2026-07-01T02:07:55.145Z</time>
      </trkpt>
      <trkpt lat="52.53334251" lon="13.410725">
        <ele>56.30769</ele>
        <time>2026-07-01T02:08:16.045Z</time>
      </trkpt>
      <trkpt lat="52.53372723" lon="13.40958334">
        <ele>57.15385</ele>
        <time>2026-07-01T02:08:34.789Z</time>
      </trkpt>
      <trkpt lat="52.53427473" lon="13.4082075">
        <ele>57.46154</ele>
        <time>2026-07-01T02:08:58.397Z</time>
      </trkpt>
      <trkpt lat="52.53465806" lon="13.40732695">
        <ele>57.53846</ele>
        <time>2026-07-01T02:09:13.944Z</time>
      </trkpt>
      <trkpt lat="52.53597417" lon="13.40653889">
        <ele>57.46154</ele>
        <time>2026-07-01T02:09:46.96Z</time>
      </trkpt>
      <trkpt lat="52.53666889" lon="13.40616056">
        <ele>57.38462</ele>
        <time>2026-07-01T02:10:04.208Z</time>
      </trkpt>
      <trkpt lat="52.53911667" lon="13.40483945">
        <ele>56.84615</ele>
        <time>2026-07-01T02:11:04.932Z</time>
      </trkpt>
      <trkpt lat="52.53974612" lon="13.40454084">
        <ele>56.30769</ele>
        <time>2026-07-01T02:11:20.371Z</time>
      </trkpt>
      <trkpt lat="52.54011139" lon="13.40439584">
        <ele>55.61538</ele>
        <time>2026-07-01T02:11:29.226Z</time>
      </trkpt>
      <trkpt lat="52.54021362" lon="13.40440139">
        <ele>55.07692</ele>
        <time>2026-07-01T02:11:31.636Z</time>
      </trkpt>
      <trkpt lat="52.54042528" lon="13.40464167">
        <ele>54.15385</ele>
        <time>2026-07-01T02:11:37.699Z</time>
      </trkpt>
      <trkpt lat="52.54054556" lon="13.40445223">
        <ele>52.30769</ele>
        <time>2026-07-01T02:11:41.626Z</time>
      </trkpt>
      <trkpt lat="52.54067556" lon="13.40427362">
        <ele>51.38462</ele>
        <time>2026-07-01T02:11:45.62Z</time>
      </trkpt>
      <trkpt lat="52.54267362" lon="13.40318306">
        <ele>50.61538</ele>
        <time>2026-07-01T02:12:35.242Z</time>
      </trkpt>
      <trkpt lat="52.54643389" lon="13.40130473">
        <ele>50.07692</ele>
        <time>2026-07-01T02:14:07.869Z</time>
      </trkpt>
      <trkpt lat="52.54668528" lon="13.40120612">
        <ele>50.53846</ele>
        <time>2026-07-01T02:14:13.96Z</time>
      </trkpt>
      <trkpt lat="52.54866556" lon="13.40046501">
        <ele>50.76923</ele>
        <time>2026-07-01T02:15:01.824Z</time>
      </trkpt>
      <trkpt lat="52.54904639" lon="13.4003375">
        <ele>50.84615</ele>
        <time>2026-07-01T02:15:10.983Z</time>
      </trkpt>
      <trkpt lat="52.550585" lon="13.39976195">
        <ele>50.92308</ele>
        <time>2026-07-01T02:15:48.171Z</time>
      </trkpt>
      <trkpt lat="52.55097056" lon="13.39962001">
        <ele>51.23077</ele>
        <time>2026-07-01T02:15:57.482Z</time>
      </trkpt>
      <trkpt lat="52.55110695" lon="13.39957195">
        <ele>51.46154</ele>
        <time>2026-07-01T02:16:00.769Z</time>
      </trkpt>
      <trkpt lat="52.55117639" lon="13.40027945">
        <ele>51.76923</ele>
        <time>2026-07-01T02:16:11.063Z</time>
      </trkpt>
      <trkpt lat="52.55109917" lon="13.400295">
        <ele>51.84615</ele>
        <time>2026-07-01T02:16:12.896Z</time>
      </trkpt>
      <trkpt lat="52.55065917" lon="13.40044584">
        <ele>52.38462</ele>
        <time>2026-07-01T02:16:23.488Z</time>
      </trkpt>
      <trkpt lat="52.55062639" lon="13.40028001">
        <ele>52.84615</ele>
        <time>2026-07-01T02:16:25.989Z</time>
      </trkpt>
      <trkpt lat="52.55109167" lon="13.40001862">
        <ele>52.76923</ele>
        <time>2026-07-01T02:16:37.577Z</time>
      </trkpt>
      <trkpt lat="52.55139084" lon="13.39991056">
        <ele>52.61538</ele>
        <time>2026-07-01T02:16:44.795Z</time>
      </trkpt>
      <trkpt lat="52.55161139" lon="13.39998084">
        <ele>52.46154</ele>
        <time>2026-07-01T02:16:50.089Z</time>
      </trkpt>
      <trkpt lat="52.55209251" lon="13.39969889">
        <ele>51.76923</ele>
        <time>2026-07-01T02:17:02.126Z</time>
      </trkpt>
      <trkpt lat="52.55263278" lon="13.39946556">
        <ele>51.07692</ele>
        <time>2026-07-01T02:17:15.29Z</time>
      </trkpt>
      <trkpt lat="52.55441834" lon="13.39892334">
        <ele>50.84615</ele>
        <time>2026-07-01T02:17:58.081Z</time>
      </trkpt>
      <trkpt lat="52.55505028" lon="13.39887612">
        <ele>50.69231</ele>
        <time>2026-07-01T02:18:12.988Z</time>
      </trkpt>
      <trkpt lat="52.55521528" lon="13.39884556">
        <ele>50.53846</ele>
        <time>2026-07-01T02:18:16.901Z</time>
      </trkpt>
      <trkpt lat="52.55575473" lon="13.39889362">
        <ele>50.30769</ele>
        <time>2026-07-01T02:18:29.632Z</time>
      </trkpt>
      <trkpt lat="52.55685973" lon="13.39880473">
        <ele>50.23077</ele>
        <time>2026-07-01T02:18:55.702Z</time>
      </trkpt>
      <trkpt lat="52.55773167" lon="13.39901612">
        <ele>50.07692</ele>
        <time>2026-07-01T02:19:16.472Z</time>
      </trkpt>
      <trkpt lat="52.55847362" lon="13.39941334">
        <ele>49.69231</ele>
        <time>2026-07-01T02:19:34.861Z</time>
      </trkpt>
      <trkpt lat="52.55844278" lon="13.39946528">
        <ele>49.69231</ele>
        <time>2026-07-01T02:19:35.902Z</time>
      </trkpt>
      <trkpt lat="52.55863584" lon="13.40001112">
        <ele>49.84615</ele>
        <time>2026-07-01T02:19:44.966Z</time>
      </trkpt>
      <trkpt lat="52.55899667" lon="13.40046806">
        <ele>49.76923</ele>
        <time>2026-07-01T02:19:55.702Z</time>
      </trkpt>
      <trkpt lat="52.55973167" lon="13.40160195">
        <ele>49.92308</ele>
        <time>2026-07-01T02:20:19.475Z</time>
      </trkpt>
      <trkpt lat="52.56059473" lon="13.40292306">
        <ele>50.23077</ele>
        <time>2026-07-01T02:20:47.289Z</time>
      </trkpt>
      <trkpt lat="52.56143334" lon="13.40420945">
        <ele>51</ele>
        <time>2026-07-01T02:21:14.341Z</time>
      </trkpt>
      <trkpt lat="52.56147139" lon="13.40422778">
        <ele>51.53846</ele>
        <time>2026-07-01T02:21:15.275Z</time>
      </trkpt>
      <trkpt lat="52.56193445" lon="13.40343056">
        <ele>52</ele>
        <time>2026-07-01T02:21:31.091Z</time>
      </trkpt>
      <trkpt lat="52.56230028" lon="13.40277862">
        <ele>52.38462</ele>
        <time>2026-07-01T02:21:43.818Z</time>
      </trkpt>
      <trkpt lat="52.56268751" lon="13.40279584">
        <ele>52.92308</ele>
        <time>2026-07-01T02:21:52.946Z</time>
      </trkpt>
      <trkpt lat="52.56389528" lon="13.40269445">
        <ele>53.15385</ele>
        <time>2026-07-01T02:22:21.444Z</time>
      </trkpt>
      <trkpt lat="52.56566528" lon="13.40253528">
        <ele>53.46154</ele>
        <time>2026-07-01T02:23:03.216Z</time>
      </trkpt>
      <trkpt lat="52.56664639" lon="13.40233556">
        <ele>53.84615</ele>
        <time>2026-07-01T02:23:26.512Z</time>
      </trkpt>
      <trkpt lat="52.56804528" lon="13.40193862">
        <ele>53.92308</ele>
        <time>2026-07-01T02:23:59.964Z</time>
      </trkpt>
      <trkpt lat="52.56940334" lon="13.40141528">
        <ele>54</ele>
        <time>2026-07-01T02:24:32.837Z</time>
      </trkpt>
      <trkpt lat="52.56937389" lon="13.40177528">
        <ele>54.30769</ele>
        <time>2026-07-01T02:24:38.046Z</time>
      </trkpt>
      <trkpt lat="52.56938417" lon="13.40271639">
        <ele>54.30769</ele>
        <time>2026-07-01T02:24:51.561Z</time>
      </trkpt>
      <trkpt lat="52.56951945" lon="13.40336139">
        <ele>54.30769</ele>
        <time>2026-07-01T02:25:01.355Z</time>
      </trkpt>
      <trkpt lat="52.56945445" lon="13.40329778">
        <ele>54.07692</ele>
        <time>2026-07-01T02:25:03.138Z</time>
      </trkpt>
      <trkpt lat="52.56939167" lon="13.40441806">
        <ele>54.30769</ele>
        <time>2026-07-01T02:25:19.291Z</time>
      </trkpt>
      <trkpt lat="52.56977056" lon="13.40621195">
        <ele>54.53846</ele>
        <time>2026-07-01T02:25:46.552Z</time>
      </trkpt>
      <trkpt lat="52.57005389" lon="13.40739306">
        <ele>54.30769</ele>
        <time>2026-07-01T02:26:04.778Z</time>
      </trkpt>
      <trkpt lat="52.57083278" lon="13.41014778">
        <ele>53.76923</ele>
        <time>2026-07-01T02:26:48.381Z</time>
      </trkpt>
      <trkpt lat="52.57084" lon="13.41016084">
        <ele>53.72106</ele>
        <time>2026-07-01T02:26:48.634Z</time>
      </trkpt>
      <trkpt lat="52.57106334" lon="13.40983695">
        <ele>52.38462</ele>
        <time>2026-07-01T02:26:55.653Z</time>
      </trkpt>
      <trkpt lat="52.57112834" lon="13.40929917">
        <ele>51.92308</ele>
        <time>2026-07-01T02:27:03.525Z</time>
      </trkpt>
      <trkpt lat="52.571115" lon="13.40885278">
        <ele>52.07692</ele>
        <time>2026-07-01T02:27:09.934Z</time>
      </trkpt>
      <trkpt lat="52.57217473" lon="13.40834084">
        <ele>52.46154</ele>
        <time>2026-07-01T02:27:35.966Z</time>
      </trkpt>
      <trkpt lat="52.5730325" lon="13.40792667">
        <ele>52.92308</ele>
        <time>2026-07-01T02:27:57.034Z</time>
      </trkpt>
      <trkpt lat="52.57390806" lon="13.40751973">
        <ele>53.69231</ele>
        <time>2026-07-01T02:28:18.476Z</time>
      </trkpt>
      <trkpt lat="52.57384056" lon="13.40754501">
        <ele>54.15385</ele>
        <time>2026-07-01T02:28:20.107Z</time>
      </trkpt>
      <trkpt lat="52.57419584" lon="13.40784862">
        <ele>54.61538</ele>
        <time>2026-07-01T02:28:29.543Z</time>
      </trkpt>
      <trkpt lat="52.57482862" lon="13.40790139">
        <ele>54.69231</ele>
        <time>2026-07-01T02:28:44.474Z</time>
      </trkpt>
      <trkpt lat="52.57533195" lon="13.40778834">
        <ele>54.92308</ele>
        <time>2026-07-01T02:28:56.445Z</time>
      </trkpt>
      <trkpt lat="52.57550195" lon="13.40753556">
        <ele>55.38462</ele>
        <time>2026-07-01T02:29:01.847Z</time>
      </trkpt>
      <trkpt lat="52.57634362" lon="13.40765667">
        <ele>55.92308</ele>
        <time>2026-07-01T02:29:21.757Z</time>
      </trkpt>
      <trkpt lat="52.57694417" lon="13.40802917">
        <ele>56.30769</ele>
        <time>2026-07-01T02:29:36.883Z</time>
      </trkpt>
      <trkpt lat="52.57765139" lon="13.40886917">
        <ele>56.69231</ele>
        <time>2026-07-01T02:29:57.454Z</time>
      </trkpt>
      <trkpt lat="52.57847695" lon="13.40908167">
        <ele>56.92308</ele>
        <time>2026-07-01T02:30:17.145Z</time>
      </trkpt>
      <trkpt lat="52.57869862" lon="13.40933778">
        <ele>56.69231</ele>
        <time>2026-07-01T02:30:23.53Z</time>
      </trkpt>
      <trkpt lat="52.57917139" lon="13.40992306">
        <ele>56.30769</ele>
        <time>2026-07-01T02:30:37.484Z</time>
      </trkpt>
      <trkpt lat="52.57985556" lon="13.41316445">
        <ele>55.84615</ele>
        <time>2026-07-01T02:31:26.728Z</time>
      </trkpt>
      <trkpt lat="52.58052834" lon="13.41648889">
        <ele>54.92308</ele>
        <time>2026-07-01T02:32:17.014Z</time>
      </trkpt>
      <trkpt lat="52.58101473" lon="13.41867001">
        <ele>54.61538</ele>
        <time>2026-07-01T02:32:50.355Z</time>
      </trkpt>
      <trkpt lat="52.58121862" lon="13.41975778">
        <ele>54.07692</ele>
        <time>2026-07-01T02:33:06.692Z</time>
      </trkpt>
      <trkpt lat="52.58175889" lon="13.42209167">
        <ele>53.92308</ele>
        <time>2026-07-01T02:33:42.531Z</time>
      </trkpt>
      <trkpt lat="52.58249556" lon="13.42578806">
        <ele>53.46154</ele>
        <time>2026-07-01T02:34:38.357Z</time>
      </trkpt>
      <trkpt lat="52.58293334" lon="13.42767945">
        <ele>53.23077</ele>
        <time>2026-07-01T02:35:07.4Z</time>
      </trkpt>
      <trkpt lat="52.58296778" lon="13.42841612">
        <ele>53.07692</ele>
        <time>2026-07-01T02:35:18.005Z</time>
      </trkpt>
      <trkpt lat="52.58300195" lon="13.42897695">
        <ele>53.38462</ele>
        <time>2026-07-01T02:35:26.095Z</time>
      </trkpt>
      <trkpt lat="52.58295445" lon="13.42871556">
        <ele>53.69231</ele>
        <time>2026-07-01T02:35:30.006Z</time>
      </trkpt>
      <trkpt lat="52.58296528" lon="13.42925334">
        <ele>54</ele>
        <time>2026-07-01T02:35:37.729Z</time>
      </trkpt>
      <trkpt lat="52.58302" lon="13.42962584">
        <ele>54.61538</ele>
        <time>2026-07-01T02:35:43.223Z</time>
      </trkpt>
      <trkpt lat="52.58313917" lon="13.43019612">
        <ele>55.07692</ele>
        <time>2026-07-01T02:35:51.877Z</time>
      </trkpt>
      <trkpt lat="52.58326417" lon="13.43011723">
        <ele>55.38462</ele>
        <time>2026-07-01T02:35:55.032Z</time>
      </trkpt>
      <trkpt lat="52.58337528" lon="13.43019834">
        <ele>55.92308</ele>
        <time>2026-07-01T02:35:57.897Z</time>
      </trkpt>
      <trkpt lat="52.58371612" lon="13.43029778">
        <ele>56</ele>
        <time>2026-07-01T02:36:06.054Z</time>
      </trkpt>
      <trkpt lat="52.58407723" lon="13.43044945">
        <ele>56.46154</ele>
        <time>2026-07-01T02:36:14.837Z</time>
      </trkpt>
      <trkpt lat="52.58441028" lon="13.43068167">
        <ele>56.30769</ele>
        <time>2026-07-01T02:36:23.362Z</time>
      </trkpt>
      <trkpt lat="52.58512417" lon="13.43087389">
        <ele>56.15385</ele>
        <time>2026-07-01T02:36:40.409Z</time>
      </trkpt>
      <trkpt lat="52.58535084" lon="13.43088167">
        <ele>55.92308</ele>
        <time>2026-07-01T02:36:45.752Z</time>
      </trkpt>
      <trkpt lat="52.58580695" lon="13.43114167">
        <ele>55.69231</ele>
        <time>2026-07-01T02:36:57.128Z</time>
      </trkpt>
      <trkpt lat="52.58719362" lon="13.43182473">
        <ele>55.30769</ele>
        <time>2026-07-01T02:37:31.244Z</time>
      </trkpt>
      <trkpt lat="52.58781834" lon="13.43209973">
        <ele>55.15385</ele>
        <time>2026-07-01T02:37:46.484Z</time>
      </trkpt>
      <trkpt lat="52.58819278" lon="13.43229889">
        <ele>54.92308</ele>
        <time>2026-07-01T02:37:55.758Z</time>
      </trkpt>
      <trkpt lat="52.58836501" lon="13.43259">
        <ele>54.23077</ele>
        <time>2026-07-01T02:38:01.579Z</time>
      </trkpt>
      <trkpt lat="52.58838639" lon="13.43299834">
        <ele>53.92308</ele>
        <time>2026-07-01T02:38:07.454Z</time>
      </trkpt>
      <trkpt lat="52.58838612" lon="13.43321584">
        <ele>53.53846</ele>
        <time>2026-07-01T02:38:10.572Z</time>
      </trkpt>
      <trkpt lat="52.58848306" lon="13.43344612">
        <ele>53.07692</ele>
        <time>2026-07-01T02:38:14.586Z</time>
      </trkpt>
      <trkpt lat="52.588865" lon="13.43372473">
        <ele>52.84615</ele>
        <time>2026-07-01T02:38:24.433Z</time>
      </trkpt>
      <trkpt lat="52.58911556" lon="13.4338325">
        <ele>52.30769</ele>
        <time>2026-07-01T02:38:30.536Z</time>
      </trkpt>
      <trkpt lat="52.58950945" lon="13.43402028">
        <ele>52</ele>
        <time>2026-07-01T02:38:40.2Z</time>
      </trkpt>
      <trkpt lat="52.59004167" lon="13.43489112">
        <ele>52.23077</ele>
        <time>2026-07-01T02:38:57.906Z</time>
      </trkpt>
      <trkpt lat="52.59046223" lon="13.43534751">
        <ele>52.46154</ele>
        <time>2026-07-01T02:39:09.781Z</time>
      </trkpt>
      <trkpt lat="52.59097945" lon="13.43585278">
        <ele>52.69231</ele>
        <time>2026-07-01T02:39:23.963Z</time>
      </trkpt>
      <trkpt lat="52.59169889" lon="13.43775306">
        <ele>52.92308</ele>
        <time>2026-07-01T02:39:56.074Z</time>
      </trkpt>
      <trkpt lat="52.59187278" lon="13.43828306">
        <ele>52.84615</ele>
        <time>2026-07-01T02:40:04.714Z</time>
      </trkpt>
      <trkpt lat="52.59199612" lon="13.43827056">
        <ele>52.61538</ele>
        <time>2026-07-01T02:40:07.626Z</time>
      </trkpt>
      <trkpt lat="52.59214528" lon="13.43757334">
        <ele>52.76923</ele>
        <time>2026-07-01T02:40:18.231Z</time>
      </trkpt>
      <trkpt lat="52.59234278" lon="13.43700167">
        <ele>52.69231</ele>
        <time>2026-07-01T02:40:27.663Z</time>
      </trkpt>
      <trkpt lat="52.59254334" lon="13.43669612">
        <ele>52.84615</ele>
        <time>2026-07-01T02:40:34.106Z</time>
      </trkpt>
      <trkpt lat="52.5925525" lon="13.43671917">
        <ele>53</ele>
        <time>2026-07-01T02:40:34.501Z</time>
      </trkpt>
      <trkpt lat="52.59304723" lon="13.43801945">
        <ele>52.92308</ele>
        <time>2026-07-01T02:40:56.503Z</time>
      </trkpt>
      <trkpt lat="52.59439695" lon="13.43709667">
        <ele>53.23077</ele>
        <time>2026-07-01T02:41:30.956Z</time>
      </trkpt>
      <trkpt lat="52.59479362" lon="13.43880195">
        <ele>53.46154</ele>
        <time>2026-07-01T02:41:57.151Z</time>
      </trkpt>
      <trkpt lat="52.59529139" lon="13.43931612">
        <ele>53.23077</ele>
        <time>2026-07-01T02:42:11.008Z</time>
      </trkpt>
      <trkpt lat="52.59580389" lon="13.43973445">
        <ele>53.07692</ele>
        <time>2026-07-01T02:42:24.491Z</time>
      </trkpt>
      <trkpt lat="52.59710306" lon="13.44060139">
        <ele>52.84615</ele>
        <time>2026-07-01T02:42:57.537Z</time>
      </trkpt>
      <trkpt lat="52.59917417" lon="13.44179195">
        <ele>52.69231</ele>
        <time>2026-07-01T02:43:49.246Z</time>
      </trkpt>
      <trkpt lat="52.60002306" lon="13.44247028">
        <ele>52.61538</ele>
        <time>2026-07-01T02:44:11.492Z</time>
      </trkpt>
      <trkpt lat="52.60114389" lon="13.44258389">
        <ele>52.76923</ele>
        <time>2026-07-01T02:44:37.954Z</time>
      </trkpt>
      <trkpt lat="52.60153278" lon="13.44279334">
        <ele>52.84615</ele>
        <time>2026-07-01T02:44:47.597Z</time>
      </trkpt>
      <trkpt lat="52.60211945" lon="13.4428375">
        <ele>53</ele>
        <time>2026-07-01T02:45:01.436Z</time>
      </trkpt>
      <trkpt lat="52.60257139" lon="13.44295056">
        <ele>53</ele>
        <time>2026-07-01T02:45:12.208Z</time>
      </trkpt>
      <trkpt lat="52.60319584" lon="13.44309473">
        <ele>53.15385</ele>
        <time>2026-07-01T02:45:27.067Z</time>
      </trkpt>
      <trkpt lat="52.60331362" lon="13.44310639">
        <ele>53.38462</ele>
        <time>2026-07-01T02:45:29.848Z</time>
      </trkpt>
      <trkpt lat="52.60398139" lon="13.44317973">
        <ele>53.23077</ele>
        <time>2026-07-01T02:45:45.619Z</time>
      </trkpt>
      <trkpt lat="52.60465945" lon="13.44317084">
        <ele>53.15385</ele>
        <time>2026-07-01T02:46:01.598Z</time>
      </trkpt>
      <trkpt lat="52.60481889" lon="13.44318278">
        <ele>53.07692</ele>
        <time>2026-07-01T02:46:05.359Z</time>
      </trkpt>
      <trkpt lat="52.60556" lon="13.44323584">
        <ele>52.69231</ele>
        <time>2026-07-01T02:46:22.84Z</time>
      </trkpt>
      <trkpt lat="52.60626417" lon="13.44330139">
        <ele>52.38462</ele>
        <time>2026-07-01T02:46:39.46Z</time>
      </trkpt>
      <trkpt lat="52.60678362" lon="13.44337723">
        <ele>52.07692</ele>
        <time>2026-07-01T02:46:51.749Z</time>
      </trkpt>
      <trkpt lat="52.60710862" lon="13.44339112">
        <ele>51.92308</ele>
        <time>2026-07-01T02:46:59.41Z</time>
      </trkpt>
      <trkpt lat="52.60671139" lon="13.44738973">
        <ele>51.76923</ele>
        <time>2026-07-01T02:47:57.533Z</time>
      </trkpt>
      <trkpt lat="52.60672834" lon="13.44766334">
        <ele>51.61538</ele>
        <time>2026-07-01T02:48:01.474Z</time>
      </trkpt>
      <trkpt lat="52.60687917" lon="13.44807639">
        <ele>51.30769</ele>
        <time>2026-07-01T02:48:08.378Z</time>
      </trkpt>
      <trkpt lat="52.60675862" lon="13.44826306">
        <ele>51</ele>
        <time>2026-07-01T02:48:12.28Z</time>
      </trkpt>
      <trkpt lat="52.60667084" lon="13.44845306">
        <ele>50.61538</ele>
        <time>2026-07-01T02:48:15.699Z</time>
      </trkpt>
      <trkpt lat="52.606545" lon="13.45007028">
        <ele>50.30769</ele>
        <time>2026-07-01T02:48:39.089Z</time>
      </trkpt>
      <trkpt lat="52.60632528" lon="13.45033223">
        <ele>50.30769</ele>
        <time>2026-07-01T02:48:45.484Z</time>
      </trkpt>
      <trkpt lat="52.60634362" lon="13.45044612">
        <ele>50.23077</ele>
        <time>2026-07-01T02:48:47.172Z</time>
      </trkpt>
      <trkpt lat="52.60643362" lon="13.45066639">
        <ele>50.46154</ele>
        <time>2026-07-01T02:48:50.975Z</time>
      </trkpt>
      <trkpt lat="52.60642195" lon="13.45103028">
        <ele>51.15385</ele>
        <time>2026-07-01T02:48:56.196Z</time>
      </trkpt>
      <trkpt lat="52.60641667" lon="13.45120723">
        <ele>51.38462</ele>
        <time>2026-07-01T02:48:58.734Z</time>
      </trkpt>
      <trkpt lat="52.60658334" lon="13.45136945">
        <ele>51.46154</ele>
        <time>2026-07-01T02:49:03.298Z</time>
      </trkpt>
      <trkpt lat="52.60784112" lon="13.45220306">
        <ele>51.30769</ele>
        <time>2026-07-01T02:49:35.259Z</time>
      </trkpt>
      <trkpt lat="52.60880306" lon="13.4527375">
        <ele>51.15385</ele>
        <time>2026-07-01T02:49:59.189Z</time>
      </trkpt>
      <trkpt lat="52.60965862" lon="13.45105834">
        <ele>51</ele>
        <time>2026-07-01T02:50:30.601Z</time>
      </trkpt>
      <trkpt lat="52.61015056" lon="13.45114889">
        <ele>50.92308</ele>
        <time>2026-07-01T02:50:42.266Z</time>
      </trkpt>
      <trkpt lat="52.61129945" lon="13.4518525">
        <ele>51</ele>
        <time>2026-07-01T02:51:11.16Z</time>
      </trkpt>
      <trkpt lat="52.61179723" lon="13.45233278">
        <ele>51.15385</ele>
        <time>2026-07-01T02:51:24.764Z</time>
      </trkpt>
      <trkpt lat="52.61225389" lon="13.45289028">
        <ele>51.15385</ele>
        <time>2026-07-01T02:51:38.171Z</time>
      </trkpt>
      <trkpt lat="52.6127275" lon="13.45384251">
        <ele>51.07692</ele>
        <time>2026-07-01T02:51:55.81Z</time>
      </trkpt>
      <trkpt lat="52.61266362" lon="13.45390139">
        <ele>51.07692</ele>
        <time>2026-07-01T02:51:57.536Z</time>
      </trkpt>
      <trkpt lat="52.61290417" lon="13.45366778">
        <ele>50.92308</ele>
        <time>2026-07-01T02:52:04.119Z</time>
      </trkpt>
      <trkpt lat="52.61303945" lon="13.45391306">
        <ele>50.61538</ele>
        <time>2026-07-01T02:52:08.864Z</time>
      </trkpt>
      <trkpt lat="52.61350139" lon="13.45457306">
        <ele>50.69231</ele>
        <time>2026-07-01T02:52:23.29Z</time>
      </trkpt>
      <trkpt lat="52.61533556" lon="13.45761945">
        <ele>50.84615</ele>
        <time>2026-07-01T02:53:24.751Z</time>
      </trkpt>
      <trkpt lat="52.61623917" lon="13.45931667">
        <ele>51.07692</ele>
        <time>2026-07-01T02:53:57.093Z</time>
      </trkpt>
      <trkpt lat="52.61627612" lon="13.45932056">
        <ele>51.38462</ele>
        <time>2026-07-01T02:53:57.966Z</time>
      </trkpt>
      <trkpt lat="52.61667945" lon="13.46024945">
        <ele>51.61538</ele>
        <time>2026-07-01T02:54:14.332Z</time>
      </trkpt>
      <trkpt lat="52.61670028" lon="13.46028862">
        <ele>51.76923</ele>
        <time>2026-07-01T02:54:15.078Z</time>
      </trkpt>
      <trkpt lat="52.61919667" lon="13.46529751">
        <ele>52</ele>
        <time>2026-07-01T02:55:47.931Z</time>
      </trkpt>
      <trkpt lat="52.62031917" lon="13.46678834">
        <ele>52.15385</ele>
        <time>2026-07-01T02:56:21.944Z</time>
      </trkpt>
      <trkpt lat="52.62189362" lon="13.46884028">
        <ele>52.53846</ele>
        <time>2026-07-01T02:57:09.299Z</time>
      </trkpt>
      <trkpt lat="52.62272167" lon="13.4700575">
        <ele>52.61538</ele>
        <time>2026-07-01T02:57:35.481Z</time>
      </trkpt>
      <trkpt lat="52.62420973" lon="13.4732825">
        <ele>52.69231</ele>
        <time>2026-07-01T02:58:33.52Z</time>
      </trkpt>
      <trkpt lat="52.62431639" lon="13.47361112">
        <ele>52.84615</ele>
        <time>2026-07-01T02:58:38.856Z</time>
      </trkpt>
      <trkpt lat="52.62526056" lon="13.47726806">
        <ele>52.84615</ele>
        <time>2026-07-01T02:59:35.822Z</time>
      </trkpt>
      <trkpt lat="52.62584945" lon="13.47923778">
        <ele>52.92308</ele>
        <time>2026-07-01T03:00:07.293Z</time>
      </trkpt>
      <trkpt lat="52.62609917" lon="13.48033723">
        <ele>53.15385</ele>
        <time>2026-07-01T03:00:24.121Z</time>
      </trkpt>
      <trkpt lat="52.62670751" lon="13.48097806">
        <ele>53.30769</ele>
        <time>2026-07-01T03:00:41.149Z</time>
      </trkpt>
      <trkpt lat="52.62665028" lon="13.48091334">
        <ele>53.30769</ele>
        <time>2026-07-01T03:00:42.785Z</time>
      </trkpt>
      <trkpt lat="52.62807889" lon="13.48252501">
        <ele>53.69231</ele>
        <time>2026-07-01T03:01:23.619Z</time>
      </trkpt>
      <trkpt lat="52.62841612" lon="13.48289695">
        <ele>53.84615</ele>
        <time>2026-07-01T03:01:33.186Z</time>
      </trkpt>
      <trkpt lat="52.62833584" lon="13.48281084">
        <ele>54.07692</ele>
        <time>2026-07-01T03:01:35.444Z</time>
      </trkpt>
      <trkpt lat="52.63045584" lon="13.48506973">
        <ele>54.61538</ele>
        <time>2026-07-01T03:02:34.983Z</time>
      </trkpt>
      <trkpt lat="52.63081834" lon="13.48547362">
        <ele>54.76923</ele>
        <time>2026-07-01T03:02:45.299Z</time>
      </trkpt>
      <trkpt lat="52.63074973" lon="13.48540751">
        <ele>55.38462</ele>
        <time>2026-07-01T03:02:47.173Z</time>
      </trkpt>
      <trkpt lat="52.63190834" lon="13.48669806">
        <ele>56.46154</ele>
        <time>2026-07-01T03:03:20.155Z</time>
      </trkpt>
      <trkpt lat="52.63302306" lon="13.48801528">
        <ele>57.61538</ele>
        <time>2026-07-01T03:03:52.508Z</time>
      </trkpt>
      <trkpt lat="52.63443834" lon="13.48932723">
        <ele>58.15385</ele>
        <time>2026-07-01T03:04:30.798Z</time>
      </trkpt>
      <trkpt lat="52.63537889" lon="13.49021889">
        <ele>59.84615</ele>
        <time>2026-07-01T03:04:56.385Z</time>
      </trkpt>
      <trkpt lat="52.63691306" lon="13.49213723">
        <ele>61.38462</ele>
        <time>2026-07-01T03:05:41.81Z</time>
      </trkpt>
      <trkpt lat="52.63649028" lon="13.49291223">
        <ele>63.23077</ele>
        <time>2026-07-01T03:05:56.733Z</time>
      </trkpt>
      <trkpt lat="52.63714334" lon="13.49382167">
        <ele>64.84615</ele>
        <time>2026-07-01T03:06:16.903Z</time>
      </trkpt>
      <trkpt lat="52.63701584" lon="13.49415528">
        <ele>66.15385</ele>
        <time>2026-07-01T03:06:22.546Z</time>
      </trkpt>
      <trkpt lat="52.63689584" lon="13.49546945">
        <ele>67.84615</ele>
        <time>2026-07-01T03:06:41.597Z</time>
      </trkpt>
      <trkpt lat="52.63755362" lon="13.49584195">
        <ele>69.23077</ele>
        <time>2026-07-01T03:06:57.99Z</time>
      </trkpt>
      <trkpt lat="52.63810723" lon="13.49609834">
        <ele>70.23077</ele>
        <time>2026-07-01T03:07:11.543Z</time>
      </trkpt>
      <trkpt lat="52.63849417" lon="13.49669112">
        <ele>71.30769</ele>
        <time>2026-07-01T03:07:24.007Z</time>
      </trkpt>
      <trkpt lat="52.63884445" lon="13.49787528">
        <ele>71.38461</ele>
        <time>2026-07-01T03:07:42.883Z</time>
      </trkpt>
      <trkpt lat="52.63896973" lon="13.49875278">
        <ele>70.69231</ele>
        <time>2026-07-01T03:07:55.804Z</time>
      </trkpt>
      <trkpt lat="52.63906334" lon="13.49927917">
        <ele>69.76923</ele>
        <time>2026-07-01T03:08:03.666Z</time>
      </trkpt>
      <trkpt lat="52.6393425" lon="13.49947528">
        <ele>69.69231</ele>
        <time>2026-07-01T03:08:10.819Z</time>
      </trkpt>
      <trkpt lat="52.63961028" lon="13.49927667">
        <ele>68.46154</ele>
        <time>2026-07-01T03:08:17.74Z</time>
      </trkpt>
      <trkpt lat="52.63977528" lon="13.49916278">
        <ele>67.23077</ele>
        <time>2026-07-01T03:08:21.956Z</time>
      </trkpt>
      <trkpt lat="52.63991973" lon="13.49949139">
        <ele>65.84615</ele>
        <time>2026-07-01T03:08:27.763Z</time>
      </trkpt>
      <trkpt lat="52.63992806" lon="13.49982056">
        <ele>64.53846</ele>
        <time>2026-07-01T03:08:32.48Z</time>
      </trkpt>
      <trkpt lat="52.63964139" lon="13.50033251">
        <ele>63.15385</ele>
        <time>2026-07-01T03:08:42.455Z</time>
      </trkpt>
      <trkpt lat="52.63968445" lon="13.50082862">
        <ele>61.69231</ele>
        <time>2026-07-01T03:08:49.639Z</time>
      </trkpt>
      <trkpt lat="52.64056139" lon="13.50250278">
        <ele>60.46154</ele>
        <time>2026-07-01T03:09:21.31Z</time>
      </trkpt>
      <trkpt lat="52.64110389" lon="13.50379389">
        <ele>59.30769</ele>
        <time>2026-07-01T03:09:43.804Z</time>
      </trkpt>
      <trkpt lat="52.64127278" lon="13.50436556">
        <ele>58.53846</ele>
        <time>2026-07-01T03:09:52.914Z</time>
      </trkpt>
      <trkpt lat="52.64219362" lon="13.50639556">
        <ele>58.61538</ele>
        <time>2026-07-01T03:10:29.213Z</time>
      </trkpt>
      <trkpt lat="52.64347084" lon="13.50982473">
        <ele>59.15385</ele>
        <time>2026-07-01T03:11:26.85Z</time>
      </trkpt>
      <trkpt lat="52.64384139" lon="13.51097889">
        <ele>59.61538</ele>
        <time>2026-07-01T03:11:45.557Z</time>
      </trkpt>
      <trkpt lat="52.64341195" lon="13.51138417">
        <ele>59.92308</ele>
        <time>2026-07-01T03:11:57.222Z</time>
      </trkpt>
      <trkpt lat="52.64345834" lon="13.51134001">
        <ele>59.92308</ele>
        <time>2026-07-01T03:11:58.485Z</time>
      </trkpt>
      <trkpt lat="52.6425875" lon="13.51210362">
        <ele>59.84615</ele>
        <time>2026-07-01T03:12:21.743Z</time>
      </trkpt>
      <trkpt lat="52.64309028" lon="13.51367362">
        <ele>59.69231</ele>
        <time>2026-07-01T03:12:47.176Z</time>
      </trkpt>
      <trkpt lat="52.64382778" lon="13.51535278">
        <ele>60.07692</ele>
        <time>2026-07-01T03:13:16.864Z</time>
      </trkpt>
      <trkpt lat="52.64380112" lon="13.51527667">
        <ele>60.53846</ele>
        <time>2026-07-01T03:13:18.122Z</time>
      </trkpt>
      <trkpt lat="52.64401501" lon="13.51556723">
        <ele>60.92308</ele>
        <time>2026-07-01T03:13:24.657Z</time>
      </trkpt>
      <trkpt lat="52.64534306" lon="13.51936306">
        <ele>61.23077</ele>
        <time>2026-07-01T03:14:27.424Z</time>
      </trkpt>
      <trkpt lat="52.64567556" lon="13.51969112">
        <ele>61.61538</ele>
        <time>2026-07-01T03:14:36.559Z</time>
      </trkpt>
      <trkpt lat="52.64585806" lon="13.52049112">
        <ele>61.84615</ele>
        <time>2026-07-01T03:14:48.806Z</time>
      </trkpt>
      <trkpt lat="52.64649501" lon="13.52222139">
        <ele>62</ele>
        <time>2026-07-01T03:15:17.795Z</time>
      </trkpt>
      <trkpt lat="52.64654445" lon="13.52228778">
        <ele>62.07692</ele>
        <time>2026-07-01T03:15:19.299Z</time>
      </trkpt>
      <trkpt lat="52.64757445" lon="13.52046167">
        <ele>62.23077</ele>
        <time>2026-07-01T03:15:54.995Z</time>
      </trkpt>
      <trkpt lat="52.64757917" lon="13.52044778">
        <ele>62.30769</ele>
        <time>2026-07-01T03:15:55.223Z</time>
      </trkpt>
      <trkpt lat="52.64960334" lon="13.52491834">
        <ele>62.76923</ele>
        <time>2026-07-01T03:17:15.103Z</time>
      </trkpt>
      <trkpt lat="52.65086528" lon="13.52787001">
        <ele>63.46154</ele>
        <time>2026-07-01T03:18:06.813Z</time>
      </trkpt>
      <trkpt lat="52.65187139" lon="13.52895528">
        <ele>64.23077</ele>
        <time>2026-07-01T03:18:35.169Z</time>
      </trkpt>
      <trkpt lat="52.65210667" lon="13.52918056">
        <ele>64.53846</ele>
        <time>2026-07-01T03:18:41.583Z</time>
      </trkpt>
      <trkpt lat="52.65207389" lon="13.52925417">
        <ele>64.92308</ele>
        <time>2026-07-01T03:18:42.889Z</time>
      </trkpt>
      <trkpt lat="52.65176695" lon="13.53165667">
        <ele>65.23077</ele>
        <time>2026-07-01T03:19:18.072Z</time>
      </trkpt>
      <trkpt lat="52.65195751" lon="13.53174362">
        <ele>65.38461</ele>
        <time>2026-07-01T03:19:22.732Z</time>
      </trkpt>
      <trkpt lat="52.6523025" lon="13.53194195">
        <ele>65.46154</ele>
        <time>2026-07-01T03:19:31.343Z</time>
      </trkpt>
      <trkpt lat="52.65241334" lon="13.53216167">
        <ele>65.46154</ele>
        <time>2026-07-01T03:19:35.431Z</time>
      </trkpt>
      <trkpt lat="52.65301223" lon="13.53244362">
        <ele>65.46154</ele>
        <time>2026-07-01T03:19:50.11Z</time>
      </trkpt>
      <trkpt lat="52.65370556" lon="13.53279695">
        <ele>65.53846</ele>
        <time>2026-07-01T03:20:07.213Z</time>
      </trkpt>
      <trkpt lat="52.65388973" lon="13.53303612">
        <ele>65.46154</ele>
        <time>2026-07-01T03:20:12.741Z</time>
      </trkpt>
      <trkpt lat="52.65563334" lon="13.53372417">
        <ele>65.30769</ele>
        <time>2026-07-01T03:20:54.996Z</time>
      </trkpt>
      <trkpt lat="52.65602056" lon="13.53391112">
        <ele>65.15385</ele>
        <time>2026-07-01T03:21:04.505Z</time>
      </trkpt>
      <trkpt lat="52.65601445" lon="13.53406945">
        <ele>65.07692</ele>
        <time>2026-07-01T03:21:06.776Z</time>
      </trkpt>
      <trkpt lat="52.65611223" lon="13.53410306">
        <ele>64.84615</ele>
        <time>2026-07-01T03:21:09.13Z</time>
      </trkpt>
      <trkpt lat="52.65633889" lon="13.53425167">
        <ele>64.69231</ele>
        <time>2026-07-01T03:21:14.879Z</time>
      </trkpt>
      <trkpt lat="52.65666945" lon="13.53358778">
        <ele>64.61539</ele>
        <time>2026-07-01T03:21:27.175Z</time>
      </trkpt>
      <trkpt lat="52.65743973" lon="13.53212612">
        <ele>64.76923</ele>
        <time>2026-07-01T03:21:54.891Z</time>
      </trkpt>
      <trkpt lat="52.65770084" lon="13.53186667">
        <ele>65.07692</ele>
        <time>2026-07-01T03:22:02.078Z</time>
      </trkpt>
      <trkpt lat="52.65819445" lon="13.53194139">
        <ele>65.46154</ele>
        <time>2026-07-01T03:22:13.759Z</time>
      </trkpt>
      <trkpt lat="52.6588" lon="13.53303139">
        <ele>65.76923</ele>
        <time>2026-07-01T03:22:34.915Z</time>
      </trkpt>
      <trkpt lat="52.65862362" lon="13.53335556">
        <ele>66.15385</ele>
        <time>2026-07-01T03:22:41.144Z</time>
      </trkpt>
      <trkpt lat="52.65886084" lon="13.53377167">
        <ele>66.53846</ele>
        <time>2026-07-01T03:22:49.312Z</time>
      </trkpt>
      <trkpt lat="52.66002389" lon="13.53580417">
        <ele>67.15385</ele>
        <time>2026-07-01T03:23:29.304Z</time>
      </trkpt>
      <trkpt lat="52.66046917" lon="13.53665056">
        <ele>67.76923</ele>
        <time>2026-07-01T03:23:45.341Z</time>
      </trkpt>
      <trkpt lat="52.66071334" lon="13.53685528">
        <ele>68.30769</ele>
        <time>2026-07-01T03:23:51.798Z</time>
      </trkpt>
      <trkpt lat="52.66162334" lon="13.53876278">
        <ele>68.69231</ele>
        <time>2026-07-01T03:24:26.538Z</time>
      </trkpt>
      <trkpt lat="52.66178112" lon="13.53947389">
        <ele>69.07692</ele>
        <time>2026-07-01T03:24:37.384Z</time>
      </trkpt>
      <trkpt lat="52.66225834" lon="13.54025139">
        <ele>69.30769</ele>
        <time>2026-07-01T03:24:53.213Z</time>
      </trkpt>
      <trkpt lat="52.66244612" lon="13.54103056">
        <ele>69.30769</ele>
        <time>2026-07-01T03:25:05.222Z</time>
      </trkpt>
      <trkpt lat="52.66267973" lon="13.54210751">
        <ele>69.23077</ele>
        <time>2026-07-01T03:25:21.605Z</time>
      </trkpt>
      <trkpt lat="52.66284945" lon="13.54289612">
        <ele>69.15385</ele>
        <time>2026-07-01T03:25:33.591Z</time>
      </trkpt>
      <trkpt lat="52.66318195" lon="13.54429139">
        <ele>69</ele>
        <time>2026-07-01T03:25:55.063Z</time>
      </trkpt>
      <trkpt lat="52.66339751" lon="13.54514167">
        <ele>68.92308</ele>
        <time>2026-07-01T03:26:08.262Z</time>
      </trkpt>
      <trkpt lat="52.66355862" lon="13.54561195">
        <ele>68.61539</ele>
        <time>2026-07-01T03:26:15.996Z</time>
      </trkpt>
      <trkpt lat="52.66369278" lon="13.54606806">
        <ele>68.23077</ele>
        <time>2026-07-01T03:26:23.248Z</time>
      </trkpt>
      <trkpt lat="52.66364473" lon="13.5462925">
        <ele>67.84615</ele>
        <time>2026-07-01T03:26:26.653Z</time>
      </trkpt>
      <trkpt lat="52.66347028" lon="13.54665751">
        <ele>67.69231</ele>
        <time>2026-07-01T03:26:33.3Z</time>
      </trkpt>
      <trkpt lat="52.66336167" lon="13.54679362">
        <ele>67.53846</ele>
        <time>2026-07-01T03:26:36.516Z</time>
      </trkpt>
      <trkpt lat="52.66332973" lon="13.54693167">
        <ele>67.30769</ele>
        <time>2026-07-01T03:26:38.63Z</time>
      </trkpt>
      <trkpt lat="52.66354612" lon="13.54762001">
        <ele>67</ele>
        <time>2026-07-01T03:26:49.733Z</time>
      </trkpt>
      <trkpt lat="52.6638775" lon="13.54891223">
        <ele>67</ele>
        <time>2026-07-01T03:27:09.827Z</time>
      </trkpt>
      <trkpt lat="52.66458139" lon="13.55189223">
        <ele>67.07692</ele>
        <time>2026-07-01T03:27:55.631Z</time>
      </trkpt>
      <trkpt lat="52.66501556" lon="13.55343723">
        <ele>67.07692</ele>
        <time>2026-07-01T03:28:20.017Z</time>
      </trkpt>
      <trkpt lat="52.66304806" lon="13.55524056">
        <ele>67.15385</ele>
        <time>2026-07-01T03:29:13.094Z</time>
      </trkpt>
      <trkpt lat="52.66227723" lon="13.55549362">
        <ele>67.15385</ele>
        <time>2026-07-01T03:29:31.616Z</time>
      </trkpt>
      <trkpt lat="52.66156501" lon="13.55571639">
        <ele>67.30769</ele>
        <time>2026-07-01T03:29:48.7Z</time>
      </trkpt>
      <trkpt lat="52.66175834" lon="13.55704389">
        <ele>67.46154</ele>
        <time>2026-07-01T03:30:08.259Z</time>
      </trkpt>
      <trkpt lat="52.66174834" lon="13.55703917">
        <ele>67.53846</ele>
        <time>2026-07-01T03:30:08.504Z</time>
      </trkpt>
      <trkpt lat="52.66196751" lon="13.55809417">
        <ele>67.38461</ele>
        <time>2026-07-01T03:30:24.478Z</time>
      </trkpt>
      <trkpt lat="52.66216084" lon="13.55896028">
        <ele>67.15385</ele>
        <time>2026-07-01T03:30:37.698Z</time>
      </trkpt>
      <trkpt lat="52.66296195" lon="13.56022056">
        <ele>67.07692</ele>
        <time>2026-07-01T03:31:03.822Z</time>
      </trkpt>
      <trkpt lat="52.66387445" lon="13.56082723">
        <ele>67.46154</ele>
        <time>2026-07-01T03:31:27.016Z</time>
      </trkpt>
      <trkpt lat="52.66437" lon="13.56149056">
        <ele>68.23077</ele>
        <time>2026-07-01T03:31:42.072Z</time>
      </trkpt>
      <trkpt lat="52.66436806" lon="13.56164056">
        <ele>69.61539</ele>
        <time>2026-07-01T03:31:44.219Z</time>
      </trkpt>
      <trkpt lat="52.66507889" lon="13.56258945">
        <ele>70.46154</ele>
        <time>2026-07-01T03:32:05.792Z</time>
      </trkpt>
      <trkpt lat="52.66532278" lon="13.56340778">
        <ele>70.61539</ele>
        <time>2026-07-01T03:32:18.849Z</time>
      </trkpt>
      <trkpt lat="52.66623945" lon="13.56572528">
        <ele>70.92308</ele>
        <time>2026-07-01T03:32:58.46Z</time>
      </trkpt>
      <trkpt lat="52.66728417" lon="13.56853501">
        <ele>71.30769</ele>
        <time>2026-07-01T03:33:45.645Z</time>
      </trkpt>
      <trkpt lat="52.66787834" lon="13.56987112">
        <ele>71.38461</ele>
        <time>2026-07-01T03:34:09.361Z</time>
      </trkpt>
      <trkpt lat="52.66953084" lon="13.57400084">
        <ele>71.53846</ele>
        <time>2026-07-01T03:35:20.189Z</time>
      </trkpt>
      <trkpt lat="52.67035167" lon="13.5761325">
        <ele>71.46154</ele>
        <time>2026-07-01T03:35:56.337Z</time>
      </trkpt>
      <trkpt lat="52.67121473" lon="13.57824084">
        <ele>71.69231</ele>
        <time>2026-07-01T03:36:32.749Z</time>
      </trkpt>
      <trkpt lat="52.67140223" lon="13.57826667">
        <ele>71.92308</ele>
        <time>2026-07-01T03:36:37.183Z</time>
      </trkpt>
      <trkpt lat="52.67159362" lon="13.57901723">
        <ele>72.07692</ele>
        <time>2026-07-01T03:36:48.842Z</time>
      </trkpt>
      <trkpt lat="52.67174501" lon="13.57992084">
        <ele>71.53846</ele>
        <time>2026-07-01T03:37:02.269Z</time>
      </trkpt>
      <trkpt lat="52.67173084" lon="13.58154639">
        <ele>70.92308</ele>
        <time>2026-07-01T03:37:25.557Z</time>
      </trkpt>
      <trkpt lat="52.67174778" lon="13.5822375">
        <ele>69.76923</ele>
        <time>2026-07-01T03:37:35.465Z</time>
      </trkpt>
      <trkpt lat="52.67204806" lon="13.58379917">
        <ele>68.76923</ele>
        <time>2026-07-01T03:37:58.928Z</time>
      </trkpt>
      <trkpt lat="52.67207584" lon="13.58374834">
        <ele>68.46154</ele>
        <time>2026-07-01T03:37:59.906Z</time>
      </trkpt>
      <trkpt lat="52.67145417" lon="13.58383223">
        <ele>67.92308</ele>
        <time>2026-07-01T03:38:14.605Z</time>
      </trkpt>
      <trkpt lat="52.67136195" lon="13.58447862">
        <ele>67.61539</ele>
        <time>2026-07-01T03:38:24.116Z</time>
      </trkpt>
      <trkpt lat="52.671335" lon="13.58494084">
        <ele>67.30769</ele>
        <time>2026-07-01T03:38:30.76Z</time>
      </trkpt>
      <trkpt lat="52.67112945" lon="13.58608667">
        <ele>67.15385</ele>
        <time>2026-07-01T03:38:47.874Z</time>
      </trkpt>
      <trkpt lat="52.67118362" lon="13.58695306">
        <ele>67.46154</ele>
        <time>2026-07-01T03:39:00.351Z</time>
      </trkpt>
      <trkpt lat="52.67125556" lon="13.587605">
        <ele>67.61539</ele>
        <time>2026-07-01T03:39:09.843Z</time>
      </trkpt>
      <trkpt lat="52.67138056" lon="13.5876375">
        <ele>67.84615</ele>
        <time>2026-07-01T03:39:12.825Z</time>
      </trkpt>
      <trkpt lat="52.67222612" lon="13.59063584">
        <ele>67.84615</ele>
        <time>2026-07-01T03:40:00.173Z</time>
      </trkpt>
      <trkpt lat="52.67301723" lon="13.59170778">
        <ele>68.07692</ele>
        <time>2026-07-01T03:40:24.325Z</time>
      </trkpt>
      <trkpt lat="52.67470639" lon="13.59353778">
        <ele>68.23077</ele>
        <time>2026-07-01T03:41:11.986Z</time>
      </trkpt>
      <trkpt lat="52.67605445" lon="13.59485195">
        <ele>68.23077</ele>
        <time>2026-07-01T03:41:48.912Z</time>
      </trkpt>
      <trkpt lat="52.67601362" lon="13.59480556">
        <ele>68.46154</ele>
        <time>2026-07-01T03:41:50.081Z</time>
      </trkpt>
      <trkpt lat="52.67631501" lon="13.59416278">
        <ele>68.84615</ele>
        <time>2026-07-01T03:42:01.709Z</time>
      </trkpt>
      <trkpt lat="52.67666167" lon="13.59332528">
        <ele>69.30769</ele>
        <time>2026-07-01T03:42:16.222Z</time>
      </trkpt>
      <trkpt lat="52.67681778" lon="13.59313167">
        <ele>69.69231</ele>
        <time>2026-07-01T03:42:20.827Z</time>
      </trkpt>
      <trkpt lat="52.67695862" lon="13.59304639">
        <ele>70.30769</ele>
        <time>2026-07-01T03:42:24.363Z</time>
      </trkpt>
      <trkpt lat="52.67723834" lon="13.59286112">
        <ele>70.76923</ele>
        <time>2026-07-01T03:42:31.468Z</time>
      </trkpt>
      <trkpt lat="52.67694862" lon="13.59178945">
        <ele>70.84615</ele>
        <time>2026-07-01T03:42:48.268Z</time>
      </trkpt>
      <trkpt lat="52.67664945" lon="13.59056834">
        <ele>70.92308</ele>
        <time>2026-07-01T03:43:07.126Z</time>
      </trkpt>
      <trkpt lat="52.67738056" lon="13.59011778">
        <ele>71.30769</ele>
        <time>2026-07-01T03:43:25.521Z</time>
      </trkpt>
      <trkpt lat="52.6780925" lon="13.58969806">
        <ele>71.76923</ele>
        <time>2026-07-01T03:43:43.34Z</time>
      </trkpt>
      <trkpt lat="52.6778275" lon="13.58832945">
        <ele>72.38461</ele>
        <time>2026-07-01T03:44:03.913Z</time>
      </trkpt>
      <trkpt lat="52.67753945" lon="13.58712556">
        <ele>73</ele>
        <time>2026-07-01T03:44:22.444Z</time>
      </trkpt>
      <trkpt lat="52.67720389" lon="13.58581917">
        <ele>73.69231</ele>
        <time>2026-07-01T03:44:42.758Z</time>
      </trkpt>
      <trkpt lat="52.67800223" lon="13.58515417">
        <ele>74.46154</ele>
        <time>2026-07-01T03:45:03.845Z</time>
      </trkpt>
      <trkpt lat="52.67903" lon="13.58455584">
        <ele>75</ele>
        <time>2026-07-01T03:45:29.536Z</time>
      </trkpt>
      <trkpt lat="52.67950445" lon="13.58494473">
        <ele>75.23077</ele>
        <time>2026-07-01T03:45:42.024Z</time>
      </trkpt>
      <trkpt lat="52.68000584" lon="13.58552001">
        <ele>75.61539</ele>
        <time>2026-07-01T03:45:56.428Z</time>
      </trkpt>
      <trkpt lat="52.68016556" lon="13.58559528">
        <ele>75.61539</ele>
        <time>2026-07-01T03:46:00.343Z</time>
      </trkpt>
      <trkpt lat="52.68088417" lon="13.58361917">
        <ele>75.92308</ele>
        <time>2026-07-01T03:46:33.324Z</time>
      </trkpt>
      <trkpt lat="52.68083973" lon="13.58350139">
        <ele>76.38461</ele>
        <time>2026-07-01T03:46:35.308Z</time>
      </trkpt>
      <trkpt lat="52.68111862" lon="13.5838425">
        <ele>76.84615</ele>
        <time>2026-07-01T03:46:43.493Z</time>
      </trkpt>
      <trkpt lat="52.68167945" lon="13.58465056">
        <ele>77.07692</ele>
        <time>2026-07-01T03:47:01.06Z</time>
      </trkpt>
      <trkpt lat="52.68201278" lon="13.58584223">
        <ele>77.84615</ele>
        <time>2026-07-01T03:47:19.847Z</time>
      </trkpt>
      <trkpt lat="52.68325639" lon="13.58517334">
        <ele>78.46154</ele>
        <time>2026-07-01T03:47:50.679Z</time>
      </trkpt>
      <trkpt lat="52.68391723" lon="13.58492639">
        <ele>79</ele>
        <time>2026-07-01T03:48:06.647Z</time>
      </trkpt>
      <trkpt lat="52.68391528" lon="13.58495389">
        <ele>79.01881</ele>
        <time>2026-07-01T03:48:07.043Z</time>
      </trkpt>
      <trkpt lat="52.68450445" lon="13.58514889">
        <ele>79.69231</ele>
        <time>2026-07-01T03:48:21.204Z</time>
      </trkpt>
      <trkpt lat="52.68540723" lon="13.58569473">
        <ele>80</ele>
        <time>2026-07-01T03:48:43.869Z</time>
      </trkpt>
      <trkpt lat="52.688745" lon="13.58796473">
        <ele>80.53846</ele>
        <time>2026-07-01T03:50:08.977Z</time>
      </trkpt>
      <trkpt lat="52.68929028" lon="13.58818028">
        <ele>80.38461</ele>
        <time>2026-07-01T03:50:22.191Z</time>
      </trkpt>
      <trkpt lat="52.68923973" lon="13.58817862">
        <ele>80.61539</ele>
        <time>2026-07-01T03:50:23.382Z</time>
      </trkpt>
      <trkpt lat="52.68924167" lon="13.58884195">
        <ele>80.53846</ele>
        <time>2026-07-01T03:50:32.88Z</time>
      </trkpt>
      <trkpt lat="52.68977056" lon="13.58883473">
        <ele>80.46154</ele>
        <time>2026-07-01T03:50:45.344Z</time>
      </trkpt>
      <trkpt lat="52.69107917" lon="13.58858806">
        <ele>80.84615</ele>
        <time>2026-07-01T03:51:16.383Z</time>
      </trkpt>
      <trkpt lat="52.69109695" lon="13.58839556">
        <ele>81.23077</ele>
        <time>2026-07-01T03:51:19.168Z</time>
      </trkpt>
      <trkpt lat="52.69318778" lon="13.58861528">
        <ele>81.15385</ele>
        <time>2026-07-01T03:52:08.539Z</time>
      </trkpt>
      <trkpt lat="52.69412" lon="13.58858001">
        <ele>81.23077</ele>
        <time>2026-07-01T03:52:30.513Z</time>
      </trkpt>
      <trkpt lat="52.69481945" lon="13.58853528">
        <ele>81</ele>
        <time>2026-07-01T03:52:47.008Z</time>
      </trkpt>
      <trkpt lat="52.69646528" lon="13.58843862">
        <ele>80.84615</ele>
        <time>2026-07-01T03:53:25.817Z</time>
      </trkpt>
      <trkpt lat="52.69962306" lon="13.58827112">
        <ele>80.46154</ele>
        <time>2026-07-01T03:54:40.27Z</time>
      </trkpt>
      <trkpt lat="52.70101473" lon="13.58815584">
        <ele>80.30769</ele>
        <time>2026-07-01T03:55:13.107Z</time>
      </trkpt>
      <trkpt lat="52.70163362" lon="13.58818139">
        <ele>80.15385</ele>
        <time>2026-07-01T03:55:27.696Z</time>
      </trkpt>
      <trkpt lat="52.70247751" lon="13.58824223">
        <ele>80.46154</ele>
        <time>2026-07-01T03:55:47.602Z</time>
      </trkpt>
      <trkpt lat="52.70311417" lon="13.58856917">
        <ele>80.92308</ele>
        <time>2026-07-01T03:56:03.316Z</time>
      </trkpt>
      <trkpt lat="52.70360473" lon="13.58847">
        <ele>81.92308</ele>
        <time>2026-07-01T03:56:14.963Z</time>
      </trkpt>
      <trkpt lat="52.70554695" lon="13.58724584">
        <ele>83.07692</ele>
        <time>2026-07-01T03:57:03.972Z</time>
      </trkpt>
      <trkpt lat="52.70560556" lon="13.58733806">
        <ele>82.92308</ele>
        <time>2026-07-01T03:57:05.881Z</time>
      </trkpt>
      <trkpt lat="52.70724028" lon="13.58871223">
        <ele>82.46154</ele>
        <time>2026-07-01T03:57:49.135Z</time>
      </trkpt>
      <trkpt lat="52.70791028" lon="13.58931112">
        <ele>81.76923</ele>
        <time>2026-07-01T03:58:07.101Z</time>
      </trkpt>
      <trkpt lat="52.70843139" lon="13.58962195">
        <ele>81</ele>
        <time>2026-07-01T03:58:20.16Z</time>
      </trkpt>
      <trkpt lat="52.70984556" lon="13.590335">
        <ele>80.30769</ele>
        <time>2026-07-01T03:58:55.013Z</time>
      </trkpt>
      <trkpt lat="52.71118028" lon="13.59090445">
        <ele>79.92308</ele>
        <time>2026-07-01T03:59:27.505Z</time>
      </trkpt>
      <trkpt lat="52.71241973" lon="13.59131473">
        <ele>78.76923</ele>
        <time>2026-07-01T03:59:57.296Z</time>
      </trkpt>
      <trkpt lat="52.71576834" lon="13.59255945">
        <ele>77.61539</ele>
        <time>2026-07-01T04:01:18.193Z</time>
      </trkpt>
      <trkpt lat="52.71991501" lon="13.59431973">
        <ele>76.53846</ele>
        <time>2026-07-01T04:02:59.105Z</time>
      </trkpt>
      <trkpt lat="52.71982556" lon="13.59425945">
        <ele>75.46154</ele>
        <time>2026-07-01T04:03:01.382Z</time>
      </trkpt>
      <trkpt lat="52.7202625" lon="13.59450917">
        <ele>74.15385</ele>
        <time>2026-07-01T04:03:12.28Z</time>
      </trkpt>
      <trkpt lat="52.72269695" lon="13.59596028">
        <ele>72.46154</ele>
        <time>2026-07-01T04:04:13.291Z</time>
      </trkpt>
      <trkpt lat="52.72397862" lon="13.59714778">
        <ele>71.61539</ele>
        <time>2026-07-01T04:04:47.945Z</time>
      </trkpt>
      <trkpt lat="52.72594056" lon="13.59883917">
        <ele>71.76923</ele>
        <time>2026-07-01T04:05:40.129Z</time>
      </trkpt>
      <trkpt lat="52.72690139" lon="13.59955917">
        <ele>71.30769</ele>
        <time>2026-07-01T04:06:05.004Z</time>
      </trkpt>
      <trkpt lat="52.72745362" lon="13.60000251">
        <ele>69.53846</ele>
        <time>2026-07-01T04:06:19.478Z</time>
      </trkpt>
      <trkpt lat="52.72742362" lon="13.59999167">
        <ele>69.42883</ele>
        <time>2026-07-01T04:06:20.202Z</time>
      </trkpt>
      <trkpt lat="52.72803834" lon="13.60074778">
        <ele>66.69231</ele>
        <time>2026-07-01T04:06:38.281Z</time>
      </trkpt>
      <trkpt lat="52.73039612" lon="13.60338389">
        <ele>64.69231</ele>
        <time>2026-07-01T04:07:45.433Z</time>
      </trkpt>
      <trkpt lat="52.73468139" lon="13.60828084">
        <ele>63.69231</ele>
        <time>2026-07-01T04:09:48.335Z</time>
      </trkpt>
      <trkpt lat="52.73835612" lon="13.61258917">
        <ele>62.46154</ele>
        <time>2026-07-01T04:11:34.621Z</time>
      </trkpt>
      <trkpt lat="52.73932695" lon="13.61325723">
        <ele>61.15385</ele>
        <time>2026-07-01T04:11:59.414Z</time>
      </trkpt>
      <trkpt lat="52.73931167" lon="13.61321473">
        <ele>61.11117</ele>
        <time>2026-07-01T04:12:00.12Z</time>
      </trkpt>
      <trkpt lat="52.74053556" lon="13.61442501">
        <ele>59.07692</ele>
        <time>2026-07-01T04:12:33.757Z</time>
      </trkpt>
      <trkpt lat="52.74084417" lon="13.61471417">
        <ele>58.07692</ele>
        <time>2026-07-01T04:12:42.121Z</time>
      </trkpt>
      <trkpt lat="52.74106806" lon="13.61489834">
        <ele>56</ele>
        <time>2026-07-01T04:12:48.017Z</time>
      </trkpt>
      <trkpt lat="52.74187751" lon="13.61451806">
        <ele>53.76923</ele>
        <time>2026-07-01T04:13:07.85Z</time>
      </trkpt>
      <trkpt lat="52.74250751" lon="13.61457806">
        <ele>52.69231</ele>
        <time>2026-07-01T04:13:22.721Z</time>
      </trkpt>
      <trkpt lat="52.74278528" lon="13.61448556">
        <ele>52.76923</ele>
        <time>2026-07-01T04:13:29.399Z</time>
      </trkpt>
      <trkpt lat="52.74305667" lon="13.61461334">
        <ele>52.84615</ele>
        <time>2026-07-01T04:13:36.05Z</time>
      </trkpt>
      <trkpt lat="52.74365001" lon="13.61496306">
        <ele>52</ele>
        <time>2026-07-01T04:13:50.898Z</time>
      </trkpt>
      <trkpt lat="52.74392528" lon="13.61496139">
        <ele>51.38462</ele>
        <time>2026-07-01T04:13:57.385Z</time>
      </trkpt>
      <trkpt lat="52.74481417" lon="13.61465556">
        <ele>50.69231</ele>
        <time>2026-07-01T04:14:18.783Z</time>
      </trkpt>
      <trkpt lat="52.74571278" lon="13.61455334">
        <ele>50.15385</ele>
        <time>2026-07-01T04:14:40.009Z</time>
      </trkpt>
      <trkpt lat="52.747715" lon="13.61522639">
        <ele>49.69231</ele>
        <time>2026-07-01T04:15:28.164Z</time>
      </trkpt>
      <trkpt lat="52.74799667" lon="13.61552945">
        <ele>49</ele>
        <time>2026-07-01T04:15:36.088Z</time>
      </trkpt>
      <trkpt lat="52.74957834" lon="13.61772001">
        <ele>48</ele>
        <time>2026-07-01T04:16:24.776Z</time>
      </trkpt>
      <trkpt lat="52.74985362" lon="13.61804028">
        <ele>47.15385</ele>
        <time>2026-07-01T04:16:32.714Z</time>
      </trkpt>
      <trkpt lat="52.75075584" lon="13.61869917">
        <ele>46.53846</ele>
        <time>2026-07-01T04:16:55.969Z</time>
      </trkpt>
      <trkpt lat="52.75128639" lon="13.61931639">
        <ele>46</ele>
        <time>2026-07-01T04:17:11.273Z</time>
      </trkpt>
      <trkpt lat="52.75135028" lon="13.61960278">
        <ele>45.38462</ele>
        <time>2026-07-01T04:17:15.631Z</time>
      </trkpt>
      <trkpt lat="52.75152278" lon="13.62008751">
        <ele>44.53846</ele>
        <time>2026-07-01T04:17:23.666Z</time>
      </trkpt>
      <trkpt lat="52.75171556" lon="13.62046084">
        <ele>43.92308</ele>
        <time>2026-07-01T04:17:30.671Z</time>
      </trkpt>
      <trkpt lat="52.75222139" lon="13.62122501">
        <ele>43.61538</ele>
        <time>2026-07-01T04:17:46.841Z</time>
      </trkpt>
      <trkpt lat="52.75296584" lon="13.62261139">
        <ele>43.69231</ele>
        <time>2026-07-01T04:18:13.312Z</time>
      </trkpt>
      <trkpt lat="52.75436612" lon="13.62520112">
        <ele>43.76923</ele>
        <time>2026-07-01T04:19:02.91Z</time>
      </trkpt>
      <trkpt lat="52.7553425" lon="13.62711001">
        <ele>43.92308</ele>
        <time>2026-07-01T04:19:38.607Z</time>
      </trkpt>
      <trkpt lat="52.75600612" lon="13.62884945">
        <ele>43.92308</ele>
        <time>2026-07-01T04:20:07.985Z</time>
      </trkpt>
      <trkpt lat="52.75618028" lon="13.62926556">
        <ele>44</ele>
        <time>2026-07-01T04:20:15.207Z</time>
      </trkpt>
      <trkpt lat="52.75641917" lon="13.62937917">
        <ele>44.15385</ele>
        <time>2026-07-01T04:20:21.066Z</time>
      </trkpt>
      <trkpt lat="52.75899862" lon="13.62973028">
        <ele>44.15385</ele>
        <time>2026-07-01T04:21:22.059Z</time>
      </trkpt>
      <trkpt lat="52.75931195" lon="13.62975306">
        <ele>44.23077</ele>
        <time>2026-07-01T04:21:29.45Z</time>
      </trkpt>
      <trkpt lat="52.7597275" lon="13.6297725">
        <ele>44.76923</ele>
        <time>2026-07-01T04:21:39.247Z</time>
      </trkpt>
      <trkpt lat="52.76012139" lon="13.62995139">
        <ele>45.30769</ele>
        <time>2026-07-01T04:21:48.874Z</time>
      </trkpt>
      <trkpt lat="52.76115889" lon="13.63080917">
        <ele>46.53846</ele>
        <time>2026-07-01T04:22:16.226Z</time>
      </trkpt>
      <trkpt lat="52.76299556" lon="13.63065417">
        <ele>47.53846</ele>
        <time>2026-07-01T04:22:59.565Z</time>
      </trkpt>
      <trkpt lat="52.76345945" lon="13.63043806">
        <ele>48.53846</ele>
        <time>2026-07-01T04:23:10.924Z</time>
      </trkpt>
      <trkpt lat="52.76416" lon="13.63055723">
        <ele>49.30769</ele>
        <time>2026-07-01T04:23:27.52Z</time>
      </trkpt>
      <trkpt lat="52.76483056" lon="13.630775">
        <ele>50.15385</ele>
        <time>2026-07-01T04:23:43.625Z</time>
      </trkpt>
      <trkpt lat="52.76567167" lon="13.63132195">
        <ele>51</ele>
        <time>2026-07-01T04:24:04.932Z</time>
      </trkpt>
      <trkpt lat="52.76583362" lon="13.63129612">
        <ele>51.23077</ele>
        <time>2026-07-01T04:24:08.766Z</time>
      </trkpt>
      <trkpt lat="52.76574667" lon="13.63103584">
        <ele>51.15385</ele>
        <time>2026-07-01T04:24:13.009Z</time>
      </trkpt>
      <trkpt lat="52.76584306" lon="13.63070639">
        <ele>51</ele>
        <time>2026-07-01T04:24:18.232Z</time>
      </trkpt>
      <trkpt lat="52.76661834" lon="13.62812306">
        <ele>50.84615</ele>
        <time>2026-07-01T04:24:59.431Z</time>
      </trkpt>
      <trkpt lat="52.76664445" lon="13.62802389">
        <ele>50.61538</ele>
        <time>2026-07-01T04:25:00.975Z</time>
      </trkpt>
      <trkpt lat="52.76682695" lon="13.62806778">
        <ele>49.84615</ele>
        <time>2026-07-01T04:25:05.321Z</time>
      </trkpt>
      <trkpt lat="52.76750695" lon="13.62788028">
        <ele>48.69231</ele>
        <time>2026-07-01T04:25:21.568Z</time>
      </trkpt>
      <trkpt lat="52.76831389" lon="13.62724334">
        <ele>47.38462</ele>
        <time>2026-07-01T04:25:42.651Z</time>
      </trkpt>
      <trkpt lat="52.76956445" lon="13.62755695">
        <ele>46.23077</ele>
        <time>2026-07-01T04:26:12.459Z</time>
      </trkpt>
      <trkpt lat="52.77048973" lon="13.62748751">
        <ele>45.07692</ele>
        <time>2026-07-01T04:26:34.286Z</time>
      </trkpt>
      <trkpt lat="52.77336056" lon="13.62723667">
        <ele>44.23077</ele>
        <time>2026-07-01T04:27:42.034Z</time>
      </trkpt>
      <trkpt lat="52.77397223" lon="13.62718917">
        <ele>43.46154</ele>
        <time>2026-07-01T04:27:56.464Z</time>
      </trkpt>
      <trkpt lat="52.77422556" lon="13.62731084">
        <ele>42.84615</ele>
        <time>2026-07-01T04:28:02.681Z</time>
      </trkpt>
      <trkpt lat="52.77422639" lon="13.62768445">
        <ele>43.30769</ele>
        <time>2026-07-01T04:28:08.014Z</time>
      </trkpt>
      <trkpt lat="52.77401334" lon="13.62809862">
        <ele>43.84615</ele>
        <time>2026-07-01T04:28:15.77Z</time>
      </trkpt>
      <trkpt lat="52.77402278" lon="13.62821251">
        <ele>45</ele>
        <time>2026-07-01T04:28:17.411Z</time>
      </trkpt>
      <trkpt lat="52.77414334" lon="13.62888834">
        <ele>46</ele>
        <time>2026-07-01T04:28:27.479Z</time>
      </trkpt>
      <trkpt lat="52.77417806" lon="13.62891167">
        <ele>46.32653</ele>
        <time>2026-07-01T04:28:28.362Z</time>
      </trkpt>
      <trkpt lat="52.77444528" lon="13.62877139">
        <ele>48.76923</ele>
        <time>2026-07-01T04:28:34.97Z</time>
      </trkpt>
      <trkpt lat="52.77501056" lon="13.62859167">
        <ele>50.53846</ele>
        <time>2026-07-01T04:28:48.536Z</time>
      </trkpt>
      <trkpt lat="52.77575695" lon="13.62853278">
        <ele>52.53846</ele>
        <time>2026-07-01T04:29:06.145Z</time>
      </trkpt>
      <trkpt lat="52.77679778" lon="13.62847445">
        <ele>54.38462</ele>
        <time>2026-07-01T04:29:30.687Z</time>
      </trkpt>
      <trkpt lat="52.77797195" lon="13.62870306">
        <ele>56</ele>
        <time>2026-07-01T04:29:58.549Z</time>
      </trkpt>
      <trkpt lat="52.77899445" lon="13.62941806">
        <ele>56.61538</ele>
        <time>2026-07-01T04:30:24.722Z</time>
      </trkpt>
      <trkpt lat="52.77969945" lon="13.63073528">
        <ele>57.53846</ele>
        <time>2026-07-01T04:30:49.828Z</time>
      </trkpt>
      <trkpt lat="52.78043973" lon="13.63175056">
        <ele>58.38462</ele>
        <time>2026-07-01T04:31:12.517Z</time>
      </trkpt>
      <trkpt lat="52.78144723" lon="13.63393945">
        <ele>58.53846</ele>
        <time>2026-07-01T04:31:51.785Z</time>
      </trkpt>
      <trkpt lat="52.7820075" lon="13.63484223">
        <ele>58.92308</ele>
        <time>2026-07-01T04:32:10.244Z</time>
      </trkpt>
      <trkpt lat="52.78245334" lon="13.63532362">
        <ele>58.53846</ele>
        <time>2026-07-01T04:32:22.802Z</time>
      </trkpt>
      <trkpt lat="52.78444528" lon="13.63804556">
        <ele>58</ele>
        <time>2026-07-01T04:33:23.762Z</time>
      </trkpt>
      <trkpt lat="52.78721667" lon="13.63641389">
        <ele>56.92308</ele>
        <time>2026-07-01T04:34:33.108Z</time>
      </trkpt>
      <trkpt lat="52.78778195" lon="13.63601417">
        <ele>54.84615</ele>
        <time>2026-07-01T04:34:47.599Z</time>
      </trkpt>
      <trkpt lat="52.78913056" lon="13.63421112">
        <ele>52.84615</ele>
        <time>2026-07-01T04:35:28.508Z</time>
      </trkpt>
      <trkpt lat="52.78995112" lon="13.63301778">
        <ele>50.76923</ele>
        <time>2026-07-01T04:35:54.287Z</time>
      </trkpt>
      <trkpt lat="52.7909375" lon="13.63175889">
        <ele>48.69231</ele>
        <time>2026-07-01T04:36:23.677Z</time>
      </trkpt>
      <trkpt lat="52.79219445" lon="13.63085001">
        <ele>47</ele>
        <time>2026-07-01T04:36:56.019Z</time>
      </trkpt>
      <trkpt lat="52.79358639" lon="13.62929139">
        <ele>46.15385</ele>
        <time>2026-07-01T04:37:35.664Z</time>
      </trkpt>
      <trkpt lat="52.79381362" lon="13.62862195">
        <ele>45.30769</ele>
        <time>2026-07-01T04:37:46.624Z</time>
      </trkpt>
      <trkpt lat="52.79405306" lon="13.628105">
        <ele>44.84615</ele>
        <time>2026-07-01T04:37:55.918Z</time>
      </trkpt>
      <trkpt lat="52.79426001" lon="13.62772001">
        <ele>44.76923</ele>
        <time>2026-07-01T04:38:03.263Z</time>
      </trkpt>
      <trkpt lat="52.79511389" lon="13.62682778">
        <ele>44.53846</ele>
        <time>2026-07-01T04:38:27.082Z</time>
      </trkpt>
      <trkpt lat="52.79587278" lon="13.62615917">
        <ele>44.23077</ele>
        <time>2026-07-01T04:38:47.356Z</time>
      </trkpt>
      <trkpt lat="52.79651834" lon="13.62597362">
        <ele>44.15385</ele>
        <time>2026-07-01T04:39:02.798Z</time>
      </trkpt>
      <trkpt lat="52.79883556" lon="13.62513001">
        <ele>44.46154</ele>
        <time>2026-07-01T04:39:58.719Z</time>
      </trkpt>
      <trkpt lat="52.79951612" lon="13.6247625">
        <ele>45.46154</ele>
        <time>2026-07-01T04:40:15.592Z</time>
      </trkpt>
      <trkpt lat="52.80181445" lon="13.62652056">
        <ele>46.38462</ele>
        <time>2026-07-01T04:41:15.291Z</time>
      </trkpt>
      <trkpt lat="52.80452139" lon="13.62880139">
        <ele>46.84615</ele>
        <time>2026-07-01T04:42:26.918Z</time>
      </trkpt>
      <trkpt lat="52.80803417" lon="13.63173806">
        <ele>47</ele>
        <time>2026-07-01T04:43:59.716Z</time>
      </trkpt>
      <trkpt lat="52.80983528" lon="13.6331925">
        <ele>47.07692</ele>
        <time>2026-07-01T04:44:46.97Z</time>
      </trkpt>
      <trkpt lat="52.81258362" lon="13.63549195">
        <ele>47.61538</ele>
        <time>2026-07-01T04:45:59.584Z</time>
      </trkpt>
      <trkpt lat="52.81330473" lon="13.63689167">
        <ele>48.23077</ele>
        <time>2026-07-01T04:46:25.818Z</time>
      </trkpt>
      <trkpt lat="52.81350084" lon="13.63701612">
        <ele>47.92308</ele>
        <time>2026-07-01T04:46:30.769Z</time>
      </trkpt>
      <trkpt lat="52.81369862" lon="13.6369975">
        <ele>47.76923</ele>
        <time>2026-07-01T04:46:35.437Z</time>
      </trkpt>
      <trkpt lat="52.81414889" lon="13.63626223">
        <ele>47.61538</ele>
        <time>2026-07-01T04:46:50.364Z</time>
      </trkpt>
      <trkpt lat="52.81428195" lon="13.63628445">
        <ele>47.07692</ele>
        <time>2026-07-01T04:46:53.516Z</time>
      </trkpt>
      <trkpt lat="52.81455028" lon="13.63638528">
        <ele>46.76923</ele>
        <time>2026-07-01T04:47:00.001Z</time>
      </trkpt>
      <trkpt lat="52.81483501" lon="13.6368125">
        <ele>47.15385</ele>
        <time>2026-07-01T04:47:09.064Z</time>
      </trkpt>
      <trkpt lat="52.81569306" lon="13.63804834">
        <ele>47.15385</ele>
        <time>2026-07-01T04:47:35.901Z</time>
      </trkpt>
      <trkpt lat="52.81628889" lon="13.63869862">
        <ele>46.46154</ele>
        <time>2026-07-01T04:47:52.734Z</time>
      </trkpt>
      <trkpt lat="52.82051945" lon="13.64211556">
        <ele>45.84615</ele>
        <time>2026-07-01T04:49:43.726Z</time>
      </trkpt>
      <trkpt lat="52.82322639" lon="13.64434834">
        <ele>45.38462</ele>
        <time>2026-07-01T04:50:55.037Z</time>
      </trkpt>
      <trkpt lat="52.82664917" lon="13.64720223">
        <ele>45.30769</ele>
        <time>2026-07-01T04:52:25.402Z</time>
      </trkpt>
      <trkpt lat="52.82749306" lon="13.64787056">
        <ele>44.69231</ele>
        <time>2026-07-01T04:52:47.459Z</time>
      </trkpt>
      <trkpt lat="52.82771445" lon="13.64815028">
        <ele>44.30769</ele>
        <time>2026-07-01T04:52:54.026Z</time>
      </trkpt>
      <trkpt lat="52.82828889" lon="13.64865389">
        <ele>44.53846</ele>
        <time>2026-07-01T04:53:09.353Z</time>
      </trkpt>
      <trkpt lat="52.82837334" lon="13.64829278">
        <ele>44.23077</ele>
        <time>2026-07-01T04:53:14.872Z</time>
      </trkpt>
      <trkpt lat="52.82874667" lon="13.64758362">
        <ele>44.38462</ele>
        <time>2026-07-01T04:53:28.283Z</time>
      </trkpt>
      <trkpt lat="52.82884501" lon="13.64708917">
        <ele>44.84615</ele>
        <time>2026-07-01T04:53:35.711Z</time>
      </trkpt>
      <trkpt lat="52.82882667" lon="13.64475362">
        <ele>45.07692</ele>
        <time>2026-07-01T04:54:09.05Z</time>
      </trkpt>
      <trkpt lat="52.82880695" lon="13.64250195">
        <ele>44.30769</ele>
        <time>2026-07-01T04:54:41.192Z</time>
      </trkpt>
      <trkpt lat="52.82864556" lon="13.64137389">
        <ele>43.38462</ele>
        <time>2026-07-01T04:54:57.736Z</time>
      </trkpt>
      <trkpt lat="52.82856195" lon="13.63972473">
        <ele>43.23077</ele>
        <time>2026-07-01T04:55:21.358Z</time>
      </trkpt>
      <trkpt lat="52.82879139" lon="13.63713556">
        <ele>43.76923</ele>
        <time>2026-07-01T04:55:58.708Z</time>
      </trkpt>
      <trkpt lat="52.82872028" lon="13.63418723">
        <ele>44.23077</ele>
        <time>2026-07-01T04:56:40.824Z</time>
      </trkpt>
      <trkpt lat="52.82875862" lon="13.63391639">
        <ele>44.07692</ele>
        <time>2026-07-01T04:56:44.789Z</time>
      </trkpt>
      <trkpt lat="52.82910278" lon="13.6333825">
        <ele>44.15385</ele>
        <time>2026-07-01T04:56:55.918Z</time>
      </trkpt>
      <trkpt lat="52.8296375" lon="13.63309195">
        <ele>43.84615</ele>
        <time>2026-07-01T04:57:09.182Z</time>
      </trkpt>
      <trkpt lat="52.83005528" lon="13.63240917">
        <ele>43.30769</ele>
        <time>2026-07-01T04:57:23.035Z</time>
      </trkpt>
      <trkpt lat="52.83113389" lon="13.62970639">
        <ele>42.92308</ele>
        <time>2026-07-01T04:58:09.233Z</time>
      </trkpt>
      <trkpt lat="52.83240751" lon="13.62645028">
        <ele>42.23077</ele>
        <time>2026-07-01T04:59:04.555Z</time>
      </trkpt>
      <trkpt lat="52.83273695" lon="13.62609334">
        <ele>41.69231</ele>
        <time>2026-07-01T04:59:13.837Z</time>
      </trkpt>
      <trkpt lat="52.83304223" lon="13.62601028">
        <ele>40.92308</ele>
        <time>2026-07-01T04:59:21.128Z</time>
      </trkpt>
      <trkpt lat="52.83422945" lon="13.62595612">
        <ele>40.46154</ele>
        <time>2026-07-01T04:59:49.116Z</time>
      </trkpt>
      <trkpt lat="52.83601917" lon="13.62589889">
        <ele>40.23077</ele>
        <time>2026-07-01T05:00:31.3Z</time>
      </trkpt>
      <trkpt lat="52.83686834" lon="13.62574278">
        <ele>39.92308</ele>
        <time>2026-07-01T05:00:51.435Z</time>
      </trkpt>
      <trkpt lat="52.83711278" lon="13.62563028">
        <ele>39.46154</ele>
        <time>2026-07-01T05:00:57.414Z</time>
      </trkpt>
      <trkpt lat="52.83724973" lon="13.62538389">
        <ele>39.46154</ele>
        <time>2026-07-01T05:01:02.184Z</time>
      </trkpt>
      <trkpt lat="52.83737612" lon="13.62471362">
        <ele>39.92308</ele>
        <time>2026-07-01T05:01:12.202Z</time>
      </trkpt>
      <trkpt lat="52.83741473" lon="13.62452473">
        <ele>39.84615</ele>
        <time>2026-07-01T05:01:15.044Z</time>
      </trkpt>
      <trkpt lat="52.83775" lon="13.62420389">
        <ele>39.23077</ele>
        <time>2026-07-01T05:01:24.173Z</time>
      </trkpt>
      <trkpt lat="52.83990723" lon="13.6243">
        <ele>38.76923</ele>
        <time>2026-07-01T05:02:15.028Z</time>
      </trkpt>
      <trkpt lat="52.84058584" lon="13.62438278">
        <ele>38.76923</ele>
        <time>2026-07-01T05:02:31.063Z</time>
      </trkpt>
      <trkpt lat="52.84090139" lon="13.62423945">
        <ele>38.84615</ele>
        <time>2026-07-01T05:02:38.775Z</time>
      </trkpt>
      <trkpt lat="52.84112112" lon="13.62484223">
        <ele>39.30769</ele>
        <time>2026-07-01T05:02:48.815Z</time>
      </trkpt>
      <trkpt lat="52.84154251" lon="13.62572">
        <ele>39.92308</ele>
        <time>2026-07-01T05:03:04.799Z</time>
      </trkpt>
      <trkpt lat="52.84161056" lon="13.62640889">
        <ele>40.38462</ele>
        <time>2026-07-01T05:03:14.759Z</time>
      </trkpt>
      <trkpt lat="52.84173639" lon="13.62654612">
        <ele>40.84615</ele>
        <time>2026-07-01T05:03:18.311Z</time>
      </trkpt>
      <trkpt lat="52.84199723" lon="13.62664667">
        <ele>40.92308</ele>
        <time>2026-07-01T05:03:24.623Z</time>
      </trkpt>
      <trkpt lat="52.84222112" lon="13.62658778">
        <ele>40.61538</ele>
        <time>2026-07-01T05:03:29.965Z</time>
      </trkpt>
      <trkpt lat="52.842355" lon="13.626415">
        <ele>40.61538</ele>
        <time>2026-07-01T05:03:33.967Z</time>
      </trkpt>
      <trkpt lat="52.84252139" lon="13.62603889">
        <ele>40.61538</ele>
        <time>2026-07-01T05:03:40.608Z</time>
      </trkpt>
      <trkpt lat="52.84273584" lon="13.62464473">
        <ele>41.46154</ele>
        <time>2026-07-01T05:04:01.133Z</time>
      </trkpt>
      <trkpt lat="52.84346834" lon="13.62190806">
        <ele>42</ele>
        <time>2026-07-01T05:04:43.827Z</time>
      </trkpt>
      <trkpt lat="52.84399584" lon="13.62000389">
        <ele>42.23077</ele>
        <time>2026-07-01T05:05:13.706Z</time>
      </trkpt>
      <trkpt lat="52.84419473" lon="13.61959223">
        <ele>41.92308</ele>
        <time>2026-07-01T05:05:21.215Z</time>
      </trkpt>
      <trkpt lat="52.84488723" lon="13.61684028">
        <ele>41.61538</ele>
        <time>2026-07-01T05:06:03.737Z</time>
      </trkpt>
      <trkpt lat="52.84519945" lon="13.61661556">
        <ele>41.30769</ele>
        <time>2026-07-01T05:06:11.761Z</time>
      </trkpt>
      <trkpt lat="52.8461225" lon="13.61578028">
        <ele>41</ele>
        <time>2026-07-01T05:06:36.564Z</time>
      </trkpt>
      <trkpt lat="52.8471725" lon="13.61466278">
        <ele>40.84615</ele>
        <time>2026-07-01T05:07:06Z</time>
      </trkpt>
      <trkpt lat="52.84765251" lon="13.61378612">
        <ele>40.61538</ele>
        <time>2026-07-01T05:07:22.864Z</time>
      </trkpt>
      <trkpt lat="52.848155" lon="13.61243639">
        <ele>40.92308</ele>
        <time>2026-07-01T05:07:45.47Z</time>
      </trkpt>
      <trkpt lat="52.84847612" lon="13.61133056">
        <ele>41.38462</ele>
        <time>2026-07-01T05:08:02.968Z</time>
      </trkpt>
      <trkpt lat="52.84880778" lon="13.61028806">
        <ele>41.38462</ele>
        <time>2026-07-01T05:08:19.77Z</time>
      </trkpt>
      <trkpt lat="52.84899667" lon="13.60971139">
        <ele>41.23077</ele>
        <time>2026-07-01T05:08:29.124Z</time>
      </trkpt>
      <trkpt lat="52.84927223" lon="13.60955584">
        <ele>40.84615</ele>
        <time>2026-07-01T05:08:35.986Z</time>
      </trkpt>
      <trkpt lat="52.84931417" lon="13.60945501">
        <ele>40.84615</ele>
        <time>2026-07-01T05:08:37.73Z</time>
      </trkpt>
      <trkpt lat="52.85028417" lon="13.61161334">
        <ele>41.07692</ele>
        <time>2026-07-01T05:09:16.079Z</time>
      </trkpt>
      <trkpt lat="52.85047389" lon="13.61187723">
        <ele>42</ele>
        <time>2026-07-01T05:09:21.921Z</time>
      </trkpt>
      <trkpt lat="52.85069167" lon="13.61208223">
        <ele>42.69231</ele>
        <time>2026-07-01T05:09:27.826Z</time>
      </trkpt>
      <trkpt lat="52.85096695" lon="13.61214084">
        <ele>43.23077</ele>
        <time>2026-07-01T05:09:34.367Z</time>
      </trkpt>
      <trkpt lat="52.85140639" lon="13.61209334">
        <ele>44.38462</ele>
        <time>2026-07-01T05:09:44.745Z</time>
      </trkpt>
      <trkpt lat="52.85217028" lon="13.61200723">
        <ele>45</ele>
        <time>2026-07-01T05:10:02.789Z</time>
      </trkpt>
      <trkpt lat="52.85253001" lon="13.61194362">
        <ele>45.76923</ele>
        <time>2026-07-01T05:10:11.315Z</time>
      </trkpt>
      <trkpt lat="52.85295473" lon="13.61180778">
        <ele>46.30769</ele>
        <time>2026-07-01T05:10:21.509Z</time>
      </trkpt>
      <trkpt lat="52.85298889" lon="13.61203778">
        <ele>46.84615</ele>
        <time>2026-07-01T05:10:24.883Z</time>
      </trkpt>
      <trkpt lat="52.85285445" lon="13.61174084">
        <ele>47.76923</ele>
        <time>2026-07-01T05:10:30.169Z</time>
      </trkpt>
      <trkpt lat="52.85270778" lon="13.61110917">
        <ele>47.92308</ele>
        <time>2026-07-01T05:10:39.82Z</time>
      </trkpt>
      <trkpt lat="52.85258889" lon="13.61007862">
        <ele>48.15385</ele>
        <time>2026-07-01T05:10:54.786Z</time>
      </trkpt>
      <trkpt lat="52.85225889" lon="13.60645473">
        <ele>48.61538</ele>
        <time>2026-07-01T05:11:47.065Z</time>
      </trkpt>
      <trkpt lat="52.85254639" lon="13.60642889">
        <ele>49.38462</ele>
        <time>2026-07-01T05:11:53.85Z</time>
      </trkpt>
      <trkpt lat="52.852695" lon="13.60647778">
        <ele>49.53846</ele>
        <time>2026-07-01T05:11:57.421Z</time>
      </trkpt>
      <trkpt lat="52.85349751" lon="13.60842695">
        <ele>50.53846</ele>
        <time>2026-07-01T05:12:31.049Z</time>
      </trkpt>
      <trkpt lat="52.85474723" lon="13.61139112">
        <ele>51.23077</ele>
        <time>2026-07-01T05:13:22.579Z</time>
      </trkpt>
      <trkpt lat="52.85504612" lon="13.61196139">
        <ele>51.53846</ele>
        <time>2026-07-01T05:13:33.339Z</time>
      </trkpt>
      <trkpt lat="52.85526556" lon="13.61213195">
        <ele>52.15385</ele>
        <time>2026-07-01T05:13:39.053Z</time>
      </trkpt>
      <trkpt lat="52.85666362" lon="13.61202945">
        <ele>53.15385</ele>
        <time>2026-07-01T05:14:12.032Z</time>
      </trkpt>
      <trkpt lat="52.85754334" lon="13.61228528">
        <ele>53.92308</ele>
        <time>2026-07-01T05:14:33.081Z</time>
      </trkpt>
      <trkpt lat="52.85989112" lon="13.61278639">
        <ele>54.53846</ele>
        <time>2026-07-01T05:15:28.868Z</time>
      </trkpt>
      <trkpt lat="52.86287001" lon="13.61344917">
        <ele>54.76923</ele>
        <time>2026-07-01T05:16:39.702Z</time>
      </trkpt>
      <trkpt lat="52.86365139" lon="13.61392778">
        <ele>55.53846</ele>
        <time>2026-07-01T05:16:59.34Z</time>
      </trkpt>
      <trkpt lat="52.86417223" lon="13.61410612">
        <ele>56.38462</ele>
        <time>2026-07-01T05:17:11.874Z</time>
      </trkpt>
      <trkpt lat="52.86572195" lon="13.61469862">
        <ele>57.15385</ele>
        <time>2026-07-01T05:17:49.359Z</time>
      </trkpt>
      <trkpt lat="52.86685334" lon="13.61517056">
        <ele>57.61538</ele>
        <time>2026-07-01T05:18:16.858Z</time>
      </trkpt>
      <trkpt lat="52.86905778" lon="13.61571945">
        <ele>57.76923</ele>
        <time>2026-07-01T05:19:09.394Z</time>
      </trkpt>
      <trkpt lat="52.869415" lon="13.61582889">
        <ele>57.61538</ele>
        <time>2026-07-01T05:19:17.955Z</time>
      </trkpt>
      <trkpt lat="52.87018195" lon="13.61599917">
        <ele>57.46154</ele>
        <time>2026-07-01T05:19:36.191Z</time>
      </trkpt>
      <trkpt lat="52.87055612" lon="13.61600945">
        <ele>57.38462</ele>
        <time>2026-07-01T05:19:45.01Z</time>
      </trkpt>
      <trkpt lat="52.87079389" lon="13.61607806">
        <ele>57.23077</ele>
        <time>2026-07-01T05:19:50.698Z</time>
      </trkpt>
      <trkpt lat="52.87114" lon="13.61617001">
        <ele>56.38462</ele>
        <time>2026-07-01T05:19:58.959Z</time>
      </trkpt>
      <trkpt lat="52.87198251" lon="13.61637778">
        <ele>55.76923</ele>
        <time>2026-07-01T05:20:19.033Z</time>
      </trkpt>
      <trkpt lat="52.87268278" lon="13.61643862">
        <ele>55.23077</ele>
        <time>2026-07-01T05:20:35.558Z</time>
      </trkpt>
      <trkpt lat="52.87412889" lon="13.61634473">
        <ele>54.53846</ele>
        <time>2026-07-01T05:21:09.663Z</time>
      </trkpt>
      <trkpt lat="52.87416389" lon="13.61692056">
        <ele>53.84615</ele>
        <time>2026-07-01T05:21:17.915Z</time>
      </trkpt>
      <trkpt lat="52.87411834" lon="13.61737889">
        <ele>52.92308</ele>
        <time>2026-07-01T05:21:24.53Z</time>
      </trkpt>
      <trkpt lat="52.87396723" lon="13.61791889">
        <ele>51.92308</ele>
        <time>2026-07-01T05:21:33.013Z</time>
      </trkpt>
      <trkpt lat="52.87360528" lon="13.61857667">
        <ele>50.92308</ele>
        <time>2026-07-01T05:21:45.691Z</time>
      </trkpt>
      <trkpt lat="52.87354417" lon="13.61874723">
        <ele>50.30769</ele>
        <time>2026-07-01T05:21:48.515Z</time>
      </trkpt>
      <trkpt lat="52.87353639" lon="13.61894306">
        <ele>49.23077</ele>
        <time>2026-07-01T05:21:51.31Z</time>
      </trkpt>
      <trkpt lat="52.87356723" lon="13.61919084">
        <ele>48.46154</ele>
        <time>2026-07-01T05:21:54.913Z</time>
      </trkpt>
      <trkpt lat="52.87356917" lon="13.61939778">
        <ele>47.53846</ele>
        <time>2026-07-01T05:21:57.86Z</time>
      </trkpt>
      <trkpt lat="52.87349528" lon="13.61955834">
        <ele>46.92308</ele>
        <time>2026-07-01T05:22:00.734Z</time>
      </trkpt>
      <trkpt lat="52.8733875" lon="13.61970334">
        <ele>46.38462</ele>
        <time>2026-07-01T05:22:04.007Z</time>
      </trkpt>
      <trkpt lat="52.87298556" lon="13.61965723">
        <ele>46.07692</ele>
        <time>2026-07-01T05:22:13.502Z</time>
      </trkpt>
      <trkpt lat="52.87294417" lon="13.61982445">
        <ele>45.92308</ele>
        <time>2026-07-01T05:22:16.075Z</time>
      </trkpt>
      <trkpt lat="52.87294723" lon="13.62016945">
        <ele>45.76923</ele>
        <time>2026-07-01T05:22:20.989Z</time>
      </trkpt>
      <trkpt lat="52.873335" lon="13.62045195">
        <ele>45.69231</ele>
        <time>2026-07-01T05:22:30.974Z</time>
      </trkpt>
      <trkpt lat="52.87341306" lon="13.62058223">
        <ele>45.53846</ele>
        <time>2026-07-01T05:22:33.587Z</time>
      </trkpt>
      <trkpt lat="52.873425" lon="13.62071028">
        <ele>45.53846</ele>
        <time>2026-07-01T05:22:35.432Z</time>
      </trkpt>
      <trkpt lat="52.87347167" lon="13.62122695">
        <ele>46.07692</ele>
        <time>2026-07-01T05:22:42.881Z</time>
      </trkpt>
      <trkpt lat="52.87354139" lon="13.62184167">
        <ele>46.69231</ele>
        <time>2026-07-01T05:22:51.799Z</time>
      </trkpt>
      <trkpt lat="52.87363917" lon="13.6220275">
        <ele>47.38462</ele>
        <time>2026-07-01T05:22:55.308Z</time>
      </trkpt>
      <trkpt lat="52.87379528" lon="13.62220528">
        <ele>48</ele>
        <time>2026-07-01T05:22:59.774Z</time>
      </trkpt>
      <trkpt lat="52.87357973" lon="13.62324223">
        <ele>48.84615</ele>
        <time>2026-07-01T05:23:15.408Z</time>
      </trkpt>
      <trkpt lat="52.87336889" lon="13.62419112">
        <ele>49.61538</ele>
        <time>2026-07-01T05:23:29.822Z</time>
      </trkpt>
      <trkpt lat="52.87270862" lon="13.62654001">
        <ele>50.38462</ele>
        <time>2026-07-01T05:24:06.753Z</time>
      </trkpt>
      <trkpt lat="52.87247167" lon="13.62740056">
        <ele>51.07692</ele>
        <time>2026-07-01T05:24:20.234Z</time>
      </trkpt>
      <trkpt lat="52.87255139" lon="13.62767306">
        <ele>51.76923</ele>
        <time>2026-07-01T05:24:24.546Z</time>
      </trkpt>
      <trkpt lat="52.87298862" lon="13.62796334">
        <ele>52.69231</ele>
        <time>2026-07-01T05:24:35.648Z</time>
      </trkpt>
      <trkpt lat="52.87461417" lon="13.62926806">
        <ele>53.38462</ele>
        <time>2026-07-01T05:25:18.234Z</time>
      </trkpt>
      <trkpt lat="52.87551" lon="13.62999389">
        <ele>53.92308</ele>
        <time>2026-07-01T05:25:41.745Z</time>
      </trkpt>
      <trkpt lat="52.88136473" lon="13.63511139">
        <ele>54.38462</ele>
        <time>2026-07-01T05:28:17.821Z</time>
      </trkpt>
      <trkpt lat="52.88288028" lon="13.63653528">
        <ele>54.46154</ele>
        <time>2026-07-01T05:28:58.902Z</time>
      </trkpt>
      <trkpt lat="52.88323167" lon="13.63664806">
        <ele>54.61538</ele>
        <time>2026-07-01T05:29:07.337Z</time>
      </trkpt>
      <trkpt lat="52.88445278" lon="13.63698973">
        <ele>54.69231</ele>
        <time>2026-07-01T05:29:36.522Z</time>
      </trkpt>
      <trkpt lat="52.8854525" lon="13.63730528">
        <ele>54.61538</ele>
        <time>2026-07-01T05:30:00.506Z</time>
      </trkpt>
      <trkpt lat="52.88707695" lon="13.63785806">
        <ele>54.15385</ele>
        <time>2026-07-01T05:30:39.59Z</time>
      </trkpt>
      <trkpt lat="52.88869417" lon="13.63833445">
        <ele>53.76923</ele>
        <time>2026-07-01T05:31:18.302Z</time>
      </trkpt>
      <trkpt lat="52.88997528" lon="13.63867612">
        <ele>53.53846</ele>
        <time>2026-07-01T05:31:48.882Z</time>
      </trkpt>
      <trkpt lat="52.89030389" lon="13.63864945">
        <ele>52.92308</ele>
        <time>2026-07-01T05:31:56.635Z</time>
      </trkpt>
      <trkpt lat="52.89026528" lon="13.63866584">
        <ele>52.86544</ele>
        <time>2026-07-01T05:31:57.574Z</time>
      </trkpt>
      <trkpt lat="52.89100695" lon="13.63840584">
        <ele>51.76923</ele>
        <time>2026-07-01T05:32:15.44Z</time>
      </trkpt>
      <trkpt lat="52.89152806" lon="13.63858084">
        <ele>51.46154</ele>
        <time>2026-07-01T05:32:27.971Z</time>
      </trkpt>
      <trkpt lat="52.89170445" lon="13.63866862">
        <ele>51.53846</ele>
        <time>2026-07-01T05:32:32.312Z</time>
      </trkpt>
      <trkpt lat="52.89259528" lon="13.63906362">
        <ele>51.38462</ele>
        <time>2026-07-01T05:32:54.045Z</time>
      </trkpt>
      <trkpt lat="52.89424362" lon="13.64096751">
        <ele>51.53846</ele>
        <time>2026-07-01T05:33:41.429Z</time>
      </trkpt>
      <trkpt lat="52.89526139" lon="13.64244584">
        <ele>52.07692</ele>
        <time>2026-07-01T05:34:13.353Z</time>
      </trkpt>
      <trkpt lat="52.89693056" lon="13.64404084">
        <ele>52.76923</ele>
        <time>2026-07-01T05:34:58.784Z</time>
      </trkpt>
      <trkpt lat="52.89837834" lon="13.64534695">
        <ele>53.38462</ele>
        <time>2026-07-01T05:35:37.649Z</time>
      </trkpt>
      <trkpt lat="52.90021639" lon="13.64730834">
        <ele>53.69231</ele>
        <time>2026-07-01T05:36:29.2Z</time>
      </trkpt>
      <trkpt lat="52.90088084" lon="13.64777112">
        <ele>53.46154</ele>
        <time>2026-07-01T05:36:46.187Z</time>
      </trkpt>
      <trkpt lat="52.90143112" lon="13.64854389">
        <ele>53.30769</ele>
        <time>2026-07-01T05:37:03.2Z</time>
      </trkpt>
      <trkpt lat="52.90187306" lon="13.64918695">
        <ele>53.53846</ele>
        <time>2026-07-01T05:37:17.072Z</time>
      </trkpt>
      <trkpt lat="52.90264334" lon="13.64915167">
        <ele>53.69231</ele>
        <time>2026-07-01T05:37:35.231Z</time>
      </trkpt>
      <trkpt lat="52.90335112" lon="13.64928167">
        <ele>53.38462</ele>
        <time>2026-07-01T05:37:52.013Z</time>
      </trkpt>
      <trkpt lat="52.90407306" lon="13.6491425">
        <ele>53.30769</ele>
        <time>2026-07-01T05:38:09.141Z</time>
      </trkpt>
      <trkpt lat="52.90490695" lon="13.64899112">
        <ele>53.46154</ele>
        <time>2026-07-01T05:38:28.91Z</time>
      </trkpt>
      <trkpt lat="52.90544195" lon="13.64901584">
        <ele>53.76923</ele>
        <time>2026-07-01T05:38:41.523Z</time>
      </trkpt>
      <trkpt lat="52.90585973" lon="13.64910334">
        <ele>53.38462</ele>
        <time>2026-07-01T05:38:51.447Z</time>
      </trkpt>
      <trkpt lat="52.90604834" lon="13.64919278">
        <ele>52.61538</ele>
        <time>2026-07-01T05:38:56.07Z</time>
      </trkpt>
      <trkpt lat="52.90668667" lon="13.64957584">
        <ele>51.69231</ele>
        <time>2026-07-01T05:39:12.07Z</time>
      </trkpt>
      <trkpt lat="52.90713528" lon="13.64959473">
        <ele>51.07692</ele>
        <time>2026-07-01T05:39:22.645Z</time>
      </trkpt>
      <trkpt lat="52.90755528" lon="13.64943306">
        <ele>50.92308</ele>
        <time>2026-07-01T05:39:32.807Z</time>
      </trkpt>
      <trkpt lat="52.90784334" lon="13.6492375">
        <ele>51.30769</ele>
        <time>2026-07-01T05:39:40.144Z</time>
      </trkpt>
      <trkpt lat="52.90815639" lon="13.64883778">
        <ele>51.76923</ele>
        <time>2026-07-01T05:39:49.46Z</time>
      </trkpt>
      <trkpt lat="52.90892195" lon="13.64784695">
        <ele>52.30769</ele>
        <time>2026-07-01T05:40:12.368Z</time>
      </trkpt>
      <trkpt lat="52.90926778" lon="13.64726278">
        <ele>53</ele>
        <time>2026-07-01T05:40:24.017Z</time>
      </trkpt>
      <trkpt lat="52.90918889" lon="13.64731667">
        <ele>53.92308</ele>
        <time>2026-07-01T05:40:26.028Z</time>
      </trkpt>
      <trkpt lat="52.90961389" lon="13.64732973">
        <ele>54.69231</ele>
        <time>2026-07-01T05:40:36.045Z</time>
      </trkpt>
      <trkpt lat="52.91050334" lon="13.64766862">
        <ele>55.30769</ele>
        <time>2026-07-01T05:40:57.553Z</time>
      </trkpt>
      <trkpt lat="52.91064695" lon="13.64788667">
        <ele>56.15385</ele>
        <time>2026-07-01T05:41:02.144Z</time>
      </trkpt>
      <trkpt lat="52.91064139" lon="13.64803445">
        <ele>57.30769</ele>
        <time>2026-07-01T05:41:04.251Z</time>
      </trkpt>
      <trkpt lat="52.91071139" lon="13.64818639">
        <ele>58.38462</ele>
        <time>2026-07-01T05:41:06.97Z</time>
      </trkpt>
      <trkpt lat="52.91077501" lon="13.64840001">
        <ele>59.23077</ele>
        <time>2026-07-01T05:41:10.359Z</time>
      </trkpt>
      <trkpt lat="52.91077417" lon="13.64886306">
        <ele>60</ele>
        <time>2026-07-01T05:41:16.948Z</time>
      </trkpt>
      <trkpt lat="52.91074889" lon="13.65013973">
        <ele>60.76923</ele>
        <time>2026-07-01T05:41:35.146Z</time>
      </trkpt>
      <trkpt lat="52.91074028" lon="13.65108306">
        <ele>61.61538</ele>
        <time>2026-07-01T05:41:48.587Z</time>
      </trkpt>
      <trkpt lat="52.91070584" lon="13.65218306">
        <ele>61.76923</ele>
        <time>2026-07-01T05:42:04.279Z</time>
      </trkpt>
      <trkpt lat="52.91060556" lon="13.65262445">
        <ele>61.84615</ele>
        <time>2026-07-01T05:42:10.99Z</time>
      </trkpt>
      <trkpt lat="52.91024778" lon="13.65413445">
        <ele>61.84615</ele>
        <time>2026-07-01T05:42:34.096Z</time>
      </trkpt>
      <trkpt lat="52.91017417" lon="13.65467556">
        <ele>61.61538</ele>
        <time>2026-07-01T05:42:41.998Z</time>
      </trkpt>
      <trkpt lat="52.91023862" lon="13.65543084">
        <ele>61.46154</ele>
        <time>2026-07-01T05:42:52.865Z</time>
      </trkpt>
      <trkpt lat="52.91035834" lon="13.65629584">
        <ele>61.23077</ele>
        <time>2026-07-01T05:43:05.507Z</time>
      </trkpt>
      <trkpt lat="52.91049862" lon="13.65727028">
        <ele>60.92308</ele>
        <time>2026-07-01T05:43:19.778Z</time>
      </trkpt>
      <trkpt lat="52.91077251" lon="13.65763">
        <ele>60.84615</ele>
        <time>2026-07-01T05:43:28.016Z</time>
      </trkpt>
      <trkpt lat="52.91086917" lon="13.65772834">
        <ele>60.76923</ele>
        <time>2026-07-01T05:43:30.689Z</time>
      </trkpt>
      <trkpt lat="52.91087639" lon="13.65853806">
        <ele>60.76923</ele>
        <time>2026-07-01T05:43:42.226Z</time>
      </trkpt>
      <trkpt lat="52.91090417" lon="13.65889473">
        <ele>60.92308</ele>
        <time>2026-07-01T05:43:47.343Z</time>
      </trkpt>
      <trkpt lat="52.91120528" lon="13.65891028">
        <ele>61.15385</ele>
        <time>2026-07-01T05:43:54.442Z</time>
      </trkpt>
      <trkpt lat="52.91163195" lon="13.65875945">
        <ele>61.23077</ele>
        <time>2026-07-01T05:44:04.723Z</time>
      </trkpt>
      <trkpt lat="52.91183167" lon="13.66071723">
        <ele>61.61538</ele>
        <time>2026-07-01T05:44:33.008Z</time>
      </trkpt>
      <trkpt lat="52.91186139" lon="13.66061528">
        <ele>62</ele>
        <time>2026-07-01T05:44:34.619Z</time>
      </trkpt>
      <trkpt lat="52.911935" lon="13.66118751">
        <ele>62.38462</ele>
        <time>2026-07-01T05:44:42.954Z</time>
      </trkpt>
      <trkpt lat="52.91203501" lon="13.661985">
        <ele>62.69231</ele>
        <time>2026-07-01T05:44:54.557Z</time>
      </trkpt>
      <trkpt lat="52.91220695" lon="13.66288834">
        <ele>64</ele>
        <time>2026-07-01T05:45:08.049Z</time>
      </trkpt>
      <trkpt lat="52.9125825" lon="13.66400056">
        <ele>64.23077</ele>
        <time>2026-07-01T05:45:26.198Z</time>
      </trkpt>
      <trkpt lat="52.91316723" lon="13.66564639">
        <ele>64.07692</ele>
        <time>2026-07-01T05:45:53.394Z</time>
      </trkpt>
      <trkpt lat="52.91377695" lon="13.66679528">
        <ele>63.53846</ele>
        <time>2026-07-01T05:46:15.173Z</time>
      </trkpt>
      <trkpt lat="52.91375889" lon="13.66687862">
        <ele>63.47262</ele>
        <time>2026-07-01T05:46:16.433Z</time>
      </trkpt>
      <trkpt lat="52.91458056" lon="13.66845556">
        <ele>61.92308</ele>
        <time>2026-07-01T05:46:46.091Z</time>
      </trkpt>
      <trkpt lat="52.91524667" lon="13.66987862">
        <ele>61.46154</ele>
        <time>2026-07-01T05:47:11.73Z</time>
      </trkpt>
      <trkpt lat="52.91596028" lon="13.67271862">
        <ele>59.84615</ele>
        <time>2026-07-01T05:47:55.542Z</time>
      </trkpt>
      <trkpt lat="52.91650389" lon="13.67501056">
        <ele>58.38462</ele>
        <time>2026-07-01T05:48:30.614Z</time>
      </trkpt>
      <trkpt lat="52.91658223" lon="13.67531612">
        <ele>58.15385</ele>
        <time>2026-07-01T05:48:35.337Z</time>
      </trkpt>
      <trkpt lat="52.91761584" lon="13.67961584">
        <ele>58.69231</ele>
        <time>2026-07-01T05:49:41.25Z</time>
      </trkpt>
      <trkpt lat="52.91833695" lon="13.6825125">
        <ele>58.53846</ele>
        <time>2026-07-01T05:50:25.873Z</time>
      </trkpt>
      <trkpt lat="52.91871667" lon="13.68445445">
        <ele>57.84615</ele>
        <time>2026-07-01T05:50:54.946Z</time>
      </trkpt>
      <trkpt lat="52.91943223" lon="13.68948195">
        <ele>56.76923</ele>
        <time>2026-07-01T05:52:08.516Z</time>
      </trkpt>
      <trkpt lat="52.91955612" lon="13.69054195">
        <ele>56.61538</ele>
        <time>2026-07-01T05:52:23.894Z</time>
      </trkpt>
      <trkpt lat="52.91958306" lon="13.69152139">
        <ele>56.46154</ele>
        <time>2026-07-01T05:52:37.859Z</time>
      </trkpt>
      <trkpt lat="52.91948862" lon="13.693005">
        <ele>56.15385</ele>
        <time>2026-07-01T05:52:59.108Z</time>
      </trkpt>
      <trkpt lat="52.91987723" lon="13.69704806">
        <ele>56.23077</ele>
        <time>2026-07-01T05:53:57.42Z</time>
      </trkpt>
      <trkpt lat="52.92026223" lon="13.70143306">
        <ele>56.07692</ele>
        <time>2026-07-01T05:55:00.533Z</time>
      </trkpt>
      <trkpt lat="52.92035028" lon="13.70251556">
        <ele>55.76923</ele>
        <time>2026-07-01T05:55:16.091Z</time>
      </trkpt>
      <trkpt lat="52.92046973" lon="13.7028225">
        <ele>56.53846</ele>
        <time>2026-07-01T05:55:21.286Z</time>
      </trkpt>
      <trkpt lat="52.92074306" lon="13.70321973">
        <ele>57.38462</ele>
        <time>2026-07-01T05:55:29.855Z</time>
      </trkpt>
      <trkpt lat="52.92108389" lon="13.70339862">
        <ele>57.07692</ele>
        <time>2026-07-01T05:55:38.281Z</time>
      </trkpt>
      <trkpt lat="52.92135417" lon="13.70341723">
        <ele>55.76923</ele>
        <time>2026-07-01T05:55:44.656Z</time>
      </trkpt>
      <trkpt lat="52.92179584" lon="13.70308556">
        <ele>55.15385</ele>
        <time>2026-07-01T05:55:56.084Z</time>
      </trkpt>
      <trkpt lat="52.92211556" lon="13.70292556">
        <ele>55.69231</ele>
        <time>2026-07-01T05:56:03.955Z</time>
      </trkpt>
      <trkpt lat="52.92239751" lon="13.70279639">
        <ele>55.46154</ele>
        <time>2026-07-01T05:56:10.849Z</time>
      </trkpt>
      <trkpt lat="52.92279806" lon="13.70288917">
        <ele>54.23077</ele>
        <time>2026-07-01T05:56:20.38Z</time>
      </trkpt>
      <trkpt lat="52.92303139" lon="13.70301278">
        <ele>53.53846</ele>
        <time>2026-07-01T05:56:26.153Z</time>
      </trkpt>
      <trkpt lat="52.92327223" lon="13.70321973">
        <ele>53.30769</ele>
        <time>2026-07-01T05:56:32.547Z</time>
      </trkpt>
      <trkpt lat="52.92385917" lon="13.70376334">
        <ele>53.30769</ele>
        <time>2026-07-01T05:56:48.398Z</time>
      </trkpt>
      <trkpt lat="52.92470417" lon="13.70422862">
        <ele>53.92308</ele>
        <time>2026-07-01T05:57:09.383Z</time>
      </trkpt>
      <trkpt lat="52.92508417" lon="13.70428084">
        <ele>54</ele>
        <time>2026-07-01T05:57:18.369Z</time>
      </trkpt>
      <trkpt lat="52.92605806" lon="13.70416889">
        <ele>53.84615</ele>
        <time>2026-07-01T05:57:41.375Z</time>
      </trkpt>
      <trkpt lat="52.92646862" lon="13.70415973">
        <ele>53.30769</ele>
        <time>2026-07-01T05:57:51.051Z</time>
      </trkpt>
      <trkpt lat="52.92694945" lon="13.70445278">
        <ele>52.61538</ele>
        <time>2026-07-01T05:58:03.125Z</time>
      </trkpt>
      <trkpt lat="52.92731806" lon="13.70485945">
        <ele>52.30769</ele>
        <time>2026-07-01T05:58:13.561Z</time>
      </trkpt>
      <trkpt lat="52.92828139" lon="13.70591528">
        <ele>52.23077</ele>
        <time>2026-07-01T05:58:40.791Z</time>
      </trkpt>
      <trkpt lat="52.92897389" lon="13.70623889">
        <ele>51.76923</ele>
        <time>2026-07-01T05:58:57.747Z</time>
      </trkpt>
      <trkpt lat="52.92939139" lon="13.70634334">
        <ele>51.38462</ele>
        <time>2026-07-01T05:59:07.697Z</time>
      </trkpt>
      <trkpt lat="52.92970223" lon="13.706325">
        <ele>52</ele>
        <time>2026-07-01T05:59:15.027Z</time>
      </trkpt>
      <trkpt lat="52.92997667" lon="13.70612778">
        <ele>52.30769</ele>
        <time>2026-07-01T05:59:22.077Z</time>
      </trkpt>
      <trkpt lat="52.93074306" lon="13.70524528">
        <ele>52.30769</ele>
        <time>2026-07-01T05:59:44.08Z</time>
      </trkpt>
      <trkpt lat="52.93109417" lon="13.70493278">
        <ele>52.15385</ele>
        <time>2026-07-01T05:59:53.472Z</time>
      </trkpt>
      <trkpt lat="52.93143139" lon="13.70487084">
        <ele>51.38462</ele>
        <time>2026-07-01T06:00:01.468Z</time>
      </trkpt>
      <trkpt lat="52.93174473" lon="13.70489084">
        <ele>51.15385</ele>
        <time>2026-07-01T06:00:08.858Z</time>
      </trkpt>
      <trkpt lat="52.93200945" lon="13.70497973">
        <ele>51.69231</ele>
        <time>2026-07-01T06:00:15.223Z</time>
      </trkpt>
      <trkpt lat="52.93219556" lon="13.70511778">
        <ele>52.38462</ele>
        <time>2026-07-01T06:00:20.028Z</time>
      </trkpt>
      <trkpt lat="52.93233751" lon="13.70528445">
        <ele>53</ele>
        <time>2026-07-01T06:00:24.128Z</time>
      </trkpt>
      <trkpt lat="52.93262473" lon="13.70572945">
        <ele>53.46154</ele>
        <time>2026-07-01T06:00:33.395Z</time>
      </trkpt>
      <trkpt lat="52.93270945" lon="13.70591528">
        <ele>53.76923</ele>
        <time>2026-07-01T06:00:36.707Z</time>
      </trkpt>
      <trkpt lat="52.93362028" lon="13.70764556">
        <ele>54</ele>
        <time>2026-07-01T06:01:09.384Z</time>
      </trkpt>
      <trkpt lat="52.93446973" lon="13.70887251">
        <ele>54.30769</ele>
        <time>2026-07-01T06:01:35.954Z</time>
      </trkpt>
      <trkpt lat="52.93473139" lon="13.70957389">
        <ele>55.07692</ele>
        <time>2026-07-01T06:01:47.691Z</time>
      </trkpt>
      <trkpt lat="52.93500723" lon="13.71000223">
        <ele>56.15385</ele>
        <time>2026-07-01T06:01:56.6Z</time>
      </trkpt>
      <trkpt lat="52.93683362" lon="13.71195251">
        <ele>57.07692</ele>
        <time>2026-07-01T06:02:47.822Z</time>
      </trkpt>
      <trkpt lat="52.93711695" lon="13.71263112">
        <ele>58</ele>
        <time>2026-07-01T06:02:59.567Z</time>
      </trkpt>
      <trkpt lat="52.93739389" lon="13.71374028">
        <ele>58.84615</ele>
        <time>2026-07-01T06:03:16.655Z</time>
      </trkpt>
      <trkpt lat="52.93744417" lon="13.71376501">
        <ele>59</ele>
        <time>2026-07-01T06:03:17.891Z</time>
      </trkpt>
      <trkpt lat="52.93779473" lon="13.71399417">
        <ele>58.61538</ele>
        <time>2026-07-01T06:03:26.772Z</time>
      </trkpt>
      <trkpt lat="52.93803306" lon="13.71478306">
        <ele>58.30769</ele>
        <time>2026-07-01T06:03:39.33Z</time>
      </trkpt>
      <trkpt lat="52.9382375" lon="13.71545501">
        <ele>58.30769</ele>
        <time>2026-07-01T06:03:50.042Z</time>
      </trkpt>
      <trkpt lat="52.93876417" lon="13.71567695">
        <ele>58.46154</ele>
        <time>2026-07-01T06:04:02.849Z</time>
      </trkpt>
      <trkpt lat="52.93909195" lon="13.71580028">
        <ele>58.76923</ele>
        <time>2026-07-01T06:04:10.77Z</time>
      </trkpt>
      <trkpt lat="52.93934112" lon="13.71612167">
        <ele>59.23077</ele>
        <time>2026-07-01T06:04:18.211Z</time>
      </trkpt>
      <trkpt lat="52.93964973" lon="13.71633362">
        <ele>59.76923</ele>
        <time>2026-07-01T06:04:26.084Z</time>
      </trkpt>
      <trkpt lat="52.93989278" lon="13.71641862">
        <ele>59.84615</ele>
        <time>2026-07-01T06:04:31.938Z</time>
      </trkpt>
      <trkpt lat="52.94033223" lon="13.71645389">
        <ele>59.76923</ele>
        <time>2026-07-01T06:04:42.306Z</time>
      </trkpt>
      <trkpt lat="52.94059973" lon="13.71628973">
        <ele>59.92308</ele>
        <time>2026-07-01T06:04:49.028Z</time>
      </trkpt>
      <trkpt lat="52.94084001" lon="13.71610889">
        <ele>60</ele>
        <time>2026-07-01T06:04:55.247Z</time>
      </trkpt>
      <trkpt lat="52.94123278" lon="13.71605306">
        <ele>60.07692</ele>
        <time>2026-07-01T06:05:04.537Z</time>
      </trkpt>
      <trkpt lat="52.94152306" lon="13.71605473">
        <ele>60.30769</ele>
        <time>2026-07-01T06:05:11.378Z</time>
      </trkpt>
      <trkpt lat="52.94178251" lon="13.716175">
        <ele>60.38462</ele>
        <time>2026-07-01T06:05:17.727Z</time>
      </trkpt>
      <trkpt lat="52.94201362" lon="13.71630834">
        <ele>60.53846</ele>
        <time>2026-07-01T06:05:23.494Z</time>
      </trkpt>
      <trkpt lat="52.94261889" lon="13.716565">
        <ele>60.53846</ele>
        <time>2026-07-01T06:05:38.217Z</time>
      </trkpt>
      <trkpt lat="52.94283445" lon="13.71672028">
        <ele>60.38462</ele>
        <time>2026-07-01T06:05:43.756Z</time>
      </trkpt>
      <trkpt lat="52.94307945" lon="13.71703695">
        <ele>59.92308</ele>
        <time>2026-07-01T06:05:51.078Z</time>
      </trkpt>
      <trkpt lat="52.94346889" lon="13.71758056">
        <ele>59.38462</ele>
        <time>2026-07-01T06:06:03.083Z</time>
      </trkpt>
      <trkpt lat="52.9438475" lon="13.71786112">
        <ele>58.53846</ele>
        <time>2026-07-01T06:06:12.857Z</time>
      </trkpt>
      <trkpt lat="52.94408723" lon="13.71794084">
        <ele>57.69231</ele>
        <time>2026-07-01T06:06:18.619Z</time>
      </trkpt>
      <trkpt lat="52.94436723" lon="13.71794973">
        <ele>56.76923</ele>
        <time>2026-07-01T06:06:25.219Z</time>
      </trkpt>
      <trkpt lat="52.94468112" lon="13.71790334">
        <ele>55.84615</ele>
        <time>2026-07-01T06:06:32.646Z</time>
      </trkpt>
      <trkpt lat="52.94533278" lon="13.71766695">
        <ele>54.76923</ele>
        <time>2026-07-01T06:06:48.367Z</time>
      </trkpt>
      <trkpt lat="52.94567251" lon="13.71770001">
        <ele>54.30769</ele>
        <time>2026-07-01T06:06:56.387Z</time>
      </trkpt>
      <trkpt lat="52.94600334" lon="13.71806334">
        <ele>54.30769</ele>
        <time>2026-07-01T06:07:05.739Z</time>
      </trkpt>
      <trkpt lat="52.94599806" lon="13.71821167">
        <ele>54.07692</ele>
        <time>2026-07-01T06:07:07.852Z</time>
      </trkpt>
      <trkpt lat="52.94659528" lon="13.71851084">
        <ele>53.92308</ele>
        <time>2026-07-01T06:07:22.555Z</time>
      </trkpt>
      <trkpt lat="52.94719556" lon="13.71875667">
        <ele>54.15385</ele>
        <time>2026-07-01T06:07:37.127Z</time>
      </trkpt>
      <trkpt lat="52.94992445" lon="13.71859417">
        <ele>54.30769</ele>
        <time>2026-07-01T06:08:41.478Z</time>
      </trkpt>
      <trkpt lat="52.95065862" lon="13.71863612">
        <ele>55.15385</ele>
        <time>2026-07-01T06:08:58.79Z</time>
      </trkpt>
      <trkpt lat="52.95151778" lon="13.71910334">
        <ele>55.61538</ele>
        <time>2026-07-01T06:09:20.099Z</time>
      </trkpt>
      <trkpt lat="52.95242417" lon="13.71980028">
        <ele>57.23077</ele>
        <time>2026-07-01T06:09:43.65Z</time>
      </trkpt>
      <trkpt lat="52.95321112" lon="13.72070112">
        <ele>58.38462</ele>
        <time>2026-07-01T06:10:06.196Z</time>
      </trkpt>
      <trkpt lat="52.95416723" lon="13.72155362">
        <ele>59.76923</ele>
        <time>2026-07-01T06:10:31.787Z</time>
      </trkpt>
      <trkpt lat="52.95405612" lon="13.72145584">
        <ele>61.38462</ele>
        <time>2026-07-01T06:10:34.751Z</time>
      </trkpt>
      <trkpt lat="52.95529445" lon="13.72138889">
        <ele>63.07692</ele>
        <time>2026-07-01T06:11:03.949Z</time>
      </trkpt>
      <trkpt lat="52.95606889" lon="13.72129556">
        <ele>64.38461</ele>
        <time>2026-07-01T06:11:22.248Z</time>
      </trkpt>
      <trkpt lat="52.95729639" lon="13.72127973">
        <ele>66.07692</ele>
        <time>2026-07-01T06:11:51.177Z</time>
      </trkpt>
      <trkpt lat="52.95795306" lon="13.72123084">
        <ele>68.53846</ele>
        <time>2026-07-01T06:12:06.668Z</time>
      </trkpt>
      <trkpt lat="52.95824612" lon="13.72146889">
        <ele>70.84615</ele>
        <time>2026-07-01T06:12:14.359Z</time>
      </trkpt>
      <trkpt lat="52.95849695" lon="13.72176028">
        <ele>73.23077</ele>
        <time>2026-07-01T06:12:21.577Z</time>
      </trkpt>
      <trkpt lat="52.95872" lon="13.72220723">
        <ele>76.30769</ele>
        <time>2026-07-01T06:12:29.822Z</time>
      </trkpt>
      <trkpt lat="52.95893723" lon="13.72267112">
        <ele>78.30769</ele>
        <time>2026-07-01T06:12:38.17Z</time>
      </trkpt>
      <trkpt lat="52.95929556" lon="13.72471056">
        <ele>80.53846</ele>
        <time>2026-07-01T06:13:08.396Z</time>
      </trkpt>
      <trkpt lat="52.95962056" lon="13.72582334">
        <ele>81.53846</ele>
        <time>2026-07-01T06:13:25.986Z</time>
      </trkpt>
      <trkpt lat="52.96000334" lon="13.72667639">
        <ele>83.38461</ele>
        <time>2026-07-01T06:13:41.11Z</time>
      </trkpt>
      <trkpt lat="52.96047945" lon="13.72819167">
        <ele>84.38461</ele>
        <time>2026-07-01T06:14:05.417Z</time>
      </trkpt>
      <trkpt lat="52.96068195" lon="13.73012306">
        <ele>86.38461</ele>
        <time>2026-07-01T06:14:33.312Z</time>
      </trkpt>
      <trkpt lat="52.96131528" lon="13.73446084">
        <ele>87.92308</ele>
        <time>2026-07-01T06:15:36.818Z</time>
      </trkpt>
      <trkpt lat="52.96126528" lon="13.73633945">
        <ele>89</ele>
        <time>2026-07-01T06:16:03.577Z</time>
      </trkpt>
      <trkpt lat="52.96130028" lon="13.73719445">
        <ele>89.69231</ele>
        <time>2026-07-01T06:16:15.772Z</time>
      </trkpt>
      <trkpt lat="52.96169945" lon="13.73845417">
        <ele>90</ele>
        <time>2026-07-01T06:16:36.016Z</time>
      </trkpt>
      <trkpt lat="52.96259945" lon="13.74140695">
        <ele>90.30769</ele>
        <time>2026-07-01T06:17:23.083Z</time>
      </trkpt>
      <trkpt lat="52.96342945" lon="13.74392028">
        <ele>90.23077</ele>
        <time>2026-07-01T06:18:03.846Z</time>
      </trkpt>
      <trkpt lat="52.96420417" lon="13.74479612">
        <ele>89.53846</ele>
        <time>2026-07-01T06:18:25.951Z</time>
      </trkpt>
      <trkpt lat="52.96533501" lon="13.74681084">
        <ele>89.30769</ele>
        <time>2026-07-01T06:19:05.092Z</time>
      </trkpt>
      <trkpt lat="52.96682917" lon="13.74898">
        <ele>89.23077</ele>
        <time>2026-07-01T06:19:51.916Z</time>
      </trkpt>
      <trkpt lat="52.96747056" lon="13.74987945">
        <ele>89.53846</ele>
        <time>2026-07-01T06:20:11.721Z</time>
      </trkpt>
      <trkpt lat="52.96749167" lon="13.74997028">
        <ele>89.61539</ele>
        <time>2026-07-01T06:20:13.104Z</time>
      </trkpt>
      <trkpt lat="52.96747056" lon="13.74987945">
        <ele>90.38461</ele>
        <time>2026-07-01T06:20:14.487Z</time>
      </trkpt>
      <trkpt lat="52.96774862" lon="13.75005778">
        <ele>89.92308</ele>
        <time>2026-07-01T06:20:21.513Z</time>
      </trkpt>
      <trkpt lat="52.96793167" lon="13.75024139">
        <ele>90.23077</ele>
        <time>2026-07-01T06:20:26.555Z</time>
      </trkpt>
      <trkpt lat="52.96825056" lon="13.75026334">
        <ele>90.92308</ele>
        <time>2026-07-01T06:20:34.077Z</time>
      </trkpt>
      <trkpt lat="52.96871945" lon="13.75019251">
        <ele>91.53846</ele>
        <time>2026-07-01T06:20:45.173Z</time>
      </trkpt>
      <trkpt lat="52.96931612" lon="13.74976167">
        <ele>92.15385</ele>
        <time>2026-07-01T06:21:00.509Z</time>
      </trkpt>
      <trkpt lat="52.97014751" lon="13.74881112">
        <ele>92.61539</ele>
        <time>2026-07-01T06:21:24.316Z</time>
      </trkpt>
      <trkpt lat="52.97023084" lon="13.74870389">
        <ele>92.69231</ele>
        <time>2026-07-01T06:21:26.802Z</time>
      </trkpt>
      <trkpt lat="52.97067139" lon="13.74808917">
        <ele>92.69231</ele>
        <time>2026-07-01T06:21:40.377Z</time>
      </trkpt>
      <trkpt lat="52.97101" lon="13.74738945">
        <ele>92.69231</ele>
        <time>2026-07-01T06:21:53.135Z</time>
      </trkpt>
      <trkpt lat="52.97114167" lon="13.74706834">
        <ele>92.61539</ele>
        <time>2026-07-01T06:21:58.653Z</time>
      </trkpt>
      <trkpt lat="52.97132167" lon="13.74641695">
        <ele>92.61539</ele>
        <time>2026-07-01T06:22:08.845Z</time>
      </trkpt>
      <trkpt lat="52.97182751" lon="13.74437362">
        <ele>92</ele>
        <time>2026-07-01T06:22:40.264Z</time>
      </trkpt>
      <trkpt lat="52.97231139" lon="13.74244945">
        <ele>91.07692</ele>
        <time>2026-07-01T06:23:09.918Z</time>
      </trkpt>
      <trkpt lat="52.97244862" lon="13.74211501">
        <ele>89.92308</ele>
        <time>2026-07-01T06:23:15.666Z</time>
      </trkpt>
      <trkpt lat="52.97255139" lon="13.74189945">
        <ele>88.61539</ele>
        <time>2026-07-01T06:23:19.571Z</time>
      </trkpt>
      <trkpt lat="52.97268806" lon="13.74181473">
        <ele>87.23077</ele>
        <time>2026-07-01T06:23:23.009Z</time>
      </trkpt>
      <trkpt lat="52.97420556" lon="13.74157">
        <ele>85.53846</ele>
        <time>2026-07-01T06:23:58.94Z</time>
      </trkpt>
      <trkpt lat="52.97558139" lon="13.74140084">
        <ele>84</ele>
        <time>2026-07-01T06:24:31.452Z</time>
      </trkpt>
      <trkpt lat="52.97634139" lon="13.74150695">
        <ele>82.61539</ele>
        <time>2026-07-01T06:24:49.426Z</time>
      </trkpt>
      <trkpt lat="52.97673389" lon="13.74167389">
        <ele>81.61539</ele>
        <time>2026-07-01T06:24:58.975Z</time>
      </trkpt>
      <trkpt lat="52.97666084" lon="13.74289167">
        <ele>80.69231</ele>
        <time>2026-07-01T06:25:16.383Z</time>
      </trkpt>
      <trkpt lat="52.97665917" lon="13.74389473">
        <ele>79.76923</ele>
        <time>2026-07-01T06:25:30.652Z</time>
      </trkpt>
      <trkpt lat="52.97795223" lon="13.74417028">
        <ele>78.76923</ele>
        <time>2026-07-01T06:26:01.375Z</time>
      </trkpt>
      <trkpt lat="52.97949917" lon="13.74476278">
        <ele>77.38461</ele>
        <time>2026-07-01T06:26:38.792Z</time>
      </trkpt>
      <trkpt lat="52.97956889" lon="13.74482889">
        <ele>76.46154</ele>
        <time>2026-07-01T06:26:40.685Z</time>
      </trkpt>
      <trkpt lat="52.97993695" lon="13.74481945">
        <ele>75.69231</ele>
        <time>2026-07-01T06:26:49.36Z</time>
      </trkpt>
      <trkpt lat="52.98022417" lon="13.74466723">
        <ele>75</ele>
        <time>2026-07-01T06:26:56.466Z</time>
      </trkpt>
      <trkpt lat="52.98041973" lon="13.74439">
        <ele>74.30769</ele>
        <time>2026-07-01T06:27:02.528Z</time>
      </trkpt>
      <trkpt lat="52.98056889" lon="13.74397695">
        <ele>73.61539</ele>
        <time>2026-07-01T06:27:09.368Z</time>
      </trkpt>
      <trkpt lat="52.98092639" lon="13.74307528">
        <ele>73.30769</ele>
        <time>2026-07-01T06:27:24.713Z</time>
      </trkpt>
      <trkpt lat="52.98145278" lon="13.74188751">
        <ele>72.92308</ele>
        <time>2026-07-01T06:27:45.673Z</time>
      </trkpt>
      <trkpt lat="52.9817925" lon="13.74125001">
        <ele>72.46154</ele>
        <time>2026-07-01T06:27:57.769Z</time>
      </trkpt>
      <trkpt lat="52.98229862" lon="13.74062751">
        <ele>71.92308</ele>
        <time>2026-07-01T06:28:12.623Z</time>
      </trkpt>
      <trkpt lat="52.9824875" lon="13.740495">
        <ele>71.38461</ele>
        <time>2026-07-01T06:28:17.456Z</time>
      </trkpt>
      <trkpt lat="52.98267334" lon="13.74044195">
        <ele>70.92308</ele>
        <time>2026-07-01T06:28:21.9Z</time>
      </trkpt>
      <trkpt lat="52.98390945" lon="13.74034862">
        <ele>70.61539</ele>
        <time>2026-07-01T06:28:51.061Z</time>
      </trkpt>
      <trkpt lat="52.98469723" lon="13.74151584">
        <ele>70.53846</ele>
        <time>2026-07-01T06:29:15.966Z</time>
      </trkpt>
      <trkpt lat="52.98604001" lon="13.74326806">
        <ele>70.69231</ele>
        <time>2026-07-01T06:29:56.245Z</time>
      </trkpt>
      <trkpt lat="52.98636" lon="13.74360584">
        <ele>71</ele>
        <time>2026-07-01T06:30:05.183Z</time>
      </trkpt>
      <trkpt lat="52.98665778" lon="13.74380278">
        <ele>71.53846</ele>
        <time>2026-07-01T06:30:12.738Z</time>
      </trkpt>
      <trkpt lat="52.98695695" lon="13.74376695">
        <ele>72</ele>
        <time>2026-07-01T06:30:19.807Z</time>
      </trkpt>
      <trkpt lat="52.98800417" lon="13.74347889">
        <ele>72.53846</ele>
        <time>2026-07-01T06:30:44.823Z</time>
      </trkpt>
      <trkpt lat="52.98844112" lon="13.74330528">
        <ele>72.84615</ele>
        <time>2026-07-01T06:30:55.412Z</time>
      </trkpt>
      <trkpt lat="52.99111528" lon="13.74258695">
        <ele>73.15385</ele>
        <time>2026-07-01T06:31:59.255Z</time>
      </trkpt>
      <trkpt lat="52.99219917" lon="13.74225084">
        <ele>73.15385</ele>
        <time>2026-07-01T06:32:25.241Z</time>
      </trkpt>
      <trkpt lat="52.99383028" lon="13.74162139">
        <ele>73.84615</ele>
        <time>2026-07-01T06:33:04.709Z</time>
      </trkpt>
      <trkpt lat="52.99419917" lon="13.74151084">
        <ele>74.76923</ele>
        <time>2026-07-01T06:33:13.543Z</time>
      </trkpt>
      <trkpt lat="52.99467973" lon="13.74170195">
        <ele>75.46154</ele>
        <time>2026-07-01T06:33:25.189Z</time>
      </trkpt>
      <trkpt lat="52.99597528" lon="13.74267584">
        <ele>76.92308</ele>
        <time>2026-07-01T06:33:58.714Z</time>
      </trkpt>
      <trkpt lat="52.99777417" lon="13.74418056">
        <ele>77.84615</ele>
        <time>2026-07-01T06:34:46.2Z</time>
      </trkpt>
      <trkpt lat="53.00095084" lon="13.74680945">
        <ele>78.38461</ele>
        <time>2026-07-01T06:36:09.875Z</time>
      </trkpt>
      <trkpt lat="53.00263195" lon="13.74808973">
        <ele>78.84615</ele>
        <time>2026-07-01T06:36:53.474Z</time>
      </trkpt>
      <trkpt lat="53.00390001" lon="13.74912778">
        <ele>79.15385</ele>
        <time>2026-07-01T06:37:26.803Z</time>
      </trkpt>
      <trkpt lat="53.00529889" lon="13.74977862">
        <ele>79.38461</ele>
        <time>2026-07-01T06:38:01.043Z</time>
      </trkpt>
      <trkpt lat="53.00682945" lon="13.75045667">
        <ele>78.92308</ele>
        <time>2026-07-01T06:38:38.379Z</time>
      </trkpt>
      <trkpt lat="53.00732417" lon="13.75079001">
        <ele>78.84615</ele>
        <time>2026-07-01T06:38:50.962Z</time>
      </trkpt>
      <trkpt lat="53.00771389" lon="13.75111501">
        <ele>78.92308</ele>
        <time>2026-07-01T06:39:01.24Z</time>
      </trkpt>
      <trkpt lat="53.00815389" lon="13.75156667">
        <ele>79.46154</ele>
        <time>2026-07-01T06:39:13.432Z</time>
      </trkpt>
      <trkpt lat="53.00857945" lon="13.7519625">
        <ele>79.61539</ele>
        <time>2026-07-01T06:39:24.928Z</time>
      </trkpt>
      <trkpt lat="53.00940167" lon="13.75202889">
        <ele>79.53846</ele>
        <time>2026-07-01T06:39:44.328Z</time>
      </trkpt>
      <trkpt lat="53.01082445" lon="13.75222084">
        <ele>79.07692</ele>
        <time>2026-07-01T06:40:17.969Z</time>
      </trkpt>
      <trkpt lat="53.01122945" lon="13.75234139">
        <ele>77.53846</ele>
        <time>2026-07-01T06:40:27.666Z</time>
      </trkpt>
      <trkpt lat="53.01162251" lon="13.75258139">
        <ele>75.69231</ele>
        <time>2026-07-01T06:40:37.536Z</time>
      </trkpt>
      <trkpt lat="53.01164584" lon="13.75267778">
        <ele>75.51212</ele>
        <time>2026-07-01T06:40:39.011Z</time>
      </trkpt>
      <trkpt lat="53.01243584" lon="13.75347723">
        <ele>72.84615</ele>
        <time>2026-07-01T06:41:00.822Z</time>
      </trkpt>
      <trkpt lat="53.01426806" lon="13.75694751">
        <ele>71.76923</ele>
        <time>2026-07-01T06:42:06.375Z</time>
      </trkpt>
      <trkpt lat="53.0149225" lon="13.75879612">
        <ele>70.92308</ele>
        <time>2026-07-01T06:42:36.841Z</time>
      </trkpt>
      <trkpt lat="53.01544862" lon="13.75956473">
        <ele>70.92308</ele>
        <time>2026-07-01T06:42:53.365Z</time>
      </trkpt>
      <trkpt lat="53.01604028" lon="13.75977195">
        <ele>70.53846</ele>
        <time>2026-07-01T06:43:07.615Z</time>
      </trkpt>
      <trkpt lat="53.01827306" lon="13.75966306">
        <ele>69.76923</ele>
        <time>2026-07-01T06:44:00.257Z</time>
      </trkpt>
      <trkpt lat="53.02172862" lon="13.76004417">
        <ele>68.92308</ele>
        <time>2026-07-01T06:45:21.872Z</time>
      </trkpt>
      <trkpt lat="53.02240695" lon="13.76025056">
        <ele>68</ele>
        <time>2026-07-01T06:45:38.124Z</time>
      </trkpt>
      <trkpt lat="53.02391612" lon="13.76106723">
        <ele>67</ele>
        <time>2026-07-01T06:46:15.535Z</time>
      </trkpt>
      <trkpt lat="53.02427945" lon="13.76153223">
        <ele>66.38461</ele>
        <time>2026-07-01T06:46:26.345Z</time>
      </trkpt>
      <trkpt lat="53.02456251" lon="13.76294195">
        <ele>65.92308</ele>
        <time>2026-07-01T06:46:47.458Z</time>
      </trkpt>
      <trkpt lat="53.02533528" lon="13.76346889">
        <ele>66.15385</ele>
        <time>2026-07-01T06:47:07.149Z</time>
      </trkpt>
      <trkpt lat="53.02504723" lon="13.76479806">
        <ele>66.07692</ele>
        <time>2026-07-01T06:47:27.218Z</time>
      </trkpt>
      <trkpt lat="53.02469389" lon="13.76655167">
        <ele>65.30769</ele>
        <time>2026-07-01T06:47:53.49Z</time>
      </trkpt>
      <trkpt lat="53.02420389" lon="13.76880806">
        <ele>64.61539</ele>
        <time>2026-07-01T06:48:27.568Z</time>
      </trkpt>
      <trkpt lat="53.02384389" lon="13.77036028">
        <ele>63.84615</ele>
        <time>2026-07-01T06:48:51.2Z</time>
      </trkpt>
      <trkpt lat="53.02330278" lon="13.77304056">
        <ele>63.07692</ele>
        <time>2026-07-01T06:49:31.364Z</time>
      </trkpt>
      <trkpt lat="53.02272084" lon="13.77441195">
        <ele>62.61538</ele>
        <time>2026-07-01T06:49:55.193Z</time>
      </trkpt>
      <trkpt lat="53.02234445" lon="13.77542639">
        <ele>62.23077</ele>
        <time>2026-07-01T06:50:12.119Z</time>
      </trkpt>
      <trkpt lat="53.02220584" lon="13.77628334">
        <ele>62.61538</ele>
        <time>2026-07-01T06:50:24.727Z</time>
      </trkpt>
      <trkpt lat="53.02274556" lon="13.77873028">
        <ele>62.61538</ele>
        <time>2026-07-01T06:51:01.751Z</time>
      </trkpt>
      <trkpt lat="53.02298473" lon="13.78019">
        <ele>62.53846</ele>
        <time>2026-07-01T06:51:23.245Z</time>
      </trkpt>
      <trkpt lat="53.02258445" lon="13.78207862">
        <ele>64</ele>
        <time>2026-07-01T06:51:51.692Z</time>
      </trkpt>
      <trkpt lat="53.02259251" lon="13.7838625">
        <ele>65.53846</ele>
        <time>2026-07-01T06:52:17.041Z</time>
      </trkpt>
      <trkpt lat="53.02272528" lon="13.78522889">
        <ele>66.69231</ele>
        <time>2026-07-01T06:52:36.708Z</time>
      </trkpt>
      <trkpt lat="53.02183528" lon="13.79018806">
        <ele>68.07692</ele>
        <time>2026-07-01T06:53:50.233Z</time>
      </trkpt>
      <trkpt lat="53.02159695" lon="13.79138778">
        <ele>69.46154</ele>
        <time>2026-07-01T06:54:08.183Z</time>
      </trkpt>
      <trkpt lat="53.02120362" lon="13.79485917">
        <ele>70.61539</ele>
        <time>2026-07-01T06:54:58.376Z</time>
      </trkpt>
      <trkpt lat="53.02082417" lon="13.79625362">
        <ele>71.53846</ele>
        <time>2026-07-01T06:55:20.116Z</time>
      </trkpt>
      <trkpt lat="53.01990334" lon="13.79784167">
        <ele>71.76923</ele>
        <time>2026-07-01T06:55:51.424Z</time>
      </trkpt>
      <trkpt lat="53.0193525" lon="13.79897112">
        <ele>72.92308</ele>
        <time>2026-07-01T06:56:12.067Z</time>
      </trkpt>
      <trkpt lat="53.01913806" lon="13.80208306">
        <ele>73.46154</ele>
        <time>2026-07-01T06:56:56.578Z</time>
      </trkpt>
      <trkpt lat="53.01898278" lon="13.80508862">
        <ele>73.69231</ele>
        <time>2026-07-01T06:57:39.447Z</time>
      </trkpt>
      <trkpt lat="53.01902667" lon="13.80715251">
        <ele>73.46154</ele>
        <time>2026-07-01T06:58:08.795Z</time>
      </trkpt>
      <trkpt lat="53.01901806" lon="13.80812889">
        <ele>73.23077</ele>
        <time>2026-07-01T06:58:22.672Z</time>
      </trkpt>
      <trkpt lat="53.01864417" lon="13.81050056">
        <ele>71.38461</ele>
        <time>2026-07-01T06:58:57.509Z</time>
      </trkpt>
      <trkpt lat="53.01832612" lon="13.81417167">
        <ele>69.30769</ele>
        <time>2026-07-01T06:59:50.216Z</time>
      </trkpt>
      <trkpt lat="53.01813834" lon="13.81662945">
        <ele>68.07692</ele>
        <time>2026-07-01T07:00:25.423Z</time>
      </trkpt>
      <trkpt lat="53.01901556" lon="13.81729028">
        <ele>67.07692</ele>
        <time>2026-07-01T07:00:48.129Z</time>
      </trkpt>
      <trkpt lat="53.02045778" lon="13.81734584">
        <ele>66.15385</ele>
        <time>2026-07-01T07:01:22.126Z</time>
      </trkpt>
      <trkpt lat="53.02122084" lon="13.81765889">
        <ele>65.61539</ele>
        <time>2026-07-01T07:01:40.649Z</time>
      </trkpt>
      <trkpt lat="53.02186889" lon="13.81780973">
        <ele>65.38461</ele>
        <time>2026-07-01T07:01:56.071Z</time>
      </trkpt>
      <trkpt lat="53.02273278" lon="13.81879389">
        <ele>65.53846</ele>
        <time>2026-07-01T07:02:20.77Z</time>
      </trkpt>
      <trkpt lat="53.02327667" lon="13.81968945">
        <ele>64.76923</ele>
        <time>2026-07-01T07:02:38.832Z</time>
      </trkpt>
      <trkpt lat="53.02329667" lon="13.82055028">
        <ele>64.69231</ele>
        <time>2026-07-01T07:02:51.073Z</time>
      </trkpt>
      <trkpt lat="53.02339528" lon="13.82076334">
        <ele>64.07692</ele>
        <time>2026-07-01T07:02:54.887Z</time>
      </trkpt>
      <trkpt lat="53.02259362" lon="13.82355528">
        <ele>64.61539</ele>
        <time>2026-07-01T07:03:38.828Z</time>
      </trkpt>
      <trkpt lat="53.02221862" lon="13.82514806">
        <ele>65.46154</ele>
        <time>2026-07-01T07:04:03.125Z</time>
      </trkpt>
      <trkpt lat="53.02202973" lon="13.82633001">
        <ele>66.53846</ele>
        <time>2026-07-01T07:04:20.5Z</time>
      </trkpt>
      <trkpt lat="53.02192945" lon="13.82696834">
        <ele>68.38461</ele>
        <time>2026-07-01T07:04:29.874Z</time>
      </trkpt>
      <trkpt lat="53.02167751" lon="13.82747417">
        <ele>69.69231</ele>
        <time>2026-07-01T07:04:39.197Z</time>
      </trkpt>
      <trkpt lat="53.02142834" lon="13.82882195">
        <ele>70.76923</ele>
        <time>2026-07-01T07:04:59.229Z</time>
      </trkpt>
      <trkpt lat="53.02172389" lon="13.82983473">
        <ele>72.23077</ele>
        <time>2026-07-01T07:05:15.218Z</time>
      </trkpt>
      <trkpt lat="53.02272806" lon="13.83259278">
        <ele>72.76923</ele>
        <time>2026-07-01T07:06:01Z</time>
      </trkpt>
      <trkpt lat="53.02307112" lon="13.83376945">
        <ele>72.84615</ele>
        <time>2026-07-01T07:06:19.572Z</time>
      </trkpt>
      <trkpt lat="53.02356195" lon="13.83855973">
        <ele>72.46154</ele>
        <time>2026-07-01T07:07:28.616Z</time>
      </trkpt>
      <trkpt lat="53.02373278" lon="13.84363945">
        <ele>73.07692</ele>
        <time>2026-07-01T07:08:40.908Z</time>
      </trkpt>
      <trkpt lat="53.02390889" lon="13.84459667">
        <ele>72.92308</ele>
        <time>2026-07-01T07:08:55.129Z</time>
      </trkpt>
      <trkpt lat="53.02419612" lon="13.84824362">
        <ele>72.84615</ele>
        <time>2026-07-01T07:09:47.39Z</time>
      </trkpt>
      <trkpt lat="53.02451445" lon="13.84950445">
        <ele>72.30769</ele>
        <time>2026-07-01T07:10:06.813Z</time>
      </trkpt>
      <trkpt lat="53.02490389" lon="13.84986945">
        <ele>71.61539</ele>
        <time>2026-07-01T07:10:17.352Z</time>
      </trkpt>
      <trkpt lat="53.02527584" lon="13.85018556">
        <ele>70.76923</ele>
        <time>2026-07-01T07:10:27.199Z</time>
      </trkpt>
      <trkpt lat="53.02529806" lon="13.85101862">
        <ele>69.15385</ele>
        <time>2026-07-01T07:10:39.047Z</time>
      </trkpt>
      <trkpt lat="53.02511278" lon="13.85204389">
        <ele>67.61539</ele>
        <time>2026-07-01T07:10:54.255Z</time>
      </trkpt>
      <trkpt lat="53.02487139" lon="13.85314917">
        <ele>66</ele>
        <time>2026-07-01T07:11:10.959Z</time>
      </trkpt>
      <trkpt lat="53.02470473" lon="13.85491223">
        <ele>63.76923</ele>
        <time>2026-07-01T07:11:36.317Z</time>
      </trkpt>
      <trkpt lat="53.02453167" lon="13.85628362">
        <ele>62.53846</ele>
        <time>2026-07-01T07:11:56.226Z</time>
      </trkpt>
      <trkpt lat="53.02429306" lon="13.85775778">
        <ele>61.38462</ele>
        <time>2026-07-01T07:12:17.914Z</time>
      </trkpt>
      <trkpt lat="53.02412667" lon="13.85887389">
        <ele>61.46154</ele>
        <time>2026-07-01T07:12:34.251Z</time>
      </trkpt>
      <trkpt lat="53.02417639" lon="13.85973445">
        <ele>59.30769</ele>
        <time>2026-07-01T07:12:46.535Z</time>
      </trkpt>
      <trkpt lat="53.02446695" lon="13.86139167">
        <ele>58.15385</ele>
        <time>2026-07-01T07:13:11.058Z</time>
      </trkpt>
      <trkpt lat="53.02447167" lon="13.86240084">
        <ele>57.15385</ele>
        <time>2026-07-01T07:13:25.398Z</time>
      </trkpt>
      <trkpt lat="53.0243075" lon="13.86433501">
        <ele>55.84615</ele>
        <time>2026-07-01T07:13:53.152Z</time>
      </trkpt>
      <trkpt lat="53.02412306" lon="13.86634528">
        <ele>54.46154</ele>
        <time>2026-07-01T07:14:22.045Z</time>
      </trkpt>
      <trkpt lat="53.02451834" lon="13.86953306">
        <ele>53.69231</ele>
        <time>2026-07-01T07:15:08.289Z</time>
      </trkpt>
      <trkpt lat="53.02466528" lon="13.87143278">
        <ele>52.84615</ele>
        <time>2026-07-01T07:15:35.504Z</time>
      </trkpt>
      <trkpt lat="53.0248825" lon="13.87407862">
        <ele>52.61538</ele>
        <time>2026-07-01T07:16:13.446Z</time>
      </trkpt>
      <trkpt lat="53.02515806" lon="13.87569556">
        <ele>52.61538</ele>
        <time>2026-07-01T07:16:37.321Z</time>
      </trkpt>
      <trkpt lat="53.02548251" lon="13.87763028">
        <ele>52.38462</ele>
        <time>2026-07-01T07:17:05.855Z</time>
      </trkpt>
      <trkpt lat="53.02567528" lon="13.88083167">
        <ele>51.69231</ele>
        <time>2026-07-01T07:17:51.569Z</time>
      </trkpt>
      <trkpt lat="53.02578417" lon="13.88321862">
        <ele>51.30769</ele>
        <time>2026-07-01T07:18:25.582Z</time>
      </trkpt>
      <trkpt lat="53.02566251" lon="13.88659473">
        <ele>50.53846</ele>
        <time>2026-07-01T07:19:13.638Z</time>
      </trkpt>
      <trkpt lat="53.02566001" lon="13.88970917">
        <ele>50.92308</ele>
        <time>2026-07-01T07:19:57.891Z</time>
      </trkpt>
      <trkpt lat="53.025625" lon="13.89187056">
        <ele>51.61538</ele>
        <time>2026-07-01T07:20:28.613Z</time>
      </trkpt>
      <trkpt lat="53.02488473" lon="13.89755195">
        <ele>52</ele>
        <time>2026-07-01T07:21:51.203Z</time>
      </trkpt>
      <trkpt lat="53.02479278" lon="13.90142723">
        <ele>52.38462</ele>
        <time>2026-07-01T07:22:46.31Z</time>
      </trkpt>
      <trkpt lat="53.02483112" lon="13.90188306">
        <ele>54.61538</ele>
        <time>2026-07-01T07:22:52.842Z</time>
      </trkpt>
      <trkpt lat="53.02577473" lon="13.90233889">
        <ele>56</ele>
        <time>2026-07-01T07:23:16.002Z</time>
      </trkpt>
      <trkpt lat="53.02592528" lon="13.90309695">
        <ele>56.30769</ele>
        <time>2026-07-01T07:23:27.342Z</time>
      </trkpt>
      <trkpt lat="53.02641528" lon="13.90601278">
        <ele>56.92308</ele>
        <time>2026-07-01T07:24:10.351Z</time>
      </trkpt>
      <trkpt lat="53.02735417" lon="13.91082973">
        <ele>57.53846</ele>
        <time>2026-07-01T07:25:22.28Z</time>
      </trkpt>
      <trkpt lat="53.02849112" lon="13.91638612">
        <ele>58.38462</ele>
        <time>2026-07-01T07:26:45.649Z</time>
      </trkpt>
      <trkpt lat="53.02928584" lon="13.92045417">
        <ele>59.84615</ele>
        <time>2026-07-01T07:27:46.406Z</time>
      </trkpt>
      <trkpt lat="53.02961528" lon="13.92404112">
        <ele>60.92308</ele>
        <time>2026-07-01T07:28:37.956Z</time>
      </trkpt>
      <trkpt lat="53.03001195" lon="13.92520084">
        <ele>60.46154</ele>
        <time>2026-07-01T07:28:56.9Z</time>
      </trkpt>
      <trkpt lat="53.03134945" lon="13.92792973">
        <ele>59.92308</ele>
        <time>2026-07-01T07:29:46.866Z</time>
      </trkpt>
      <trkpt lat="53.03389556" lon="13.93121334">
        <ele>58.69231</ele>
        <time>2026-07-01T07:31:02.869Z</time>
      </trkpt>
      <trkpt lat="53.03552056" lon="13.93486501">
        <ele>57.38462</ele>
        <time>2026-07-01T07:32:07.348Z</time>
      </trkpt>
      <trkpt lat="53.03643389" lon="13.93694473">
        <ele>56.46154</ele>
        <time>2026-07-01T07:32:43.901Z</time>
      </trkpt>
      <trkpt lat="53.03690584" lon="13.938635">
        <ele>55</ele>
        <time>2026-07-01T07:33:10.363Z</time>
      </trkpt>
      <trkpt lat="53.03716167" lon="13.94103389">
        <ele>53.53846</ele>
        <time>2026-07-01T07:33:44.969Z</time>
      </trkpt>
      <trkpt lat="53.03733445" lon="13.94203945">
        <ele>53.07692</ele>
        <time>2026-07-01T07:33:59.822Z</time>
      </trkpt>
      <trkpt lat="53.03750834" lon="13.94258112">
        <ele>51.61538</ele>
        <time>2026-07-01T07:34:08.54Z</time>
      </trkpt>
      <trkpt lat="53.04098612" lon="13.94255084">
        <ele>50.07692</ele>
        <time>2026-07-01T07:35:30.501Z</time>
      </trkpt>
      <trkpt lat="53.04362889" lon="13.9425625">
        <ele>48.92308</ele>
        <time>2026-07-01T07:36:32.783Z</time>
      </trkpt>
      <trkpt lat="53.04750417" lon="13.94239306">
        <ele>47.30769</ele>
        <time>2026-07-01T07:38:04.142Z</time>
      </trkpt>
      <trkpt lat="53.04997195" lon="13.94228612">
        <ele>46.84615</ele>
        <time>2026-07-01T07:39:02.319Z</time>
      </trkpt>
      <trkpt lat="53.05174389" lon="13.94222556">
        <ele>47.07692</ele>
        <time>2026-07-01T07:39:44.087Z</time>
      </trkpt>
      <trkpt lat="53.05313528" lon="13.94116695">
        <ele>47.07692</ele>
        <time>2026-07-01T07:40:20.159Z</time>
      </trkpt>
      <trkpt lat="53.05369889" lon="13.94078806">
        <ele>47.53846</ele>
        <time>2026-07-01T07:40:34.487Z</time>
      </trkpt>
      <trkpt lat="53.05409417" lon="13.94052695">
        <ele>49.15385</ele>
        <time>2026-07-01T07:40:44.512Z</time>
      </trkpt>
      <trkpt lat="53.05477973" lon="13.93979056">
        <ele>50.69231</ele>
        <time>2026-07-01T07:41:03.757Z</time>
      </trkpt>
      <trkpt lat="53.05582917" lon="13.93872112">
        <ele>50.69231</ele>
        <time>2026-07-01T07:41:32.779Z</time>
      </trkpt>
      <trkpt lat="53.05677278" lon="13.93841862">
        <ele>50.76923</ele>
        <time>2026-07-01T07:41:55.427Z</time>
      </trkpt>
      <trkpt lat="53.05863751" lon="13.93763973">
        <ele>51.69231</ele>
        <time>2026-07-01T07:42:40.743Z</time>
      </trkpt>
      <trkpt lat="53.05938473" lon="13.93690778">
        <ele>52.38462</ele>
        <time>2026-07-01T07:43:01.19Z</time>
      </trkpt>
      <trkpt lat="53.05985028" lon="13.93613556">
        <ele>53.15385</ele>
        <time>2026-07-01T07:43:16.701Z</time>
      </trkpt>
      <trkpt lat="53.06042751" lon="13.93549751">
        <ele>54</ele>
        <time>2026-07-01T07:43:33.045Z</time>
      </trkpt>
      <trkpt lat="53.06054278" lon="13.93486834">
        <ele>55.69231</ele>
        <time>2026-07-01T07:43:42.382Z</time>
      </trkpt>
      <trkpt lat="53.06146584" lon="13.93411445">
        <ele>55.61538</ele>
        <time>2026-07-01T07:44:06.626Z</time>
      </trkpt>
      <trkpt lat="53.06205806" lon="13.93368334">
        <ele>55.46154</ele>
        <time>2026-07-01T07:44:21.863Z</time>
      </trkpt>
      <trkpt lat="53.06304917" lon="13.93257389">
        <ele>56.92308</ele>
        <time>2026-07-01T07:44:50.035Z</time>
      </trkpt>
      <trkpt lat="53.06364723" lon="13.93393917">
        <ele>57.84615</ele>
        <time>2026-07-01T07:45:14Z</time>
      </trkpt>
      <trkpt lat="53.06400612" lon="13.93437251">
        <ele>58</ele>
        <time>2026-07-01T07:45:24.454Z</time>
      </trkpt>
      <trkpt lat="53.06470473" lon="13.93455028">
        <ele>58.76923</ele>
        <time>2026-07-01T07:45:41.11Z</time>
      </trkpt>
      <trkpt lat="53.06538612" lon="13.93417584">
        <ele>58.92308</ele>
        <time>2026-07-01T07:45:58.023Z</time>
      </trkpt>
      <trkpt lat="53.06577056" lon="13.93365167">
        <ele>59.53846</ele>
        <time>2026-07-01T07:46:09.747Z</time>
      </trkpt>
      <trkpt lat="53.06615389" lon="13.93325084">
        <ele>59.30769</ele>
        <time>2026-07-01T07:46:20.42Z</time>
      </trkpt>
      <trkpt lat="53.06643" lon="13.93193195">
        <ele>59.46154</ele>
        <time>2026-07-01T07:46:40.241Z</time>
      </trkpt>
      <trkpt lat="53.06729417" lon="13.93087362">
        <ele>59.30769</ele>
        <time>2026-07-01T07:47:05.548Z</time>
      </trkpt>
      <trkpt lat="53.06821001" lon="13.92910306">
        <ele>58.84615</ele>
        <time>2026-07-01T07:47:38.677Z</time>
      </trkpt>
      <trkpt lat="53.06953278" lon="13.92579">
        <ele>57.61538</ele>
        <time>2026-07-01T07:48:35.099Z</time>
      </trkpt>
      <trkpt lat="53.0701775" lon="13.92415">
        <ele>57.53846</ele>
        <time>2026-07-01T07:49:02.897Z</time>
      </trkpt>
      <trkpt lat="53.07096473" lon="13.92199056">
        <ele>58.38462</ele>
        <time>2026-07-01T07:49:38.726Z</time>
      </trkpt>
      <trkpt lat="53.07170917" lon="13.9215825">
        <ele>57.38462</ele>
        <time>2026-07-01T07:49:57.199Z</time>
      </trkpt>
      <trkpt lat="53.07252028" lon="13.92143084">
        <ele>57</ele>
        <time>2026-07-01T07:50:16.435Z</time>
      </trkpt>
      <trkpt lat="53.07343028" lon="13.92240778">
        <ele>56.61538</ele>
        <time>2026-07-01T07:50:41.973Z</time>
      </trkpt>
      <trkpt lat="53.07400389" lon="13.92315612">
        <ele>55.38462</ele>
        <time>2026-07-01T07:50:59.165Z</time>
      </trkpt>
      <trkpt lat="53.07468167" lon="13.92322723">
        <ele>55.23077</ele>
        <time>2026-07-01T07:51:15.17Z</time>
      </trkpt>
      <trkpt lat="53.07365112" lon="13.92071862">
        <ele>55.46154</ele>
        <time>2026-07-01T07:51:58.269Z</time>
      </trkpt>
      <trkpt lat="53.07289639" lon="13.91895028">
        <ele>55.76923</ele>
        <time>2026-07-01T07:52:29.031Z</time>
      </trkpt>
      <trkpt lat="53.07366695" lon="13.91769667">
        <ele>55.84615</ele>
        <time>2026-07-01T07:52:54.454Z</time>
      </trkpt>
      <trkpt lat="53.07510445" lon="13.91652084">
        <ele>56.07692</ele>
        <time>2026-07-01T07:53:32.219Z</time>
      </trkpt>
      <trkpt lat="53.07582862" lon="13.91587778">
        <ele>56.30769</ele>
        <time>2026-07-01T07:53:51.572Z</time>
      </trkpt>
      <trkpt lat="53.07646" lon="13.91514112">
        <ele>56.23077</ele>
        <time>2026-07-01T07:54:09.757Z</time>
      </trkpt>
      <trkpt lat="53.07744528" lon="13.9140325">
        <ele>55.84615</ele>
        <time>2026-07-01T07:54:37.805Z</time>
      </trkpt>
      <trkpt lat="53.07817028" lon="13.91342612">
        <ele>55.07692</ele>
        <time>2026-07-01T07:54:56.936Z</time>
      </trkpt>
      <trkpt lat="53.07872139" lon="13.91264584">
        <ele>54.46154</ele>
        <time>2026-07-01T07:55:14.004Z</time>
      </trkpt>
      <trkpt lat="53.07930306" lon="13.91136751">
        <ele>53.38462</ele>
        <time>2026-07-01T07:55:36.742Z</time>
      </trkpt>
      <trkpt lat="53.07971306" lon="13.91048028">
        <ele>53.15385</ele>
        <time>2026-07-01T07:55:52.613Z</time>
      </trkpt>
      <trkpt lat="53.08009528" lon="13.90967834">
        <ele>53.23077</ele>
        <time>2026-07-01T07:56:07.127Z</time>
      </trkpt>
      <trkpt lat="53.08032667" lon="13.90886084">
        <ele>53.38462</ele>
        <time>2026-07-01T07:56:19.946Z</time>
      </trkpt>
      <trkpt lat="53.08053973" lon="13.90794945">
        <ele>52.92308</ele>
        <time>2026-07-01T07:56:33.82Z</time>
      </trkpt>
      <trkpt lat="53.08248223" lon="13.90466584">
        <ele>52.61538</ele>
        <time>2026-07-01T07:57:39.141Z</time>
      </trkpt>
      <trkpt lat="53.08420084" lon="13.90091723">
        <ele>53</ele>
        <time>2026-07-01T07:58:45.998Z</time>
      </trkpt>
      <trkpt lat="53.08719306" lon="13.89448528">
        <ele>53.46154</ele>
        <time>2026-07-01T08:00:41.331Z</time>
      </trkpt>
      <trkpt lat="53.08753028" lon="13.89377">
        <ele>53.92308</ele>
        <time>2026-07-01T08:00:54.221Z</time>
      </trkpt>
      <trkpt lat="53.08900112" lon="13.89145806">
        <ele>55</ele>
        <time>2026-07-01T08:01:41.944Z</time>
      </trkpt>
      <trkpt lat="53.08999723" lon="13.88996362">
        <ele>56.38462</ele>
        <time>2026-07-01T08:02:13.577Z</time>
      </trkpt>
      <trkpt lat="53.09169973" lon="13.88738528">
        <ele>58</ele>
        <time>2026-07-01T08:03:07.872Z</time>
      </trkpt>
      <trkpt lat="53.09459167" lon="13.88568278">
        <ele>60</ele>
        <time>2026-07-01T08:04:20.179Z</time>
      </trkpt>
      <trkpt lat="53.09476306" lon="13.88537695">
        <ele>62.07692</ele>
        <time>2026-07-01T08:04:26.103Z</time>
      </trkpt>
      <trkpt lat="53.09477528" lon="13.88545334">
        <ele>62.1782</ele>
        <time>2026-07-01T08:04:27.223Z</time>
      </trkpt>
      <trkpt lat="53.09465251" lon="13.88386417">
        <ele>64.23077</ele>
        <time>2026-07-01T08:04:49.952Z</time>
      </trkpt>
      <trkpt lat="53.09455028" lon="13.88109473">
        <ele>65.30769</ele>
        <time>2026-07-01T08:05:29.314Z</time>
      </trkpt>
      <trkpt lat="53.09448695" lon="13.87878556">
        <ele>66.30769</ele>
        <time>2026-07-01T08:06:02.106Z</time>
      </trkpt>
      <trkpt lat="53.09444889" lon="13.87799473">
        <ele>67.23077</ele>
        <time>2026-07-01T08:06:13.361Z</time>
      </trkpt>
      <trkpt lat="53.09426195" lon="13.87728389">
        <ele>67.84615</ele>
        <time>2026-07-01T08:06:24.366Z</time>
      </trkpt>
      <trkpt lat="53.09384334" lon="13.87638084">
        <ele>68.61539</ele>
        <time>2026-07-01T08:06:40.535Z</time>
      </trkpt>
      <trkpt lat="53.09339084" lon="13.87530251">
        <ele>69.23077</ele>
        <time>2026-07-01T08:06:59.183Z</time>
      </trkpt>
      <trkpt lat="53.09314278" lon="13.87406389">
        <ele>69.23077</ele>
        <time>2026-07-01T08:07:17.702Z</time>
      </trkpt>
      <trkpt lat="53.09315195" lon="13.87315223">
        <ele>68.69231</ele>
        <time>2026-07-01T08:07:30.637Z</time>
      </trkpt>
      <trkpt lat="53.0934325" lon="13.87242223">
        <ele>68.15385</ele>
        <time>2026-07-01T08:07:42.924Z</time>
      </trkpt>
      <trkpt lat="53.09376223" lon="13.87195556">
        <ele>67.69231</ele>
        <time>2026-07-01T08:07:53.127Z</time>
      </trkpt>
      <trkpt lat="53.09432139" lon="13.87125695">
        <ele>67.23077</ele>
        <time>2026-07-01T08:08:09.616Z</time>
      </trkpt>
      <trkpt lat="53.09486056" lon="13.87025223">
        <ele>66.76923</ele>
        <time>2026-07-01T08:08:28.711Z</time>
      </trkpt>
      <trkpt lat="53.09513" lon="13.86984723">
        <ele>66.53846</ele>
        <time>2026-07-01T08:08:37.27Z</time>
      </trkpt>
      <trkpt lat="53.09642001" lon="13.86937">
        <ele>66.30769</ele>
        <time>2026-07-01T08:09:08.416Z</time>
      </trkpt>
      <trkpt lat="53.09840278" lon="13.86882612">
        <ele>66.30769</ele>
        <time>2026-07-01T08:09:55.776Z</time>
      </trkpt>
      <trkpt lat="53.09964001" lon="13.86866278">
        <ele>66.30769</ele>
        <time>2026-07-01T08:10:25.025Z</time>
      </trkpt>
      <trkpt lat="53.09970556" lon="13.86861723">
        <ele>66.23077</ele>
        <time>2026-07-01T08:10:26.699Z</time>
      </trkpt>
      <trkpt lat="53.10111" lon="13.86749528">
        <ele>66.38461</ele>
        <time>2026-07-01T08:11:03.424Z</time>
      </trkpt>
      <trkpt lat="53.10366084" lon="13.86654695">
        <ele>66.53846</ele>
        <time>2026-07-01T08:12:05.026Z</time>
      </trkpt>
      <trkpt lat="53.10477056" lon="13.8664475">
        <ele>67.76923</ele>
        <time>2026-07-01T08:12:31.217Z</time>
      </trkpt>
      <trkpt lat="53.10535278" lon="13.86618362">
        <ele>69.53846</ele>
        <time>2026-07-01T08:12:45.438Z</time>
      </trkpt>
      <trkpt lat="53.10615917" lon="13.86539862">
        <ele>70.84615</ele>
        <time>2026-07-01T08:13:07.463Z</time>
      </trkpt>
      <trkpt lat="53.10730112" lon="13.86475556">
        <ele>72.30769</ele>
        <time>2026-07-01T08:13:35.879Z</time>
      </trkpt>
      <trkpt lat="53.10783084" lon="13.86387973">
        <ele>73.30769</ele>
        <time>2026-07-01T08:13:53.489Z</time>
      </trkpt>
      <trkpt lat="53.10766695" lon="13.86400945">
        <ele>74.23077</ele>
        <time>2026-07-01T08:13:57.766Z</time>
      </trkpt>
      <trkpt lat="53.10831362" lon="13.86331389">
        <ele>74.92308</ele>
        <time>2026-07-01T08:14:15.92Z</time>
      </trkpt>
      <trkpt lat="53.10859695" lon="13.86279028">
        <ele>75.84615</ele>
        <time>2026-07-01T08:14:25.906Z</time>
      </trkpt>
      <trkpt lat="53.10889973" lon="13.86197112">
        <ele>76.46154</ele>
        <time>2026-07-01T08:14:39.539Z</time>
      </trkpt>
      <trkpt lat="53.10898223" lon="13.86130528">
        <ele>78.23077</ele>
        <time>2026-07-01T08:14:49.18Z</time>
      </trkpt>
      <trkpt lat="53.10917751" lon="13.86085778">
        <ele>79.07692</ele>
        <time>2026-07-01T08:14:57.013Z</time>
      </trkpt>
      <trkpt lat="53.10946389" lon="13.86062889">
        <ele>78.92308</ele>
        <time>2026-07-01T08:15:04.5Z</time>
      </trkpt>
      <trkpt lat="53.10988528" lon="13.86061778">
        <ele>78.76923</ele>
        <time>2026-07-01T08:15:14.432Z</time>
      </trkpt>
      <trkpt lat="53.11069445" lon="13.86066612">
        <ele>77.23077</ele>
        <time>2026-07-01T08:15:33.514Z</time>
      </trkpt>
      <trkpt lat="53.11112889" lon="13.85947556">
        <ele>75.46154</ele>
        <time>2026-07-01T08:15:53.259Z</time>
      </trkpt>
      <trkpt lat="53.11236917" lon="13.85988084">
        <ele>73.84615</ele>
        <time>2026-07-01T08:16:23.047Z</time>
      </trkpt>
      <trkpt lat="53.11328834" lon="13.85993417">
        <ele>71.53846</ele>
        <time>2026-07-01T08:16:44.722Z</time>
      </trkpt>
      <trkpt lat="53.11441862" lon="13.85954528">
        <ele>68.84615</ele>
        <time>2026-07-01T08:17:11.923Z</time>
      </trkpt>
      <trkpt lat="53.11509889" lon="13.85873834">
        <ele>66.15385</ele>
        <time>2026-07-01T08:17:31.619Z</time>
      </trkpt>
      <trkpt lat="53.11584334" lon="13.85867639">
        <ele>63.23077</ele>
        <time>2026-07-01T08:17:49.185Z</time>
      </trkpt>
      <trkpt lat="53.11630306" lon="13.85850195">
        <ele>60.15385</ele>
        <time>2026-07-01T08:18:00.297Z</time>
      </trkpt>
      <trkpt lat="53.11693667" lon="13.85774528">
        <ele>57.46154</ele>
        <time>2026-07-01T08:18:18.684Z</time>
      </trkpt>
      <trkpt lat="53.11761084" lon="13.85721889">
        <ele>53.53846</ele>
        <time>2026-07-01T08:18:36.238Z</time>
      </trkpt>
      <trkpt lat="53.11946584" lon="13.85621167">
        <ele>50.30769</ele>
        <time>2026-07-01T08:19:22.228Z</time>
      </trkpt>
      <trkpt lat="53.12039028" lon="13.85572751">
        <ele>47.38462</ele>
        <time>2026-07-01T08:19:45.07Z</time>
      </trkpt>
      <trkpt lat="53.12140417" lon="13.85413084">
        <ele>44.15385</ele>
        <time>2026-07-01T08:20:17.985Z</time>
      </trkpt>
      <trkpt lat="53.1221325" lon="13.85380473">
        <ele>41.46154</ele>
        <time>2026-07-01T08:20:35.76Z</time>
      </trkpt>
      <trkpt lat="53.12256639" lon="13.85382084">
        <ele>39.69231</ele>
        <time>2026-07-01T08:20:45.988Z</time>
      </trkpt>
      <trkpt lat="53.12378778" lon="13.85325778">
        <ele>38.15385</ele>
        <time>2026-07-01T08:21:15.859Z</time>
      </trkpt>
      <trkpt lat="53.12445028" lon="13.85314695">
        <ele>37.07692</ele>
        <time>2026-07-01T08:21:31.551Z</time>
      </trkpt>
      <trkpt lat="53.12588389" lon="13.85322806">
        <ele>36.92308</ele>
        <time>2026-07-01T08:22:05.356Z</time>
      </trkpt>
      <trkpt lat="53.12672528" lon="13.85327778">
        <ele>36.69231</ele>
        <time>2026-07-01T08:22:25.198Z</time>
      </trkpt>
      <trkpt lat="53.12713751" lon="13.85223001">
        <ele>36.53846</ele>
        <time>2026-07-01T08:22:42.946Z</time>
      </trkpt>
      <trkpt lat="53.12742945" lon="13.85074167">
        <ele>35.92308</ele>
        <time>2026-07-01T08:23:05.137Z</time>
      </trkpt>
      <trkpt lat="53.12772612" lon="13.85009695">
        <ele>35</ele>
        <time>2026-07-01T08:23:16.644Z</time>
      </trkpt>
      <trkpt lat="53.12804278" lon="13.84992223">
        <ele>34.38462</ele>
        <time>2026-07-01T08:23:24.506Z</time>
      </trkpt>
      <trkpt lat="53.12891" lon="13.85096139">
        <ele>33.69231</ele>
        <time>2026-07-01T08:23:49.699Z</time>
      </trkpt>
      <trkpt lat="53.12981889" lon="13.85210195">
        <ele>33.23077</ele>
        <time>2026-07-01T08:24:16.535Z</time>
      </trkpt>
      <trkpt lat="53.13090806" lon="13.85301056">
        <ele>33.23077</ele>
        <time>2026-07-01T08:24:45.253Z</time>
      </trkpt>
      <trkpt lat="53.13208251" lon="13.85383806">
        <ele>34.38462</ele>
        <time>2026-07-01T08:25:15.314Z</time>
      </trkpt>
      <trkpt lat="53.13292389" lon="13.854095">
        <ele>33.92308</ele>
        <time>2026-07-01T08:25:35.474Z</time>
      </trkpt>
      <trkpt lat="53.13401834" lon="13.85451556">
        <ele>33.76923</ele>
        <time>2026-07-01T08:26:01.945Z</time>
      </trkpt>
      <trkpt lat="53.13489" lon="13.85483917">
        <ele>33.07692</ele>
        <time>2026-07-01T08:26:22.992Z</time>
      </trkpt>
      <trkpt lat="53.13542473" lon="13.85505334">
        <ele>32.46154</ele>
        <time>2026-07-01T08:26:35.954Z</time>
      </trkpt>
      <trkpt lat="53.13538751" lon="13.85504945">
        <ele>31.84615</ele>
        <time>2026-07-01T08:26:36.833Z</time>
      </trkpt>
      <trkpt lat="53.13833723" lon="13.85597112">
        <ele>30.76923</ele>
        <time>2026-07-01T08:27:47.566Z</time>
      </trkpt>
      <trkpt lat="53.14046612" lon="13.85662862">
        <ele>29.61539</ele>
        <time>2026-07-01T08:28:38.596Z</time>
      </trkpt>
      <trkpt lat="53.14333751" lon="13.85668667">
        <ele>28.69231</ele>
        <time>2026-07-01T08:29:46.271Z</time>
      </trkpt>
      <trkpt lat="53.14661612" lon="13.85701167">
        <ele>27.69231</ele>
        <time>2026-07-01T08:31:03.675Z</time>
      </trkpt>
      <trkpt lat="53.14698278" lon="13.85712278">
        <ele>27.07692</ele>
        <time>2026-07-01T08:31:12.458Z</time>
      </trkpt>
      <trkpt lat="53.14684417" lon="13.85802806">
        <ele>26.76923</ele>
        <time>2026-07-01T08:31:25.694Z</time>
      </trkpt>
      <trkpt lat="53.14688639" lon="13.85880612">
        <ele>27.30769</ele>
        <time>2026-07-01T08:31:36.763Z</time>
      </trkpt>
      <trkpt lat="53.14687028" lon="13.85899084">
        <ele>26.76923</ele>
        <time>2026-07-01T08:31:39.405Z</time>
      </trkpt>
      <trkpt lat="53.14586806" lon="13.86078806">
        <ele>26.38461</ele>
        <time>2026-07-01T08:32:14.137Z</time>
      </trkpt>
      <trkpt lat="53.14550917" lon="13.86170806">
        <ele>25.76923</ele>
        <time>2026-07-01T08:32:29.676Z</time>
      </trkpt>
      <trkpt lat="53.14442834" lon="13.86358806">
        <ele>25.46154</ele>
        <time>2026-07-01T08:33:06.533Z</time>
      </trkpt>
      <trkpt lat="53.14415917" lon="13.86408945">
        <ele>24.92308</ele>
        <time>2026-07-01T08:33:16.058Z</time>
      </trkpt>
      <trkpt lat="53.14334806" lon="13.86592667">
        <ele>24.46154</ele>
        <time>2026-07-01T08:33:48.356Z</time>
      </trkpt>
      <trkpt lat="53.1462575" lon="13.86684195">
        <ele>24.76923</ele>
        <time>2026-07-01T08:34:58.139Z</time>
      </trkpt>
      <trkpt lat="53.14676167" lon="13.86690695">
        <ele>25.46154</ele>
        <time>2026-07-01T08:35:10.056Z</time>
      </trkpt>
      <trkpt lat="53.14720556" lon="13.867375">
        <ele>26.15385</ele>
        <time>2026-07-01T08:35:22.438Z</time>
      </trkpt>
      <trkpt lat="53.14740195" lon="13.86742501">
        <ele>26.53846</ele>
        <time>2026-07-01T08:35:27.12Z</time>
      </trkpt>
      <trkpt lat="53.14777445" lon="13.86747139">
        <ele>27.15385</ele>
        <time>2026-07-01T08:35:35.923Z</time>
      </trkpt>
      <trkpt lat="53.14809973" lon="13.86765306">
        <ele>27.61539</ele>
        <time>2026-07-01T08:35:44.009Z</time>
      </trkpt>
      <trkpt lat="53.14866501" lon="13.86809445">
        <ele>27.38461</ele>
        <time>2026-07-01T08:35:58.723Z</time>
      </trkpt>
      <trkpt lat="53.14960806" lon="13.86856556">
        <ele>27.46154</ele>
        <time>2026-07-01T08:36:21.926Z</time>
      </trkpt>
      <trkpt lat="53.15076723" lon="13.86924778">
        <ele>28</ele>
        <time>2026-07-01T08:36:50.904Z</time>
      </trkpt>
      <trkpt lat="53.15135501" lon="13.86973306">
        <ele>28.15385</ele>
        <time>2026-07-01T08:37:06.369Z</time>
      </trkpt>
      <trkpt lat="53.15229639" lon="13.87053639">
        <ele>28.61539</ele>
        <time>2026-07-01T08:37:31.304Z</time>
      </trkpt>
      <trkpt lat="53.15272473" lon="13.87092084">
        <ele>29.15385</ele>
        <time>2026-07-01T08:37:42.771Z</time>
      </trkpt>
      <trkpt lat="53.1529975" lon="13.87099278">
        <ele>30</ele>
        <time>2026-07-01T08:37:49.279Z</time>
      </trkpt>
      <trkpt lat="53.15379862" lon="13.87086001">
        <ele>31</ele>
        <time>2026-07-01T08:38:08.252Z</time>
      </trkpt>
      <trkpt lat="53.15415001" lon="13.87081445">
        <ele>31.92308</ele>
        <time>2026-07-01T08:38:16.558Z</time>
      </trkpt>
      <trkpt lat="53.15467473" lon="13.8707">
        <ele>32.92308</ele>
        <time>2026-07-01T08:38:29.03Z</time>
      </trkpt>
      <trkpt lat="53.15539862" lon="13.87071445">
        <ele>34.30769</ele>
        <time>2026-07-01T08:38:46.091Z</time>
      </trkpt>
      <trkpt lat="53.1560025" lon="13.87117778">
        <ele>35.30769</ele>
        <time>2026-07-01T08:39:01.76Z</time>
      </trkpt>
      <trkpt lat="53.15647" lon="13.87145084">
        <ele>36.23077</ele>
        <time>2026-07-01T08:39:13.435Z</time>
      </trkpt>
      <trkpt lat="53.15696056" lon="13.87146639">
        <ele>37.07692</ele>
        <time>2026-07-01T08:39:24.998Z</time>
      </trkpt>
      <trkpt lat="53.15740056" lon="13.87150112">
        <ele>37.61538</ele>
        <time>2026-07-01T08:39:35.379Z</time>
      </trkpt>
      <trkpt lat="53.15770473" lon="13.87201556">
        <ele>38.46154</ele>
        <time>2026-07-01T08:39:45.601Z</time>
      </trkpt>
      <trkpt lat="53.15789167" lon="13.87219723">
        <ele>39.23077</ele>
        <time>2026-07-01T08:39:50.702Z</time>
      </trkpt>
      <trkpt lat="53.15805834" lon="13.87221278">
        <ele>39.92308</ele>
        <time>2026-07-01T08:39:54.636Z</time>
      </trkpt>
      <trkpt lat="53.15820139" lon="13.87210723">
        <ele>40.15385</ele>
        <time>2026-07-01T08:39:58.323Z</time>
      </trkpt>
      <trkpt lat="53.15835612" lon="13.87202806">
        <ele>40.23077</ele>
        <time>2026-07-01T08:40:02.138Z</time>
      </trkpt>
      <trkpt lat="53.15851501" lon="13.87207056">
        <ele>39.84615</ele>
        <time>2026-07-01T08:40:05.931Z</time>
      </trkpt>
      <trkpt lat="53.15887528" lon="13.87227584">
        <ele>39.38462</ele>
        <time>2026-07-01T08:40:14.905Z</time>
      </trkpt>
      <trkpt lat="53.15951584" lon="13.87254695">
        <ele>38.84615</ele>
        <time>2026-07-01T08:40:30.481Z</time>
      </trkpt>
      <trkpt lat="53.15967473" lon="13.872475">
        <ele>38.23077</ele>
        <time>2026-07-01T08:40:34.361Z</time>
      </trkpt>
      <trkpt lat="53.16170639" lon="13.87082056">
        <ele>37.38462</ele>
        <time>2026-07-01T08:41:27.669Z</time>
      </trkpt>
      <trkpt lat="53.16218612" lon="13.87057223">
        <ele>36.61538</ele>
        <time>2026-07-01T08:41:39.508Z</time>
      </trkpt>
      <trkpt lat="53.16294389" lon="13.8703525">
        <ele>35.76923</ele>
        <time>2026-07-01T08:41:57.635Z</time>
      </trkpt>
      <trkpt lat="53.16331306" lon="13.8703425">
        <ele>34.84615</ele>
        <time>2026-07-01T08:42:06.336Z</time>
      </trkpt>
      <trkpt lat="53.16419806" lon="13.87065445">
        <ele>34</ele>
        <time>2026-07-01T08:42:27.655Z</time>
      </trkpt>
      <trkpt lat="53.16479917" lon="13.87079251">
        <ele>33.30769</ele>
        <time>2026-07-01T08:42:41.955Z</time>
      </trkpt>
      <trkpt lat="53.16517889" lon="13.87080973">
        <ele>32.30769</ele>
        <time>2026-07-01T08:42:50.907Z</time>
      </trkpt>
      <trkpt lat="53.16585639" lon="13.87104056">
        <ele>31.30769</ele>
        <time>2026-07-01T08:43:07.204Z</time>
      </trkpt>
      <trkpt lat="53.16625667" lon="13.87119917">
        <ele>30.23077</ele>
        <time>2026-07-01T08:43:16.901Z</time>
      </trkpt>
      <trkpt lat="53.16641528" lon="13.87128778">
        <ele>29.53846</ele>
        <time>2026-07-01T08:43:20.844Z</time>
      </trkpt>
      <trkpt lat="53.16727584" lon="13.87162417">
        <ele>29.07692</ele>
        <time>2026-07-01T08:43:41.676Z</time>
      </trkpt>
      <trkpt lat="53.16803139" lon="13.87218806">
        <ele>28.53846</ele>
        <time>2026-07-01T08:44:01.191Z</time>
      </trkpt>
      <trkpt lat="53.1692075" lon="13.87219723">
        <ele>28.07692</ele>
        <time>2026-07-01T08:44:28.909Z</time>
      </trkpt>
      <trkpt lat="53.17061556" lon="13.87218945">
        <ele>27.84615</ele>
        <time>2026-07-01T08:45:02.093Z</time>
      </trkpt>
      <trkpt lat="53.17084445" lon="13.87209639">
        <ele>27.69231</ele>
        <time>2026-07-01T08:45:07.646Z</time>
      </trkpt>
      <trkpt lat="53.17152334" lon="13.87133667">
        <ele>27.23077</ele>
        <time>2026-07-01T08:45:26.926Z</time>
      </trkpt>
      <trkpt lat="53.17196751" lon="13.87115417">
        <ele>28.07692</ele>
        <time>2026-07-01T08:45:37.707Z</time>
      </trkpt>
      <trkpt lat="53.17214639" lon="13.87116667">
        <ele>28.15385</ele>
        <time>2026-07-01T08:45:41.926Z</time>
      </trkpt>
      <trkpt lat="53.17259584" lon="13.87149306">
        <ele>28.38461</ele>
        <time>2026-07-01T08:45:53.48Z</time>
      </trkpt>
      <trkpt lat="53.17286528" lon="13.87175667">
        <ele>29.30769</ele>
        <time>2026-07-01T08:46:00.844Z</time>
      </trkpt>
      <trkpt lat="53.17308612" lon="13.87187556">
        <ele>30.53846</ele>
        <time>2026-07-01T08:46:06.313Z</time>
      </trkpt>
      <trkpt lat="53.17364778" lon="13.87209028">
        <ele>31.76923</ele>
        <time>2026-07-01T08:46:19.894Z</time>
      </trkpt>
      <trkpt lat="53.17628167" lon="13.87377528">
        <ele>32.46154</ele>
        <time>2026-07-01T08:47:26.395Z</time>
      </trkpt>
      <trkpt lat="53.17676556" lon="13.87405028">
        <ele>32.92308</ele>
        <time>2026-07-01T08:47:38.444Z</time>
      </trkpt>
      <trkpt lat="53.17687167" lon="13.87402945">
        <ele>33.53846</ele>
        <time>2026-07-01T08:47:40.962Z</time>
      </trkpt>
      <trkpt lat="53.17748223" lon="13.87387278">
        <ele>34.15385</ele>
        <time>2026-07-01T08:47:55.521Z</time>
      </trkpt>
      <trkpt lat="53.17832" lon="13.87445028">
        <ele>34.76923</ele>
        <time>2026-07-01T08:48:16.891Z</time>
      </trkpt>
      <trkpt lat="53.17922723" lon="13.87465306">
        <ele>35.30769</ele>
        <time>2026-07-01T08:48:38.463Z</time>
      </trkpt>
      <trkpt lat="53.18174028" lon="13.87505334">
        <ele>36</ele>
        <time>2026-07-01T08:49:37.958Z</time>
      </trkpt>
      <trkpt lat="53.18185778" lon="13.87514473">
        <ele>35.46154</ele>
        <time>2026-07-01T08:49:41.014Z</time>
      </trkpt>
      <trkpt lat="53.18205834" lon="13.87562334">
        <ele>35.30769</ele>
        <time>2026-07-01T08:49:49.276Z</time>
      </trkpt>
      <trkpt lat="53.18226862" lon="13.87613278">
        <ele>34.92308</ele>
        <time>2026-07-01T08:49:58.027Z</time>
      </trkpt>
      <trkpt lat="53.18241112" lon="13.87628778">
        <ele>34.15385</ele>
        <time>2026-07-01T08:50:02.037Z</time>
      </trkpt>
      <trkpt lat="53.18353862" lon="13.87667334">
        <ele>33.15385</ele>
        <time>2026-07-01T08:50:29.163Z</time>
      </trkpt>
      <trkpt lat="53.18440528" lon="13.87701001">
        <ele>32.15385</ele>
        <time>2026-07-01T08:50:50.135Z</time>
      </trkpt>
      <trkpt lat="53.18450556" lon="13.87719862">
        <ele>31.46154</ele>
        <time>2026-07-01T08:50:53.698Z</time>
      </trkpt>
      <trkpt lat="53.185775" lon="13.87702584">
        <ele>30.76923</ele>
        <time>2026-07-01T08:51:23.715Z</time>
      </trkpt>
      <trkpt lat="53.18611639" lon="13.87706723">
        <ele>30.15385</ele>
        <time>2026-07-01T08:51:31.782Z</time>
      </trkpt>
      <trkpt lat="53.18665584" lon="13.87743417">
        <ele>29.61539</ele>
        <time>2026-07-01T08:51:45.513Z</time>
      </trkpt>
      <trkpt lat="53.18820251" lon="13.87834639">
        <ele>29</ele>
        <time>2026-07-01T08:52:24.183Z</time>
      </trkpt>
      <trkpt lat="53.18871028" lon="13.87864417">
        <ele>28.76923</ele>
        <time>2026-07-01T08:52:36.869Z</time>
      </trkpt>
      <trkpt lat="53.18929556" lon="13.87883084">
        <ele>28.69231</ele>
        <time>2026-07-01T08:52:50.913Z</time>
      </trkpt>
      <trkpt lat="53.19011889" lon="13.87904945">
        <ele>29.30769</ele>
        <time>2026-07-01T08:53:10.561Z</time>
      </trkpt>
      <trkpt lat="53.19058139" lon="13.87927973">
        <ele>30.23077</ele>
        <time>2026-07-01T08:53:21.937Z</time>
      </trkpt>
      <trkpt lat="53.19219917" lon="13.88044612">
        <ele>30.30769</ele>
        <time>2026-07-01T08:54:03.485Z</time>
      </trkpt>
      <trkpt lat="53.19351445" lon="13.88111778">
        <ele>30.61539</ele>
        <time>2026-07-01T08:54:35.908Z</time>
      </trkpt>
      <trkpt lat="53.194745" lon="13.88188473">
        <ele>31.53846</ele>
        <time>2026-07-01T08:55:06.874Z</time>
      </trkpt>
      <trkpt lat="53.19542528" lon="13.88256112">
        <ele>32.07692</ele>
        <time>2026-07-01T08:55:25.547Z</time>
      </trkpt>
      <trkpt lat="53.19739945" lon="13.88418556">
        <ele>32.23077</ele>
        <time>2026-07-01T08:56:17.443Z</time>
      </trkpt>
      <trkpt lat="53.20053695" lon="13.88682945">
        <ele>32.46154</ele>
        <time>2026-07-01T08:57:40.313Z</time>
      </trkpt>
      <trkpt lat="53.2022875" lon="13.88809306">
        <ele>32.76923</ele>
        <time>2026-07-01T08:58:25.277Z</time>
      </trkpt>
      <trkpt lat="53.20296084" lon="13.88854001">
        <ele>33.07692</ele>
        <time>2026-07-01T08:58:42.357Z</time>
      </trkpt>
      <trkpt lat="53.20423723" lon="13.88913278">
        <ele>33.30769</ele>
        <time>2026-07-01T08:59:13.586Z</time>
      </trkpt>
      <trkpt lat="53.20551695" lon="13.88953639">
        <ele>32.92308</ele>
        <time>2026-07-01T08:59:44.28Z</time>
      </trkpt>
      <trkpt lat="53.207215" lon="13.88958612">
        <ele>32.30769</ele>
        <time>2026-07-01T09:00:24.305Z</time>
      </trkpt>
      <trkpt lat="53.20723862" lon="13.88987417">
        <ele>31.23077</ele>
        <time>2026-07-01T09:00:28.414Z</time>
      </trkpt>
      <trkpt lat="53.20728973" lon="13.89007584">
        <ele>30.30769</ele>
        <time>2026-07-01T09:00:31.508Z</time>
      </trkpt>
      <trkpt lat="53.20755278" lon="13.89013306">
        <ele>30.53846</ele>
        <time>2026-07-01T09:00:37.76Z</time>
      </trkpt>
      <trkpt lat="53.20871473" lon="13.89011362">
        <ele>29.69231</ele>
        <time>2026-07-01T09:01:05.145Z</time>
      </trkpt>
      <trkpt lat="53.20986362" lon="13.89006278">
        <ele>28.76923</ele>
        <time>2026-07-01T09:01:32.231Z</time>
      </trkpt>
      <trkpt lat="53.21046306" lon="13.88992751">
        <ele>27.92308</ele>
        <time>2026-07-01T09:01:46.487Z</time>
      </trkpt>
      <trkpt lat="53.21086723" lon="13.89004056">
        <ele>27.46154</ele>
        <time>2026-07-01T09:01:56.145Z</time>
      </trkpt>
      <trkpt lat="53.21115306" lon="13.89003639">
        <ele>27</ele>
        <time>2026-07-01T09:02:02.882Z</time>
      </trkpt>
      <trkpt lat="53.21144473" lon="13.89005001">
        <ele>26.30769</ele>
        <time>2026-07-01T09:02:09.759Z</time>
      </trkpt>
      <trkpt lat="53.21182417" lon="13.889875">
        <ele>25.53846</ele>
        <time>2026-07-01T09:02:19.037Z</time>
      </trkpt>
      <trkpt lat="53.21263084" lon="13.88986612">
        <ele>24.76923</ele>
        <time>2026-07-01T09:02:38.048Z</time>
      </trkpt>
      <trkpt lat="53.21311778" lon="13.88986389">
        <ele>24.23077</ele>
        <time>2026-07-01T09:02:49.524Z</time>
      </trkpt>
      <trkpt lat="53.21373056" lon="13.89073195">
        <ele>23.76923</ele>
        <time>2026-07-01T09:03:08.481Z</time>
      </trkpt>
      <trkpt lat="53.21424028" lon="13.89166695">
        <ele>23.07692</ele>
        <time>2026-07-01T09:03:26.349Z</time>
      </trkpt>
      <trkpt lat="53.21457001" lon="13.89245612">
        <ele>22</ele>
        <time>2026-07-01T09:03:39.951Z</time>
      </trkpt>
      <trkpt lat="53.21479417" lon="13.89317028">
        <ele>21.15385</ele>
        <time>2026-07-01T09:03:51.352Z</time>
      </trkpt>
      <trkpt lat="53.21508195" lon="13.89405917">
        <ele>20.92308</ele>
        <time>2026-07-01T09:04:05.639Z</time>
      </trkpt>
      <trkpt lat="53.21525556" lon="13.89476889">
        <ele>20.53846</ele>
        <time>2026-07-01T09:04:16.481Z</time>
      </trkpt>
      <trkpt lat="53.21556306" lon="13.89520195">
        <ele>20.46154</ele>
        <time>2026-07-01T09:04:25.966Z</time>
      </trkpt>
      <trkpt lat="53.21592695" lon="13.89564028">
        <ele>20.38461</ele>
        <time>2026-07-01T09:04:36.544Z</time>
      </trkpt>
      <trkpt lat="53.21617167" lon="13.89607917">
        <ele>20.38461</ele>
        <time>2026-07-01T09:04:45.013Z</time>
      </trkpt>
      <trkpt lat="53.21682806" lon="13.89651667">
        <ele>20.15385</ele>
        <time>2026-07-01T09:05:01.672Z</time>
      </trkpt>
      <trkpt lat="53.21723695" lon="13.89688556">
        <ele>20.23077</ele>
        <time>2026-07-01T09:05:12.628Z</time>
      </trkpt>
      <trkpt lat="53.2174475" lon="13.89712112">
        <ele>20.15385</ele>
        <time>2026-07-01T09:05:18.603Z</time>
      </trkpt>
      <trkpt lat="53.21824139" lon="13.89821417">
        <ele>19.92308</ele>
        <time>2026-07-01T09:05:42.875Z</time>
      </trkpt>
      <trkpt lat="53.21864278" lon="13.89900695">
        <ele>20.07692</ele>
        <time>2026-07-01T09:05:57.546Z</time>
      </trkpt>
      <trkpt lat="53.21887862" lon="13.89923723">
        <ele>20.07692</ele>
        <time>2026-07-01T09:06:03.986Z</time>
      </trkpt>
      <trkpt lat="53.21945056" lon="13.89968778">
        <ele>20.30769</ele>
        <time>2026-07-01T09:06:18.893Z</time>
      </trkpt>
      <trkpt lat="53.22017167" lon="13.900485">
        <ele>20.07692</ele>
        <time>2026-07-01T09:06:39.289Z</time>
      </trkpt>
      <trkpt lat="53.22081417" lon="13.90073806">
        <ele>20.15385</ele>
        <time>2026-07-01T09:06:54.847Z</time>
      </trkpt>
      <trkpt lat="53.22180834" lon="13.90067195">
        <ele>20.15385</ele>
        <time>2026-07-01T09:07:18.296Z</time>
      </trkpt>
      <trkpt lat="53.22245334" lon="13.90005584">
        <ele>20.23077</ele>
        <time>2026-07-01T09:07:35.818Z</time>
      </trkpt>
      <trkpt lat="53.22261639" lon="13.89994723">
        <ele>20.30769</ele>
        <time>2026-07-01T09:07:39.956Z</time>
      </trkpt>
      <trkpt lat="53.22271139" lon="13.89899917">
        <ele>20.30769</ele>
        <time>2026-07-01T09:07:53.551Z</time>
      </trkpt>
      <trkpt lat="53.22276862" lon="13.89806445">
        <ele>20.30769</ele>
        <time>2026-07-01T09:08:06.84Z</time>
      </trkpt>
      <trkpt lat="53.22269639" lon="13.89774723">
        <ele>20.30769</ele>
        <time>2026-07-01T09:08:11.634Z</time>
      </trkpt>
      <trkpt lat="53.22205889" lon="13.89548834">
        <ele>20.46154</ele>
        <time>2026-07-01T09:08:46.94Z</time>
      </trkpt>
      <trkpt lat="53.22202889" lon="13.89503556">
        <ele>20.76923</ele>
        <time>2026-07-01T09:08:53.375Z</time>
      </trkpt>
      <trkpt lat="53.22206612" lon="13.89463084">
        <ele>20.76923</ele>
        <time>2026-07-01T09:08:59.159Z</time>
      </trkpt>
      <trkpt lat="53.22218556" lon="13.89429167">
        <ele>20.92308</ele>
        <time>2026-07-01T09:09:04.716Z</time>
      </trkpt>
      <trkpt lat="53.22267667" lon="13.89340056">
        <ele>21.23077</ele>
        <time>2026-07-01T09:09:21.828Z</time>
      </trkpt>
      <trkpt lat="53.22302945" lon="13.89257445">
        <ele>21.53846</ele>
        <time>2026-07-01T09:09:36.169Z</time>
      </trkpt>
      <trkpt lat="53.22316251" lon="13.89198334">
        <ele>21.69231</ele>
        <time>2026-07-01T09:09:45.098Z</time>
      </trkpt>
      <trkpt lat="53.22320167" lon="13.89156806">
        <ele>21.92308</ele>
        <time>2026-07-01T09:09:51.037Z</time>
      </trkpt>
      <trkpt lat="53.22310473" lon="13.89042417">
        <ele>22.07692</ele>
        <time>2026-07-01T09:10:07.377Z</time>
      </trkpt>
      <trkpt lat="53.22291751" lon="13.88931917">
        <ele>22</ele>
        <time>2026-07-01T09:10:23.617Z</time>
      </trkpt>
      <trkpt lat="53.22262028" lon="13.88769">
        <ele>21.76923</ele>
        <time>2026-07-01T09:10:47.701Z</time>
      </trkpt>
      <trkpt lat="53.22196084" lon="13.88520778">
        <ele>21.69231</ele>
        <time>2026-07-01T09:11:26.096Z</time>
      </trkpt>
      <trkpt lat="53.22193862" lon="13.88459695">
        <ele>21.23077</ele>
        <time>2026-07-01T09:11:34.752Z</time>
      </trkpt>
      <trkpt lat="53.22186917" lon="13.88426834">
        <ele>20.92308</ele>
        <time>2026-07-01T09:11:39.674Z</time>
      </trkpt>
      <trkpt lat="53.2213875" lon="13.8828175">
        <ele>20.61539</ele>
        <time>2026-07-01T09:12:03.126Z</time>
      </trkpt>
      <trkpt lat="53.22083417" lon="13.88148751">
        <ele>20.38461</ele>
        <time>2026-07-01T09:12:26.016Z</time>
      </trkpt>
      <trkpt lat="53.21994917" lon="13.88026278">
        <ele>20.15385</ele>
        <time>2026-07-01T09:12:53.129Z</time>
      </trkpt>
      <trkpt lat="53.21922945" lon="13.87929639">
        <ele>19.61539</ele>
        <time>2026-07-01T09:13:14.914Z</time>
      </trkpt>
      <trkpt lat="53.21887417" lon="13.87926362">
        <ele>19.38461</ele>
        <time>2026-07-01T09:13:23.3Z</time>
      </trkpt>
      <trkpt lat="53.21868417" lon="13.879365">
        <ele>19.23077</ele>
        <time>2026-07-01T09:13:28.001Z</time>
      </trkpt>
      <trkpt lat="53.21836639" lon="13.87967584">
        <ele>19</ele>
        <time>2026-07-01T09:13:36.683Z</time>
      </trkpt>
      <trkpt lat="53.21781084" lon="13.87973167">
        <ele>18.76923</ele>
        <time>2026-07-01T09:13:49.8Z</time>
      </trkpt>
      <trkpt lat="53.21757306" lon="13.87972445">
        <ele>18.84615</ele>
        <time>2026-07-01T09:13:55.405Z</time>
      </trkpt>
      <trkpt lat="53.21715584" lon="13.87985112">
        <ele>18.92308</ele>
        <time>2026-07-01T09:14:05.399Z</time>
      </trkpt>
      <trkpt lat="53.21600945" lon="13.87954139">
        <ele>19</ele>
        <time>2026-07-01T09:14:32.769Z</time>
      </trkpt>
      <trkpt lat="53.21486528" lon="13.87919417">
        <ele>19.23077</ele>
        <time>2026-07-01T09:15:00.177Z</time>
      </trkpt>
      <trkpt lat="53.21452473" lon="13.87889112">
        <ele>19.30769</ele>
        <time>2026-07-01T09:15:09.274Z</time>
      </trkpt>
      <trkpt lat="53.21413945" lon="13.87849528">
        <ele>19.15385</ele>
        <time>2026-07-01T09:15:19.938Z</time>
      </trkpt>
      <trkpt lat="53.21327834" lon="13.87734501">
        <ele>19</ele>
        <time>2026-07-01T09:15:45.951Z</time>
      </trkpt>
      <trkpt lat="53.21304278" lon="13.87698723">
        <ele>18.92308</ele>
        <time>2026-07-01T09:15:53.459Z</time>
      </trkpt>
      <trkpt lat="53.21282112" lon="13.87683167">
        <ele>18.84615</ele>
        <time>2026-07-01T09:15:59.127Z</time>
      </trkpt>
      <trkpt lat="53.21254778" lon="13.87672278">
        <ele>18.30769</ele>
        <time>2026-07-01T09:16:05.75Z</time>
      </trkpt>
      <trkpt lat="53.21182028" lon="13.87678473">
        <ele>18.07692</ele>
        <time>2026-07-01T09:16:22.918Z</time>
      </trkpt>
      <trkpt lat="53.21162084" lon="13.87543945">
        <ele>18</ele>
        <time>2026-07-01T09:16:42.522Z</time>
      </trkpt>
      <trkpt lat="53.21153612" lon="13.87335584">
        <ele>18.23077</ele>
        <time>2026-07-01T09:17:12.068Z</time>
      </trkpt>
      <trkpt lat="53.21145389" lon="13.87261251">
        <ele>18.92308</ele>
        <time>2026-07-01T09:17:22.761Z</time>
      </trkpt>
      <trkpt lat="53.21098667" lon="13.86967917">
        <ele>19.53846</ele>
        <time>2026-07-01T09:18:05.697Z</time>
      </trkpt>
      <trkpt lat="53.21009862" lon="13.86682834">
        <ele>20.38461</ele>
        <time>2026-07-01T09:18:51.137Z</time>
      </trkpt>
      <trkpt lat="53.21002889" lon="13.86605139">
        <ele>21.30769</ele>
        <time>2026-07-01T09:19:02.252Z</time>
      </trkpt>
      <trkpt lat="53.21038667" lon="13.86452584">
        <ele>21.92308</ele>
        <time>2026-07-01T09:19:25.424Z</time>
      </trkpt>
      <trkpt lat="53.21061806" lon="13.86353806">
        <ele>22.30769</ele>
        <time>2026-07-01T09:19:40.425Z</time>
      </trkpt>
      <trkpt lat="53.21090278" lon="13.86190695">
        <ele>22.53846</ele>
        <time>2026-07-01T09:20:04.458Z</time>
      </trkpt>
      <trkpt lat="53.21127417" lon="13.86048028">
        <ele>22.61539</ele>
        <time>2026-07-01T09:20:26.458Z</time>
      </trkpt>
      <trkpt lat="53.21189362" lon="13.85852528">
        <ele>23</ele>
        <time>2026-07-01T09:20:57.733Z</time>
      </trkpt>
      <trkpt lat="53.21223556" lon="13.85745167">
        <ele>23.38461</ele>
        <time>2026-07-01T09:21:14.927Z</time>
      </trkpt>
      <trkpt lat="53.21290667" lon="13.85613917">
        <ele>23.61539</ele>
        <time>2026-07-01T09:21:39.318Z</time>
      </trkpt>
      <trkpt lat="53.21417001" lon="13.85397834">
        <ele>24.07692</ele>
        <time>2026-07-01T09:22:21.991Z</time>
      </trkpt>
      <trkpt lat="53.21440862" lon="13.85343112">
        <ele>24.23077</ele>
        <time>2026-07-01T09:22:31.559Z</time>
      </trkpt>
      <trkpt lat="53.21470445" lon="13.85201223">
        <ele>24</ele>
        <time>2026-07-01T09:22:52.808Z</time>
      </trkpt>
      <trkpt lat="53.21531639" lon="13.84914584">
        <ele>23.84615</ele>
        <time>2026-07-01T09:23:35.846Z</time>
      </trkpt>
      <trkpt lat="53.21562973" lon="13.84761723">
        <ele>23.30769</ele>
        <time>2026-07-01T09:23:58.696Z</time>
      </trkpt>
      <trkpt lat="53.21616084" lon="13.845165">
        <ele>22.61539</ele>
        <time>2026-07-01T09:24:35.575Z</time>
      </trkpt>
      <trkpt lat="53.21673889" lon="13.84224112">
        <ele>22.30769</ele>
        <time>2026-07-01T09:25:19.122Z</time>
      </trkpt>
      <trkpt lat="53.21803417" lon="13.84278889">
        <ele>22.38461</ele>
        <time>2026-07-01T09:25:50.616Z</time>
      </trkpt>
      <trkpt lat="53.21860001" lon="13.84281167">
        <ele>22.61539</ele>
        <time>2026-07-01T09:26:03.955Z</time>
      </trkpt>
      <trkpt lat="53.21911973" lon="13.84305834">
        <ele>23.07692</ele>
        <time>2026-07-01T09:26:16.69Z</time>
      </trkpt>
      <trkpt lat="53.21977028" lon="13.84338417">
        <ele>23.07692</ele>
        <time>2026-07-01T09:26:32.698Z</time>
      </trkpt>
      <trkpt lat="53.22035028" lon="13.84361723">
        <ele>23.38461</ele>
        <time>2026-07-01T09:26:46.758Z</time>
      </trkpt>
      <trkpt lat="53.22070751" lon="13.84368112">
        <ele>23.69231</ele>
        <time>2026-07-01T09:26:55.225Z</time>
      </trkpt>
      <trkpt lat="53.22084001" lon="13.84351667">
        <ele>23.76923</ele>
        <time>2026-07-01T09:26:59.117Z</time>
      </trkpt>
      <trkpt lat="53.22095973" lon="13.84323473">
        <ele>23.84615</ele>
        <time>2026-07-01T09:27:03.998Z</time>
      </trkpt>
      <trkpt lat="53.22103362" lon="13.84302834">
        <ele>23.61539</ele>
        <time>2026-07-01T09:27:07.394Z</time>
      </trkpt>
      <trkpt lat="53.22133056" lon="13.84311862">
        <ele>23.53846</ele>
        <time>2026-07-01T09:27:14.507Z</time>
      </trkpt>
      <trkpt lat="53.22177778" lon="13.84319445">
        <ele>23.92308</ele>
        <time>2026-07-01T09:27:25.101Z</time>
      </trkpt>
      <trkpt lat="53.22608223" lon="13.84300612">
        <ele>23.92308</ele>
        <time>2026-07-01T09:29:06.581Z</time>
      </trkpt>
      <trkpt lat="53.22707112" lon="13.84297334">
        <ele>24.30769</ele>
        <time>2026-07-01T09:29:29.891Z</time>
      </trkpt>
      <trkpt lat="53.22774667" lon="13.84293778">
        <ele>24.46154</ele>
        <time>2026-07-01T09:29:45.82Z</time>
      </trkpt>
      <trkpt lat="53.22818389" lon="13.84293084">
        <ele>24.61539</ele>
        <time>2026-07-01T09:29:56.125Z</time>
      </trkpt>
      <trkpt lat="53.22940973" lon="13.84285139">
        <ele>24.53846</ele>
        <time>2026-07-01T09:30:25.037Z</time>
      </trkpt>
      <trkpt lat="53.22980306" lon="13.84287834">
        <ele>24.92308</ele>
        <time>2026-07-01T09:30:34.315Z</time>
      </trkpt>
      <trkpt lat="53.23068195" lon="13.84298223">
        <ele>25.53846</ele>
        <time>2026-07-01T09:30:55.08Z</time>
      </trkpt>
      <trkpt lat="53.23205917" lon="13.84314112">
        <ele>25.61539</ele>
        <time>2026-07-01T09:31:27.615Z</time>
      </trkpt>
      <trkpt lat="53.23323028" lon="13.84320195">
        <ele>25.76923</ele>
        <time>2026-07-01T09:31:55.228Z</time>
      </trkpt>
      <trkpt lat="53.2332525" lon="13.84326167">
        <ele>26.07692</ele>
        <time>2026-07-01T09:31:56.221Z</time>
      </trkpt>
      <trkpt lat="53.23564917" lon="13.84337862">
        <ele>26.38461</ele>
        <time>2026-07-01T09:32:52.729Z</time>
      </trkpt>
      <trkpt lat="53.23740889" lon="13.84330362">
        <ele>26.61539</ele>
        <time>2026-07-01T09:33:34.215Z</time>
      </trkpt>
      <trkpt lat="53.24144195" lon="13.84299862">
        <ele>26.84615</ele>
        <time>2026-07-01T09:35:09.362Z</time>
      </trkpt>
      <trkpt lat="53.24352612" lon="13.84284028">
        <ele>27.84615</ele>
        <time>2026-07-01T09:35:58.531Z</time>
      </trkpt>
      <trkpt lat="53.24609334" lon="13.84260806">
        <ele>28.46154</ele>
        <time>2026-07-01T09:36:59.123Z</time>
      </trkpt>
      <trkpt lat="53.24703001" lon="13.84254584">
        <ele>29.23077</ele>
        <time>2026-07-01T09:37:21.215Z</time>
      </trkpt>
      <trkpt lat="53.24826223" lon="13.84232112">
        <ele>30.07692</ele>
        <time>2026-07-01T09:37:50.428Z</time>
      </trkpt>
      <trkpt lat="53.24999167" lon="13.84192389">
        <ele>30.69231</ele>
        <time>2026-07-01T09:38:31.571Z</time>
      </trkpt>
      <trkpt lat="53.25283334" lon="13.84131389">
        <ele>31.07692</ele>
        <time>2026-07-01T09:39:39.095Z</time>
      </trkpt>
      <trkpt lat="53.25492112" lon="13.84084195">
        <ele>31.07692</ele>
        <time>2026-07-01T09:40:28.748Z</time>
      </trkpt>
      <trkpt lat="53.25611195" lon="13.84059167">
        <ele>31.46154</ele>
        <time>2026-07-01T09:40:57.034Z</time>
      </trkpt>
      <trkpt lat="53.25680306" lon="13.84032806">
        <ele>31.69231</ele>
        <time>2026-07-01T09:41:13.741Z</time>
      </trkpt>
      <trkpt lat="53.25675084" lon="13.84014973">
        <ele>31.69231</ele>
        <time>2026-07-01T09:41:16.543Z</time>
      </trkpt>
      <trkpt lat="53.25757528" lon="13.84149612">
        <ele>31.69231</ele>
        <time>2026-07-01T09:41:43.738Z</time>
      </trkpt>
      <trkpt lat="53.25788528" lon="13.84338167">
        <ele>31.53846</ele>
        <time>2026-07-01T09:42:11.369Z</time>
      </trkpt>
      <trkpt lat="53.25822778" lon="13.84525834">
        <ele>31.07692</ele>
        <time>2026-07-01T09:42:39.092Z</time>
      </trkpt>
      <trkpt lat="53.25837223" lon="13.84556417">
        <ele>30.23077</ele>
        <time>2026-07-01T09:42:44.59Z</time>
      </trkpt>
      <trkpt lat="53.25897445" lon="13.84628639">
        <ele>29.30769</ele>
        <time>2026-07-01T09:43:02.072Z</time>
      </trkpt>
      <trkpt lat="53.26058695" lon="13.84804834">
        <ele>28.23077</ele>
        <time>2026-07-01T09:43:47.505Z</time>
      </trkpt>
      <trkpt lat="53.2610575" lon="13.84852334">
        <ele>26.84615</ele>
        <time>2026-07-01T09:44:00.464Z</time>
      </trkpt>
      <trkpt lat="53.26151223" lon="13.84867639">
        <ele>25.69231</ele>
        <time>2026-07-01T09:44:11.396Z</time>
      </trkpt>
      <trkpt lat="53.26178306" lon="13.84876556">
        <ele>24.46154</ele>
        <time>2026-07-01T09:44:17.902Z</time>
      </trkpt>
      <trkpt lat="53.26231667" lon="13.84892917">
        <ele>23.30769</ele>
        <time>2026-07-01T09:44:30.688Z</time>
      </trkpt>
      <trkpt lat="53.26355806" lon="13.84918917">
        <ele>22.15385</ele>
        <time>2026-07-01T09:45:00.174Z</time>
      </trkpt>
      <trkpt lat="53.26419251" lon="13.84917195">
        <ele>21.30769</ele>
        <time>2026-07-01T09:45:15.128Z</time>
      </trkpt>
      <trkpt lat="53.26447362" lon="13.84894889">
        <ele>20.38461</ele>
        <time>2026-07-01T09:45:22.463Z</time>
      </trkpt>
      <trkpt lat="53.26488917" lon="13.84861556">
        <ele>19.38461</ele>
        <time>2026-07-01T09:45:33.328Z</time>
      </trkpt>
      <trkpt lat="53.26553889" lon="13.84820501">
        <ele>18.46154</ele>
        <time>2026-07-01T09:45:49.7Z</time>
      </trkpt>
      <trkpt lat="53.26707917" lon="13.84755667">
        <ele>17.61539</ele>
        <time>2026-07-01T09:46:27.139Z</time>
      </trkpt>
      <trkpt lat="53.26799806" lon="13.84729917">
        <ele>16.84615</ele>
        <time>2026-07-01T09:46:49.098Z</time>
      </trkpt>
      <trkpt lat="53.26836417" lon="13.84732195">
        <ele>16.23077</ele>
        <time>2026-07-01T09:46:57.732Z</time>
      </trkpt>
      <trkpt lat="53.26871112" lon="13.84739001">
        <ele>15.92308</ele>
        <time>2026-07-01T09:47:05.965Z</time>
      </trkpt>
      <trkpt lat="53.26951223" lon="13.8474475">
        <ele>15.84615</ele>
        <time>2026-07-01T09:47:24.863Z</time>
      </trkpt>
      <trkpt lat="53.27126417" lon="13.84743501">
        <ele>15.92308</ele>
        <time>2026-07-01T09:48:06.152Z</time>
      </trkpt>
      <trkpt lat="53.27225362" lon="13.84715973">
        <ele>15.92308</ele>
        <time>2026-07-01T09:48:29.792Z</time>
      </trkpt>
      <trkpt lat="53.27294695" lon="13.84654695">
        <ele>16.07692</ele>
        <time>2026-07-01T09:48:48.284Z</time>
      </trkpt>
      <trkpt lat="53.273495" lon="13.84622862">
        <ele>16.07692</ele>
        <time>2026-07-01T09:49:01.959Z</time>
      </trkpt>
      <trkpt lat="53.27379584" lon="13.84616306">
        <ele>15.84615</ele>
        <time>2026-07-01T09:49:09.109Z</time>
      </trkpt>
      <trkpt lat="53.27393612" lon="13.84609612">
        <ele>15.92308</ele>
        <time>2026-07-01T09:49:12.547Z</time>
      </trkpt>
      <trkpt lat="53.27415223" lon="13.84585584">
        <ele>16.15385</ele>
        <time>2026-07-01T09:49:18.665Z</time>
      </trkpt>
      <trkpt lat="53.27444167" lon="13.84560945">
        <ele>16.53846</ele>
        <time>2026-07-01T09:49:26.321Z</time>
      </trkpt>
      <trkpt lat="53.27502417" lon="13.84507167">
        <ele>16.92308</ele>
        <time>2026-07-01T09:49:42.011Z</time>
      </trkpt>
      <trkpt lat="53.27573889" lon="13.84596223">
        <ele>17.38461</ele>
        <time>2026-07-01T09:50:03.035Z</time>
      </trkpt>
      <trkpt lat="53.27628056" lon="13.84585639">
        <ele>17.84615</ele>
        <time>2026-07-01T09:50:15.888Z</time>
      </trkpt>
      <trkpt lat="53.27675223" lon="13.84574">
        <ele>18.38461</ele>
        <time>2026-07-01T09:50:27.125Z</time>
      </trkpt>
      <trkpt lat="53.27690639" lon="13.84546639">
        <ele>18.84615</ele>
        <time>2026-07-01T09:50:32.426Z</time>
      </trkpt>
      <trkpt lat="53.27695417" lon="13.84517612">
        <ele>19.23077</ele>
        <time>2026-07-01T09:50:36.673Z</time>
      </trkpt>
      <trkpt lat="53.27697667" lon="13.84451612">
        <ele>19.69231</ele>
        <time>2026-07-01T09:50:46.011Z</time>
      </trkpt>
      <trkpt lat="53.27707889" lon="13.84379501">
        <ele>20.15385</ele>
        <time>2026-07-01T09:50:56.478Z</time>
      </trkpt>
      <trkpt lat="53.27716167" lon="13.84377639">
        <ele>20.84615</ele>
        <time>2026-07-01T09:50:58.447Z</time>
      </trkpt>
      <trkpt lat="53.27749473" lon="13.84387778">
        <ele>21.46154</ele>
        <time>2026-07-01T09:51:06.426Z</time>
      </trkpt>
      <trkpt lat="53.27802139" lon="13.84400362">
        <ele>21.92308</ele>
        <time>2026-07-01T09:51:18.964Z</time>
      </trkpt>
      <trkpt lat="53.27849528" lon="13.8440575">
        <ele>22.07692</ele>
        <time>2026-07-01T09:51:30.158Z</time>
      </trkpt>
      <trkpt lat="53.27914584" lon="13.84406501">
        <ele>22.30769</ele>
        <time>2026-07-01T09:51:45.491Z</time>
      </trkpt>
      <trkpt lat="53.27933389" lon="13.84414556">
        <ele>22.46154</ele>
        <time>2026-07-01T09:51:50.066Z</time>
      </trkpt>
      <trkpt lat="53.27956112" lon="13.84441584">
        <ele>22.30769</ele>
        <time>2026-07-01T09:51:56.64Z</time>
      </trkpt>
      <trkpt lat="53.27974223" lon="13.84452639">
        <ele>22</ele>
        <time>2026-07-01T09:52:01.184Z</time>
      </trkpt>
      <trkpt lat="53.28052973" lon="13.84472501">
        <ele>21.76923</ele>
        <time>2026-07-01T09:52:19.954Z</time>
      </trkpt>
      <trkpt lat="53.28192584" lon="13.84485528">
        <ele>21.61539</ele>
        <time>2026-07-01T09:52:52.908Z</time>
      </trkpt>
      <trkpt lat="53.28260389" lon="13.84495667">
        <ele>21.15385</ele>
        <time>2026-07-01T09:53:08.952Z</time>
      </trkpt>
      <trkpt lat="53.2831675" lon="13.84510556">
        <ele>20.69231</ele>
        <time>2026-07-01T09:53:22.4Z</time>
      </trkpt>
      <trkpt lat="53.28315112" lon="13.84565612">
        <ele>20.07692</ele>
        <time>2026-07-01T09:53:30.186Z</time>
      </trkpt>
      <trkpt lat="53.28327945" lon="13.84666834">
        <ele>19.53846</ele>
        <time>2026-07-01T09:53:44.799Z</time>
      </trkpt>
      <trkpt lat="53.28353112" lon="13.84701862">
        <ele>19.07692</ele>
        <time>2026-07-01T09:53:52.519Z</time>
      </trkpt>
      <trkpt lat="53.28400195" lon="13.84705723">
        <ele>18.61539</ele>
        <time>2026-07-01T09:54:03.629Z</time>
      </trkpt>
      <trkpt lat="53.28453445" lon="13.84668612">
        <ele>18.07692</ele>
        <time>2026-07-01T09:54:17.227Z</time>
      </trkpt>
      <trkpt lat="53.28458167" lon="13.84650223">
        <ele>17.69231</ele>
        <time>2026-07-01T09:54:20.05Z</time>
      </trkpt>
      <trkpt lat="53.28523167" lon="13.84589417">
        <ele>17.38461</ele>
        <time>2026-07-01T09:54:37.612Z</time>
      </trkpt>
      <trkpt lat="53.28676917" lon="13.84595778">
        <ele>18</ele>
        <time>2026-07-01T09:55:13.858Z</time>
      </trkpt>
      <trkpt lat="53.28845334" lon="13.84618334">
        <ele>18.61539</ele>
        <time>2026-07-01T09:55:53.677Z</time>
      </trkpt>
      <trkpt lat="53.28858223" lon="13.8462775">
        <ele>18.53846</ele>
        <time>2026-07-01T09:55:56.992Z</time>
      </trkpt>
      <trkpt lat="53.290465" lon="13.84614806">
        <ele>18.38461</ele>
        <time>2026-07-01T09:56:41.402Z</time>
      </trkpt>
      <trkpt lat="53.29064584" lon="13.846065">
        <ele>18.69231</ele>
        <time>2026-07-01T09:56:45.822Z</time>
      </trkpt>
      <trkpt lat="53.29083223" lon="13.84611612">
        <ele>18.76923</ele>
        <time>2026-07-01T09:56:50.274Z</time>
      </trkpt>
      <trkpt lat="53.29097806" lon="13.84637334">
        <ele>19.07692</ele>
        <time>2026-07-01T09:56:55.271Z</time>
      </trkpt>
      <trkpt lat="53.29131778" lon="13.84682278">
        <ele>19.07692</ele>
        <time>2026-07-01T09:57:05.483Z</time>
      </trkpt>
      <trkpt lat="53.29182806" lon="13.84734695">
        <ele>19</ele>
        <time>2026-07-01T09:57:19.604Z</time>
      </trkpt>
      <trkpt lat="53.29234528" lon="13.84769778">
        <ele>18.76923</ele>
        <time>2026-07-01T09:57:32.76Z</time>
      </trkpt>
      <trkpt lat="53.29327362" lon="13.84804195">
        <ele>18.92308</ele>
        <time>2026-07-01T09:57:55.171Z</time>
      </trkpt>
      <trkpt lat="53.29458278" lon="13.84836751">
        <ele>18.84615</ele>
        <time>2026-07-01T09:58:26.365Z</time>
      </trkpt>
      <trkpt lat="53.29588278" lon="13.84898362">
        <ele>18.76923</ele>
        <time>2026-07-01T09:58:58.214Z</time>
      </trkpt>
      <trkpt lat="53.29660167" lon="13.84942334">
        <ele>18</ele>
        <time>2026-07-01T09:59:16.256Z</time>
      </trkpt>
      <trkpt lat="53.29692306" lon="13.849345">
        <ele>17.23077</ele>
        <time>2026-07-01T09:59:23.911Z</time>
      </trkpt>
      <trkpt lat="53.297495" lon="13.84876917">
        <ele>17.38461</ele>
        <time>2026-07-01T09:59:39.653Z</time>
      </trkpt>
      <trkpt lat="53.29833028" lon="13.847505">
        <ele>17.53846</ele>
        <time>2026-07-01T10:00:06.226Z</time>
      </trkpt>
      <trkpt lat="53.2991775" lon="13.84613723">
        <ele>17.23077</ele>
        <time>2026-07-01T10:00:34.004Z</time>
      </trkpt>
      <trkpt lat="53.30014556" lon="13.84535528">
        <ele>17.07692</ele>
        <time>2026-07-01T10:00:59.35Z</time>
      </trkpt>
      <trkpt lat="53.30080778" lon="13.84518056">
        <ele>16.84615</ele>
        <time>2026-07-01T10:01:15.15Z</time>
      </trkpt>
      <trkpt lat="53.30126556" lon="13.84518667">
        <ele>16.84615</ele>
        <time>2026-07-01T10:01:25.939Z</time>
      </trkpt>
      <trkpt lat="53.30188445" lon="13.84541278">
        <ele>16.84615</ele>
        <time>2026-07-01T10:01:40.869Z</time>
      </trkpt>
      <trkpt lat="53.30216389" lon="13.84560306">
        <ele>17</ele>
        <time>2026-07-01T10:01:47.98Z</time>
      </trkpt>
      <trkpt lat="53.30262473" lon="13.84591778">
        <ele>17.15385</ele>
        <time>2026-07-01T10:01:59.713Z</time>
      </trkpt>
      <trkpt lat="53.30280612" lon="13.84598667">
        <ele>17.23077</ele>
        <time>2026-07-01T10:02:04.097Z</time>
      </trkpt>
      <trkpt lat="53.30326834" lon="13.84595723">
        <ele>17.23077</ele>
        <time>2026-07-01T10:02:14.998Z</time>
      </trkpt>
      <trkpt lat="53.30383389" lon="13.84578084">
        <ele>17.07692</ele>
        <time>2026-07-01T10:02:28.557Z</time>
      </trkpt>
      <trkpt lat="53.30454417" lon="13.84556556">
        <ele>17.23077</ele>
        <time>2026-07-01T10:02:45.57Z</time>
      </trkpt>
      <trkpt lat="53.30479056" lon="13.845365">
        <ele>17.07692</ele>
        <time>2026-07-01T10:02:52.029Z</time>
      </trkpt>
      <trkpt lat="53.30521362" lon="13.84532389">
        <ele>17</ele>
        <time>2026-07-01T10:03:02.016Z</time>
      </trkpt>
      <trkpt lat="53.3054675" lon="13.84524306">
        <ele>17.15385</ele>
        <time>2026-07-01T10:03:08.107Z</time>
      </trkpt>
      <trkpt lat="53.30566556" lon="13.84513195">
        <ele>17.30769</ele>
        <time>2026-07-01T10:03:13.031Z</time>
      </trkpt>
      <trkpt lat="53.30597223" lon="13.84491001">
        <ele>17.46154</ele>
        <time>2026-07-01T10:03:20.907Z</time>
      </trkpt>
      <trkpt lat="53.30622612" lon="13.84480723">
        <ele>17.61539</ele>
        <time>2026-07-01T10:03:27.064Z</time>
      </trkpt>
      <trkpt lat="53.30661945" lon="13.84480806">
        <ele>17.69231</ele>
        <time>2026-07-01T10:03:36.334Z</time>
      </trkpt>
      <trkpt lat="53.30670334" lon="13.84494667">
        <ele>17.92308</ele>
        <time>2026-07-01T10:03:39.114Z</time>
      </trkpt>
      <trkpt lat="53.30733723" lon="13.84571112">
        <ele>18.15385</ele>
        <time>2026-07-01T10:03:57.543Z</time>
      </trkpt>
      <trkpt lat="53.30800139" lon="13.84645945">
        <ele>18.30769</ele>
        <time>2026-07-01T10:04:16.427Z</time>
      </trkpt>
      <trkpt lat="53.30852973" lon="13.84738778">
        <ele>18.30769</ele>
        <time>2026-07-01T10:04:34.504Z</time>
      </trkpt>
      <trkpt lat="53.30887445" lon="13.84795778">
        <ele>18.38461</ele>
        <time>2026-07-01T10:04:45.938Z</time>
      </trkpt>
      <trkpt lat="53.30913306" lon="13.84822306">
        <ele>18.38461</ele>
        <time>2026-07-01T10:04:53.089Z</time>
      </trkpt>
      <trkpt lat="53.30992612" lon="13.84986612">
        <ele>18.30769</ele>
        <time>2026-07-01T10:05:22.875Z</time>
      </trkpt>
      <trkpt lat="53.309965" lon="13.85052334">
        <ele>18.23077</ele>
        <time>2026-07-01T10:05:32.197Z</time>
      </trkpt>
      <trkpt lat="53.31030778" lon="13.85139973">
        <ele>18.23077</ele>
        <time>2026-07-01T10:05:46.972Z</time>
      </trkpt>
      <trkpt lat="53.31097834" lon="13.85226417">
        <ele>18.30769</ele>
        <time>2026-07-01T10:06:06.938Z</time>
      </trkpt>
      <trkpt lat="53.31103695" lon="13.85219584">
        <ele>18.30769</ele>
        <time>2026-07-01T10:06:08.622Z</time>
      </trkpt>
      <trkpt lat="53.31142862" lon="13.8527875">
        <ele>18.23077</ele>
        <time>2026-07-01T10:06:21.07Z</time>
      </trkpt>
      <trkpt lat="53.31187751" lon="13.85221834">
        <ele>18.23077</ele>
        <time>2026-07-01T10:06:34.354Z</time>
      </trkpt>
      <trkpt lat="53.31081" lon="13.84938556">
        <ele>18.15385</ele>
        <time>2026-07-01T10:07:21.595Z</time>
      </trkpt>
      <trkpt lat="53.31114195" lon="13.84905917">
        <ele>18.07692</ele>
        <time>2026-07-01T10:07:30.671Z</time>
      </trkpt>
      <trkpt lat="53.31132084" lon="13.84878778">
        <ele>18.23077</ele>
        <time>2026-07-01T10:07:36.364Z</time>
      </trkpt>
      <trkpt lat="53.31149639" lon="13.84856445">
        <ele>18.15385</ele>
        <time>2026-07-01T10:07:41.563Z</time>
      </trkpt>
      <trkpt lat="53.31161806" lon="13.84826112">
        <ele>18.30769</ele>
        <time>2026-07-01T10:07:46.712Z</time>
      </trkpt>
      <trkpt lat="53.3119375" lon="13.8481125">
        <ele>18.36364</ele>
        <time>2026-07-01T10:07:54.527Z</time>
      </trkpt>
      <trkpt lat="53.31238667" lon="13.84874806">
        <ele>18.44444</ele>
        <time>2026-07-01T10:08:08.403Z</time>
      </trkpt>
      <trkpt lat="53.31337306" lon="13.84947695">
        <ele>18.57143</ele>
        <time>2026-07-01T10:08:33.825Z</time>
      </trkpt>
      <trkpt lat="53.31475362" lon="13.85041278">
        <ele>18.8</ele>
        <time>2026-07-01T10:09:08.94Z</time>
      </trkpt>
      <trkpt lat="53.31545223" lon="13.85094334">
        <ele>18.66667</ele>
        <time>2026-07-01T10:09:27.027Z</time>
      </trkpt>
      <trkpt lat="53.31820862" lon="13.85293806">
        <ele>19</ele>
        <time>2026-07-01T10:10:37.826Z</time>
      </trkpt>
    </trkseg>
  </trk>
</gpx>
