<?xml version="1.0" encoding="UTF-8"?>
<gpx  version="1.1"  creator="Verlag Esterbauer" xmlns:xsi="http://www.w3.org/2001/XMLSchema-instance" xmlns="http://www.topografix.com/GPX/1/1"  xsi:schemaLocation="http://www.topografix.com/GPX/1/1 http://www.topografix.com/GPX/1/1/gpx.xsd">
  <trk>
    <name>03 Anklam-Peenemuende</name>
    <cmt>by Verlag Esterbauer</cmt>
    <trkseg>
      <trkpt lat="53.85557473" lon="13.68878639">
        <ele>16</ele>
        <time>2026-07-01T02:00:00Z</time>
      </trkpt>
      <trkpt lat="53.85634945" lon="13.68881945">
        <ele>14</ele>
        <time>2026-07-01T02:00:18.266Z</time>
      </trkpt>
      <trkpt lat="53.85724473" lon="13.688865">
        <ele>10</ele>
        <time>2026-07-01T02:00:39.377Z</time>
      </trkpt>
      <trkpt lat="53.85797417" lon="13.68888612">
        <ele>7.428571</ele>
        <time>2026-07-01T02:00:56.572Z</time>
      </trkpt>
      <trkpt lat="53.85877223" lon="13.68886834">
        <ele>5.777778</ele>
        <time>2026-07-01T02:01:15.384Z</time>
      </trkpt>
      <trkpt lat="53.85880028" lon="13.68878973">
        <ele>5.506957</ele>
        <time>2026-07-01T02:01:16.662Z</time>
      </trkpt>
      <trkpt lat="53.85909834" lon="13.6887125">
        <ele>4</ele>
        <time>2026-07-01T02:01:23.769Z</time>
      </trkpt>
      <trkpt lat="53.85951584" lon="13.68858278">
        <ele>2.769231</ele>
        <time>2026-07-01T02:01:33.774Z</time>
      </trkpt>
      <trkpt lat="53.85988723" lon="13.68843834">
        <ele>1.384615</ele>
        <time>2026-07-01T02:01:42.755Z</time>
      </trkpt>
      <trkpt lat="53.86017778" lon="13.68835834">
        <ele>0.7692308</ele>
        <time>2026-07-01T02:01:49.693Z</time>
      </trkpt>
      <trkpt lat="53.86032501" lon="13.68837501">
        <ele>0.3076923</ele>
        <time>2026-07-01T02:01:53.171Z</time>
      </trkpt>
      <trkpt lat="53.86032056" lon="13.68831778">
        <ele>0.1538462</ele>
        <time>2026-07-01T02:01:53.974Z</time>
      </trkpt>
      <trkpt lat="53.86070084" lon="13.68823806">
        <ele>-0.07692308</ele>
        <time>2026-07-01T02:02:03.006Z</time>
      </trkpt>
      <trkpt lat="53.86160362" lon="13.68824167">
        <ele>-0.07692308</ele>
        <time>2026-07-01T02:02:24.285Z</time>
      </trkpt>
      <trkpt lat="53.86381917" lon="13.68810584">
        <ele>-0.07692308</ele>
        <time>2026-07-01T02:03:16.54Z</time>
      </trkpt>
      <trkpt lat="53.8657675" lon="13.68800167">
        <ele>-0.07692308</ele>
        <time>2026-07-01T02:04:02.485Z</time>
      </trkpt>
      <trkpt lat="53.86640834" lon="13.68802473">
        <ele>-0.07692308</ele>
        <time>2026-07-01T02:04:17.593Z</time>
      </trkpt>
      <trkpt lat="53.86651917" lon="13.68799">
        <ele>-0.07692308</ele>
        <time>2026-07-01T02:04:20.25Z</time>
      </trkpt>
      <trkpt lat="53.8668275" lon="13.68764584">
        <ele>-0.07692308</ele>
        <time>2026-07-01T02:04:28.953Z</time>
      </trkpt>
      <trkpt lat="53.86770973" lon="13.68821223">
        <ele>-0.1538462</ele>
        <time>2026-07-01T02:04:51.194Z</time>
      </trkpt>
      <trkpt lat="53.86819028" lon="13.68836945">
        <ele>-0.1538462</ele>
        <time>2026-07-01T02:05:02.73Z</time>
      </trkpt>
      <trkpt lat="53.86884362" lon="13.68851139">
        <ele>-0.1538462</ele>
        <time>2026-07-01T02:05:18.255Z</time>
      </trkpt>
      <trkpt lat="53.87009945" lon="13.68876945">
        <ele>-0.1538462</ele>
        <time>2026-07-01T02:05:48.072Z</time>
      </trkpt>
      <trkpt lat="53.8701575" lon="13.68865917">
        <ele>-0.1538462</ele>
        <time>2026-07-01T02:05:50.128Z</time>
      </trkpt>
      <trkpt lat="53.87017806" lon="13.68852889">
        <ele>-0.1538462</ele>
        <time>2026-07-01T02:05:52.004Z</time>
      </trkpt>
      <trkpt lat="53.87113528" lon="13.68889056">
        <ele>-0.07692308</ele>
        <time>2026-07-01T02:06:15.12Z</time>
      </trkpt>
      <trkpt lat="53.87326639" lon="13.68953889">
        <ele>0</ele>
        <time>2026-07-01T02:07:06.156Z</time>
      </trkpt>
      <trkpt lat="53.87601417" lon="13.69056862">
        <ele>0.1538462</ele>
        <time>2026-07-01T02:08:12.49Z</time>
      </trkpt>
      <trkpt lat="53.87674528" lon="13.69088639">
        <ele>0.5384616</ele>
        <time>2026-07-01T02:08:30.28Z</time>
      </trkpt>
      <trkpt lat="53.87755362" lon="13.69125195">
        <ele>1.461538</ele>
        <time>2026-07-01T02:08:50Z</time>
      </trkpt>
      <trkpt lat="53.87911445" lon="13.69194723">
        <ele>2.461539</ele>
        <time>2026-07-01T02:09:28.042Z</time>
      </trkpt>
      <trkpt lat="53.87962695" lon="13.69224056">
        <ele>3.153846</ele>
        <time>2026-07-01T02:09:40.792Z</time>
      </trkpt>
      <trkpt lat="53.88022306" lon="13.69257834">
        <ele>4</ele>
        <time>2026-07-01T02:09:55.607Z</time>
      </trkpt>
      <trkpt lat="53.88091473" lon="13.692945">
        <ele>4.769231</ele>
        <time>2026-07-01T02:10:12.689Z</time>
      </trkpt>
      <trkpt lat="53.88167084" lon="13.69322306">
        <ele>5.538462</ele>
        <time>2026-07-01T02:10:30.925Z</time>
      </trkpt>
      <trkpt lat="53.88220278" lon="13.69340973">
        <ele>6.230769</ele>
        <time>2026-07-01T02:10:43.729Z</time>
      </trkpt>
      <trkpt lat="53.882695" lon="13.69365751">
        <ele>6.923077</ele>
        <time>2026-07-01T02:10:55.832Z</time>
      </trkpt>
      <trkpt lat="53.88309945" lon="13.69386612">
        <ele>7.615385</ele>
        <time>2026-07-01T02:11:05.797Z</time>
      </trkpt>
      <trkpt lat="53.88334584" lon="13.69423723">
        <ele>8.307693</ele>
        <time>2026-07-01T02:11:13.567Z</time>
      </trkpt>
      <trkpt lat="53.88354639" lon="13.69472112">
        <ele>8.923077</ele>
        <time>2026-07-01T02:11:21.792Z</time>
      </trkpt>
      <trkpt lat="53.88353723" lon="13.69531806">
        <ele>9.461538</ele>
        <time>2026-07-01T02:11:30.107Z</time>
      </trkpt>
      <trkpt lat="53.88358056" lon="13.69599778">
        <ele>9.846154</ele>
        <time>2026-07-01T02:11:39.627Z</time>
      </trkpt>
      <trkpt lat="53.88342056" lon="13.69635223">
        <ele>9.615385</ele>
        <time>2026-07-01T02:11:45.834Z</time>
      </trkpt>
      <trkpt lat="53.88349056" lon="13.69587862">
        <ele>9.384615</ele>
        <time>2026-07-01T02:11:52.625Z</time>
      </trkpt>
      <trkpt lat="53.88340612" lon="13.69655195">
        <ele>9.461538</ele>
        <time>2026-07-01T02:12:02.21Z</time>
      </trkpt>
      <trkpt lat="53.88336889" lon="13.69713028">
        <ele>9.615385</ele>
        <time>2026-07-01T02:12:10.311Z</time>
      </trkpt>
      <trkpt lat="53.88349139" lon="13.69771889">
        <ele>9.769231</ele>
        <time>2026-07-01T02:12:19.001Z</time>
      </trkpt>
      <trkpt lat="53.88364056" lon="13.69876862">
        <ele>9.769231</ele>
        <time>2026-07-01T02:12:34.036Z</time>
      </trkpt>
      <trkpt lat="53.88377056" lon="13.69945278">
        <ele>10.07692</ele>
        <time>2026-07-01T02:12:44.044Z</time>
      </trkpt>
      <trkpt lat="53.88401917" lon="13.69999806">
        <ele>10.30769</ele>
        <time>2026-07-01T02:12:53.635Z</time>
      </trkpt>
      <trkpt lat="53.88597806" lon="13.70336112">
        <ele>10.38461</ele>
        <time>2026-07-01T02:13:59.398Z</time>
      </trkpt>
      <trkpt lat="53.88694223" lon="13.70512389">
        <ele>10.46154</ele>
        <time>2026-07-01T02:14:32.848Z</time>
      </trkpt>
      <trkpt lat="53.88692001" lon="13.70517945">
        <ele>10.53846</ele>
        <time>2026-07-01T02:14:33.781Z</time>
      </trkpt>
      <trkpt lat="53.88689362" lon="13.70698445">
        <ele>10.61539</ele>
        <time>2026-07-01T02:14:58.922Z</time>
      </trkpt>
      <trkpt lat="53.88691417" lon="13.70942723">
        <ele>10.76923</ele>
        <time>2026-07-01T02:15:32.939Z</time>
      </trkpt>
      <trkpt lat="53.88687639" lon="13.71188167">
        <ele>11.23077</ele>
        <time>2026-07-01T02:16:07.127Z</time>
      </trkpt>
      <trkpt lat="53.88634167" lon="13.71204584">
        <ele>11.53846</ele>
        <time>2026-07-01T02:16:19.936Z</time>
      </trkpt>
      <trkpt lat="53.88623028" lon="13.71335806">
        <ele>11.69231</ele>
        <time>2026-07-01T02:16:38.396Z</time>
      </trkpt>
      <trkpt lat="53.88567389" lon="13.71371639">
        <ele>11.61539</ele>
        <time>2026-07-01T02:16:52.425Z</time>
      </trkpt>
      <trkpt lat="53.88488778" lon="13.71407223">
        <ele>11.92308</ele>
        <time>2026-07-01T02:17:11.603Z</time>
      </trkpt>
      <trkpt lat="53.88483917" lon="13.71576584">
        <ele>12.38461</ele>
        <time>2026-07-01T02:17:35.214Z</time>
      </trkpt>
      <trkpt lat="53.88482473" lon="13.71681723">
        <ele>12.61539</ele>
        <time>2026-07-01T02:17:49.858Z</time>
      </trkpt>
      <trkpt lat="53.88543112" lon="13.71689806">
        <ele>12.92308</ele>
        <time>2026-07-01T02:18:04.195Z</time>
      </trkpt>
      <trkpt lat="53.88625389" lon="13.71742862">
        <ele>13.69231</ele>
        <time>2026-07-01T02:18:24.947Z</time>
      </trkpt>
      <trkpt lat="53.88719889" lon="13.71822778">
        <ele>13.92308</ele>
        <time>2026-07-01T02:18:49.846Z</time>
      </trkpt>
      <trkpt lat="53.88740334" lon="13.72004862">
        <ele>14.15385</ele>
        <time>2026-07-01T02:19:15.653Z</time>
      </trkpt>
      <trkpt lat="53.88786973" lon="13.72028806">
        <ele>14.46154</ele>
        <time>2026-07-01T02:19:27.139Z</time>
      </trkpt>
      <trkpt lat="53.89011223" lon="13.72122973">
        <ele>15.15385</ele>
        <time>2026-07-01T02:20:21.597Z</time>
      </trkpt>
      <trkpt lat="53.89019473" lon="13.72165001">
        <ele>16.38461</ele>
        <time>2026-07-01T02:20:27.757Z</time>
      </trkpt>
      <trkpt lat="53.89022251" lon="13.72241778">
        <ele>18.23077</ele>
        <time>2026-07-01T02:20:38.467Z</time>
      </trkpt>
      <trkpt lat="53.89026306" lon="13.72374139">
        <ele>20.15385</ele>
        <time>2026-07-01T02:20:56.921Z</time>
      </trkpt>
      <trkpt lat="53.89033751" lon="13.72445084">
        <ele>22</ele>
        <time>2026-07-01T02:21:06.953Z</time>
      </trkpt>
      <trkpt lat="53.89037084" lon="13.7254875">
        <ele>22.07692</ele>
        <time>2026-07-01T02:21:21.408Z</time>
      </trkpt>
      <trkpt lat="53.890355" lon="13.72970473">
        <ele>22.38461</ele>
        <time>2026-07-01T02:22:20.126Z</time>
      </trkpt>
      <trkpt lat="53.89072028" lon="13.73218973">
        <ele>22.38461</ele>
        <time>2026-07-01T02:22:55.78Z</time>
      </trkpt>
      <trkpt lat="53.89093973" lon="13.73411056">
        <ele>22.38461</ele>
        <time>2026-07-01T02:23:23.019Z</time>
      </trkpt>
      <trkpt lat="53.89114778" lon="13.73522139">
        <ele>22</ele>
        <time>2026-07-01T02:23:39.244Z</time>
      </trkpt>
      <trkpt lat="53.89157584" lon="13.73752834">
        <ele>22.61539</ele>
        <time>2026-07-01T02:24:12.91Z</time>
      </trkpt>
      <trkpt lat="53.89217917" lon="13.7406925">
        <ele>22.76923</ele>
        <time>2026-07-01T02:24:59.202Z</time>
      </trkpt>
      <trkpt lat="53.89263917" lon="13.74337501">
        <ele>22.92308</ele>
        <time>2026-07-01T02:25:38.091Z</time>
      </trkpt>
      <trkpt lat="53.89298473" lon="13.74471778">
        <ele>22.23077</ele>
        <time>2026-07-01T02:25:58.483Z</time>
      </trkpt>
      <trkpt lat="53.89440278" lon="13.74908973">
        <ele>21.15385</ele>
        <time>2026-07-01T02:27:07.922Z</time>
      </trkpt>
      <trkpt lat="53.89648445" lon="13.75525778">
        <ele>19.46154</ele>
        <time>2026-07-01T02:28:46.819Z</time>
      </trkpt>
      <trkpt lat="53.89839889" lon="13.75910028">
        <ele>17.92308</ele>
        <time>2026-07-01T02:29:56.8Z</time>
      </trkpt>
      <trkpt lat="53.90038639" lon="13.76321195">
        <ele>15.61539</ele>
        <time>2026-07-01T02:31:10.762Z</time>
      </trkpt>
      <trkpt lat="53.90210528" lon="13.76686834">
        <ele>14.46154</ele>
        <time>2026-07-01T02:32:15.814Z</time>
      </trkpt>
      <trkpt lat="53.90271695" lon="13.76749195">
        <ele>13.23077</ele>
        <time>2026-07-01T02:32:32.642Z</time>
      </trkpt>
      <trkpt lat="53.90374612" lon="13.76887695">
        <ele>12.69231</ele>
        <time>2026-07-01T02:33:03.627Z</time>
      </trkpt>
      <trkpt lat="53.90388889" lon="13.76903139">
        <ele>12.23077</ele>
        <time>2026-07-01T02:33:07.619Z</time>
      </trkpt>
      <trkpt lat="53.90395417" lon="13.76909612">
        <ele>12.46154</ele>
        <time>2026-07-01T02:33:09.401Z</time>
      </trkpt>
      <trkpt lat="53.90381167" lon="13.77375417">
        <ele>12.15385</ele>
        <time>2026-07-01T02:34:14.321Z</time>
      </trkpt>
      <trkpt lat="53.90392278" lon="13.77527223">
        <ele>12.30769</ele>
        <time>2026-07-01T02:34:35.612Z</time>
      </trkpt>
      <trkpt lat="53.90404639" lon="13.77699112">
        <ele>12.38461</ele>
        <time>2026-07-01T02:34:59.713Z</time>
      </trkpt>
      <trkpt lat="53.9040025" lon="13.77927834">
        <ele>12.76923</ele>
        <time>2026-07-01T02:35:31.565Z</time>
      </trkpt>
      <trkpt lat="53.90382306" lon="13.78011056">
        <ele>12.84615</ele>
        <time>2026-07-01T02:35:43.896Z</time>
      </trkpt>
      <trkpt lat="53.90280501" lon="13.782525">
        <ele>12.84615</ele>
        <time>2026-07-01T02:36:25.189Z</time>
      </trkpt>
      <trkpt lat="53.90176112" lon="13.78509584">
        <ele>12.69231</ele>
        <time>2026-07-01T02:37:08.616Z</time>
      </trkpt>
      <trkpt lat="53.90172084" lon="13.78512195">
        <ele>12.95808</ele>
        <time>2026-07-01T02:37:09.632Z</time>
      </trkpt>
      <trkpt lat="53.90133945" lon="13.78546306">
        <ele>15.61539</ele>
        <time>2026-07-01T02:37:19.796Z</time>
      </trkpt>
      <trkpt lat="53.90066223" lon="13.78571862">
        <ele>16.53846</ele>
        <time>2026-07-01T02:37:36.149Z</time>
      </trkpt>
      <trkpt lat="53.90007334" lon="13.78590806">
        <ele>16.23077</ele>
        <time>2026-07-01T02:37:50.277Z</time>
      </trkpt>
      <trkpt lat="53.89738695" lon="13.78663973">
        <ele>15.76923</ele>
        <time>2026-07-01T02:38:54.409Z</time>
      </trkpt>
      <trkpt lat="53.89647751" lon="13.78691473">
        <ele>14.38461</ele>
        <time>2026-07-01T02:39:16.183Z</time>
      </trkpt>
      <trkpt lat="53.89213945" lon="13.78839">
        <ele>13.07692</ele>
        <time>2026-07-01T02:41:00.474Z</time>
      </trkpt>
      <trkpt lat="53.89031528" lon="13.78895">
        <ele>11.76923</ele>
        <time>2026-07-01T02:41:44.171Z</time>
      </trkpt>
      <trkpt lat="53.88485001" lon="13.79064">
        <ele>10.46154</ele>
        <time>2026-07-01T02:43:55.119Z</time>
      </trkpt>
      <trkpt lat="53.88360223" lon="13.79113389">
        <ele>9</ele>
        <time>2026-07-01T02:44:25.323Z</time>
      </trkpt>
      <trkpt lat="53.88339945" lon="13.79130639">
        <ele>7.384615</ele>
        <time>2026-07-01T02:44:30.671Z</time>
      </trkpt>
      <trkpt lat="53.88232501" lon="13.79286723">
        <ele>6.076923</ele>
        <time>2026-07-01T02:45:04.044Z</time>
      </trkpt>
      <trkpt lat="53.88235251" lon="13.79291056">
        <ele>6.054092</ele>
        <time>2026-07-01T02:45:04.929Z</time>
      </trkpt>
      <trkpt lat="53.87916584" lon="13.79833612">
        <ele>3.307692</ele>
        <time>2026-07-01T02:46:51.468Z</time>
      </trkpt>
      <trkpt lat="53.87784056" lon="13.80056695">
        <ele>1.153846</ele>
        <time>2026-07-01T02:47:35.525Z</time>
      </trkpt>
      <trkpt lat="53.87674445" lon="13.802425">
        <ele>-0.2307692</ele>
        <time>2026-07-01T02:48:12.092Z</time>
      </trkpt>
      <trkpt lat="53.87512473" lon="13.80519389">
        <ele>-0.8461539</ele>
        <time>2026-07-01T02:49:06.357Z</time>
      </trkpt>
      <trkpt lat="53.87369695" lon="13.80757639">
        <ele>-1.307692</ele>
        <time>2026-07-01T02:49:53.619Z</time>
      </trkpt>
      <trkpt lat="53.87250639" lon="13.80943056">
        <ele>-1.307692</ele>
        <time>2026-07-01T02:50:31.756Z</time>
      </trkpt>
      <trkpt lat="53.87219278" lon="13.81007778">
        <ele>-1.307692</ele>
        <time>2026-07-01T02:50:43.414Z</time>
      </trkpt>
      <trkpt lat="53.8707875" lon="13.81247417">
        <ele>-1.307692</ele>
        <time>2026-07-01T02:51:30.439Z</time>
      </trkpt>
      <trkpt lat="53.86966778" lon="13.81437667">
        <ele>-1.307692</ele>
        <time>2026-07-01T02:52:07.84Z</time>
      </trkpt>
      <trkpt lat="53.86883639" lon="13.81575334">
        <ele>-1.153846</ele>
        <time>2026-07-01T02:52:35.258Z</time>
      </trkpt>
      <trkpt lat="53.86697973" lon="13.81886278">
        <ele>-0.9230769</ele>
        <time>2026-07-01T02:53:36.832Z</time>
      </trkpt>
      <trkpt lat="53.86609278" lon="13.82041445">
        <ele>-0.8461539</ele>
        <time>2026-07-01T02:54:06.904Z</time>
      </trkpt>
      <trkpt lat="53.86586167" lon="13.82105723">
        <ele>-0.7692308</ele>
        <time>2026-07-01T02:54:17.385Z</time>
      </trkpt>
      <trkpt lat="53.86570473" lon="13.82189445">
        <ele>-0.6923077</ele>
        <time>2026-07-01T02:54:29.621Z</time>
      </trkpt>
      <trkpt lat="53.86557917" lon="13.82184584">
        <ele>-0.5384616</ele>
        <time>2026-07-01T02:54:32.657Z</time>
      </trkpt>
      <trkpt lat="53.86523139" lon="13.82193001">
        <ele>-0.3076923</ele>
        <time>2026-07-01T02:54:40.937Z</time>
      </trkpt>
      <trkpt lat="53.86540473" lon="13.82269778">
        <ele>-0.07692308</ele>
        <time>2026-07-01T02:54:52.387Z</time>
      </trkpt>
      <trkpt lat="53.86557278" lon="13.82299056">
        <ele>0.07692308</ele>
        <time>2026-07-01T02:54:58.069Z</time>
      </trkpt>
      <trkpt lat="53.86569056" lon="13.82302917">
        <ele>0.1538462</ele>
        <time>2026-07-01T02:55:00.897Z</time>
      </trkpt>
      <trkpt lat="53.86569945" lon="13.82468167">
        <ele>0.2307692</ele>
        <time>2026-07-01T02:55:23.919Z</time>
      </trkpt>
      <trkpt lat="53.86573334" lon="13.82738417">
        <ele>0.3076923</ele>
        <time>2026-07-01T02:56:01.577Z</time>
      </trkpt>
      <trkpt lat="53.86581445" lon="13.83117584">
        <ele>0.3846154</ele>
        <time>2026-07-01T02:56:54.434Z</time>
      </trkpt>
      <trkpt lat="53.86584362" lon="13.83182278">
        <ele>0.4615385</ele>
        <time>2026-07-01T02:57:03.473Z</time>
      </trkpt>
      <trkpt lat="53.86585723" lon="13.83302528">
        <ele>0.5384616</ele>
        <time>2026-07-01T02:57:20.228Z</time>
      </trkpt>
      <trkpt lat="53.86588945" lon="13.83358584">
        <ele>0.7692308</ele>
        <time>2026-07-01T02:57:28.074Z</time>
      </trkpt>
      <trkpt lat="53.86583139" lon="13.83366167">
        <ele>1</ele>
        <time>2026-07-01T02:57:29.802Z</time>
      </trkpt>
      <trkpt lat="53.86583917" lon="13.83377639">
        <ele>1.230769</ele>
        <time>2026-07-01T02:57:31.409Z</time>
      </trkpt>
      <trkpt lat="53.86577362" lon="13.83391778">
        <ele>1.461538</ele>
        <time>2026-07-01T02:57:33.911Z</time>
      </trkpt>
      <trkpt lat="53.86646056" lon="13.83705362">
        <ele>1.615385</ele>
        <time>2026-07-01T02:58:20.501Z</time>
      </trkpt>
      <trkpt lat="53.86622501" lon="13.83710334">
        <ele>1.923077</ele>
        <time>2026-07-01T02:58:26.096Z</time>
      </trkpt>
      <trkpt lat="53.86348639" lon="13.836775">
        <ele>2.153846</ele>
        <time>2026-07-01T02:59:30.807Z</time>
      </trkpt>
      <trkpt lat="53.86252112" lon="13.83676195">
        <ele>2.461539</ele>
        <time>2026-07-01T02:59:53.559Z</time>
      </trkpt>
      <trkpt lat="53.86184278" lon="13.83704278">
        <ele>2.692308</ele>
        <time>2026-07-01T03:00:10.018Z</time>
      </trkpt>
      <trkpt lat="53.86100056" lon="13.83765778">
        <ele>3</ele>
        <time>2026-07-01T03:00:31.639Z</time>
      </trkpt>
      <trkpt lat="53.86031362" lon="13.83833639">
        <ele>3.307692</ele>
        <time>2026-07-01T03:00:50.389Z</time>
      </trkpt>
      <trkpt lat="53.86002278" lon="13.8384475">
        <ele>3.692308</ele>
        <time>2026-07-01T03:00:57.416Z</time>
      </trkpt>
      <trkpt lat="53.85924751" lon="13.83866362">
        <ele>4.153846</ele>
        <time>2026-07-01T03:01:15.935Z</time>
      </trkpt>
      <trkpt lat="53.85805139" lon="13.8390825">
        <ele>4.384615</ele>
        <time>2026-07-01T03:01:44.724Z</time>
      </trkpt>
      <trkpt lat="53.85763778" lon="13.83958806">
        <ele>4.538462</ele>
        <time>2026-07-01T03:01:56.752Z</time>
      </trkpt>
      <trkpt lat="53.85691556" lon="13.841145">
        <ele>4.846154</ele>
        <time>2026-07-01T03:02:24.328Z</time>
      </trkpt>
      <trkpt lat="53.85602667" lon="13.84318389">
        <ele>5.230769</ele>
        <time>2026-07-01T03:02:59.628Z</time>
      </trkpt>
      <trkpt lat="53.85436973" lon="13.84617639">
        <ele>5.384615</ele>
        <time>2026-07-01T03:03:56.76Z</time>
      </trkpt>
      <trkpt lat="53.85295834" lon="13.84857084">
        <ele>5.384615</ele>
        <time>2026-07-01T03:04:43.877Z</time>
      </trkpt>
      <trkpt lat="53.85246334" lon="13.84946723">
        <ele>5.461538</ele>
        <time>2026-07-01T03:05:00.97Z</time>
      </trkpt>
      <trkpt lat="53.85195056" lon="13.85086278">
        <ele>5.461538</ele>
        <time>2026-07-01T03:05:23.868Z</time>
      </trkpt>
      <trkpt lat="53.85097" lon="13.85388473">
        <ele>5.538462</ele>
        <time>2026-07-01T03:06:11.907Z</time>
      </trkpt>
      <trkpt lat="53.85039167" lon="13.85647667">
        <ele>5.538462</ele>
        <time>2026-07-01T03:06:50.515Z</time>
      </trkpt>
      <trkpt lat="53.84966389" lon="13.8602625">
        <ele>5.615385</ele>
        <time>2026-07-01T03:07:45.995Z</time>
      </trkpt>
      <trkpt lat="53.84907973" lon="13.86348028">
        <ele>5.615385</ele>
        <time>2026-07-01T03:08:32.906Z</time>
      </trkpt>
      <trkpt lat="53.84877195" lon="13.86490639">
        <ele>5.692307</ele>
        <time>2026-07-01T03:08:54.064Z</time>
      </trkpt>
      <trkpt lat="53.84867806" lon="13.86497362">
        <ele>5.692307</ele>
        <time>2026-07-01T03:08:56.467Z</time>
      </trkpt>
      <trkpt lat="53.84833056" lon="13.86471889">
        <ele>5.615385</ele>
        <time>2026-07-01T03:09:05.392Z</time>
      </trkpt>
      <trkpt lat="53.84776334" lon="13.86421723">
        <ele>5.461538</ele>
        <time>2026-07-01T03:09:20.479Z</time>
      </trkpt>
      <trkpt lat="53.84644334" lon="13.8632475">
        <ele>5.461538</ele>
        <time>2026-07-01T03:09:54.4Z</time>
      </trkpt>
      <trkpt lat="53.84573167" lon="13.86302834">
        <ele>5.692307</ele>
        <time>2026-07-01T03:10:11.449Z</time>
      </trkpt>
      <trkpt lat="53.84519445" lon="13.86389028">
        <ele>5.923077</ele>
        <time>2026-07-01T03:10:28.904Z</time>
      </trkpt>
      <trkpt lat="53.8445725" lon="13.86670751">
        <ele>5.692307</ele>
        <time>2026-07-01T03:11:10.818Z</time>
      </trkpt>
      <trkpt lat="53.84405973" lon="13.87093278">
        <ele>5.307693</ele>
        <time>2026-07-01T03:12:10.939Z</time>
      </trkpt>
      <trkpt lat="53.84373195" lon="13.87389251">
        <ele>4.923077</ele>
        <time>2026-07-01T03:12:52.91Z</time>
      </trkpt>
      <trkpt lat="53.84368167" lon="13.87465667">
        <ele>4.538462</ele>
        <time>2026-07-01T03:13:03.627Z</time>
      </trkpt>
      <trkpt lat="53.84407417" lon="13.87605445">
        <ele>4.076923</ele>
        <time>2026-07-01T03:13:25.195Z</time>
      </trkpt>
      <trkpt lat="53.84472862" lon="13.87844528">
        <ele>3.692308</ele>
        <time>2026-07-01T03:14:01.916Z</time>
      </trkpt>
      <trkpt lat="53.84541834" lon="13.88137639">
        <ele>3.076923</ele>
        <time>2026-07-01T03:14:45.886Z</time>
      </trkpt>
      <trkpt lat="53.84576278" lon="13.88246639">
        <ele>2.692308</ele>
        <time>2026-07-01T03:15:03.111Z</time>
      </trkpt>
      <trkpt lat="53.84680278" lon="13.88419667">
        <ele>2.769231</ele>
        <time>2026-07-01T03:15:37.498Z</time>
      </trkpt>
      <trkpt lat="53.84711834" lon="13.88487556">
        <ele>2.538461</ele>
        <time>2026-07-01T03:15:49.533Z</time>
      </trkpt>
      <trkpt lat="53.84732334" lon="13.88552362">
        <ele>1.923077</ele>
        <time>2026-07-01T03:15:59.776Z</time>
      </trkpt>
      <trkpt lat="53.84804723" lon="13.88996556">
        <ele>1.307692</ele>
        <time>2026-07-01T03:17:03.993Z</time>
      </trkpt>
      <trkpt lat="53.84813278" lon="13.89053028">
        <ele>1</ele>
        <time>2026-07-01T03:17:12.118Z</time>
      </trkpt>
      <trkpt lat="53.84831473" lon="13.89108612">
        <ele>1.076923</ele>
        <time>2026-07-01T03:17:20.973Z</time>
      </trkpt>
      <trkpt lat="53.84887889" lon="13.89181167">
        <ele>1.461538</ele>
        <time>2026-07-01T03:17:37.678Z</time>
      </trkpt>
      <trkpt lat="53.84920028" lon="13.89242639">
        <ele>1.615385</ele>
        <time>2026-07-01T03:17:49.114Z</time>
      </trkpt>
      <trkpt lat="53.84963084" lon="13.89402223">
        <ele>1.846154</ele>
        <time>2026-07-01T03:18:13.561Z</time>
      </trkpt>
      <trkpt lat="53.85007056" lon="13.89528">
        <ele>2</ele>
        <time>2026-07-01T03:18:33.925Z</time>
      </trkpt>
      <trkpt lat="53.85025834" lon="13.89653973">
        <ele>2.153846</ele>
        <time>2026-07-01T03:18:52.03Z</time>
      </trkpt>
      <trkpt lat="53.85051028" lon="13.8971825">
        <ele>2.153846</ele>
        <time>2026-07-01T03:19:02.777Z</time>
      </trkpt>
      <trkpt lat="53.8518075" lon="13.90138639">
        <ele>2.230769</ele>
        <time>2026-07-01T03:20:08.861Z</time>
      </trkpt>
      <trkpt lat="53.85464028" lon="13.90485306">
        <ele>2</ele>
        <time>2026-07-01T03:21:31.273Z</time>
      </trkpt>
      <trkpt lat="53.85548445" lon="13.90611639">
        <ele>2.153846</ele>
        <time>2026-07-01T03:21:57.84Z</time>
      </trkpt>
      <trkpt lat="53.85649695" lon="13.90816362">
        <ele>2.230769</ele>
        <time>2026-07-01T03:22:35.033Z</time>
      </trkpt>
      <trkpt lat="53.85719334" lon="13.90894723">
        <ele>2.230769</ele>
        <time>2026-07-01T03:22:54.747Z</time>
      </trkpt>
      <trkpt lat="53.85795389" lon="13.90959723">
        <ele>2.076923</ele>
        <time>2026-07-01T03:23:14.831Z</time>
      </trkpt>
      <trkpt lat="53.86071195" lon="13.91135945">
        <ele>1.923077</ele>
        <time>2026-07-01T03:24:24.321Z</time>
      </trkpt>
      <trkpt lat="53.86242362" lon="13.91263417">
        <ele>1.538462</ele>
        <time>2026-07-01T03:25:08.401Z</time>
      </trkpt>
      <trkpt lat="53.86515417" lon="13.91442945">
        <ele>1.307692</ele>
        <time>2026-07-01T03:26:17.449Z</time>
      </trkpt>
      <trkpt lat="53.86574584" lon="13.91465167">
        <ele>1.153846</ele>
        <time>2026-07-01T03:26:31.733Z</time>
      </trkpt>
      <trkpt lat="53.86638584" lon="13.91467084">
        <ele>1.153846</ele>
        <time>2026-07-01T03:26:46.82Z</time>
      </trkpt>
      <trkpt lat="53.86803528" lon="13.91444945">
        <ele>1.153846</ele>
        <time>2026-07-01T03:27:25.819Z</time>
      </trkpt>
      <trkpt lat="53.86875889" lon="13.91433417">
        <ele>1.461538</ele>
        <time>2026-07-01T03:27:42.95Z</time>
      </trkpt>
      <trkpt lat="53.87000473" lon="13.91423278">
        <ele>1.692308</ele>
        <time>2026-07-01T03:28:12.348Z</time>
      </trkpt>
      <trkpt lat="53.87048139" lon="13.91452306">
        <ele>1.846154</ele>
        <time>2026-07-01T03:28:24.287Z</time>
      </trkpt>
      <trkpt lat="53.87120417" lon="13.91553278">
        <ele>1.923077</ele>
        <time>2026-07-01T03:28:46.379Z</time>
      </trkpt>
      <trkpt lat="53.87257445" lon="13.91753945">
        <ele>2.846154</ele>
        <time>2026-07-01T03:29:29.092Z</time>
      </trkpt>
      <trkpt lat="53.87255306" lon="13.91744556">
        <ele>3.384615</ele>
        <time>2026-07-01T03:29:30.492Z</time>
      </trkpt>
      <trkpt lat="53.87251806" lon="13.91788889">
        <ele>4.076923</ele>
        <time>2026-07-01T03:29:36.715Z</time>
      </trkpt>
      <trkpt lat="53.87260334" lon="13.91806167">
        <ele>4.307693</ele>
        <time>2026-07-01T03:29:39.848Z</time>
      </trkpt>
      <trkpt lat="53.87257834" lon="13.91801334">
        <ele>4.538462</ele>
        <time>2026-07-01T03:29:40.742Z</time>
      </trkpt>
      <trkpt lat="53.87243362" lon="13.91836723">
        <ele>4.846154</ele>
        <time>2026-07-01T03:29:46.732Z</time>
      </trkpt>
      <trkpt lat="53.87232167" lon="13.919645">
        <ele>4.769231</ele>
        <time>2026-07-01T03:30:04.725Z</time>
      </trkpt>
      <trkpt lat="53.87227362" lon="13.92037445">
        <ele>4.615385</ele>
        <time>2026-07-01T03:30:14.948Z</time>
      </trkpt>
      <trkpt lat="53.87264639" lon="13.92041112">
        <ele>4.538462</ele>
        <time>2026-07-01T03:30:23.749Z</time>
      </trkpt>
      <trkpt lat="53.87394556" lon="13.92053556">
        <ele>4.384615</ele>
        <time>2026-07-01T03:30:54.419Z</time>
      </trkpt>
      <trkpt lat="53.87395334" lon="13.92051389">
        <ele>4.37427</ele>
        <time>2026-07-01T03:30:54.772Z</time>
      </trkpt>
      <trkpt lat="53.87460278" lon="13.92061862">
        <ele>3.923077</ele>
        <time>2026-07-01T03:31:10.148Z</time>
      </trkpt>
      <trkpt lat="53.87722723" lon="13.92285001">
        <ele>3.692308</ele>
        <time>2026-07-01T03:32:19.375Z</time>
      </trkpt>
      <trkpt lat="53.87721084" lon="13.92275695">
        <ele>2.846154</ele>
        <time>2026-07-01T03:32:20.726Z</time>
      </trkpt>
      <trkpt lat="53.87754167" lon="13.92444501">
        <ele>2.615385</ele>
        <time>2026-07-01T03:32:45.496Z</time>
      </trkpt>
      <trkpt lat="53.87776584" lon="13.92641195">
        <ele>2.538461</ele>
        <time>2026-07-01T03:33:13.395Z</time>
      </trkpt>
      <trkpt lat="53.87834028" lon="13.92814889">
        <ele>3</ele>
        <time>2026-07-01T03:33:41.117Z</time>
      </trkpt>
      <trkpt lat="53.87961973" lon="13.93163139">
        <ele>3.846154</ele>
        <time>2026-07-01T03:34:38.228Z</time>
      </trkpt>
      <trkpt lat="53.87990639" lon="13.93254862">
        <ele>4.384615</ele>
        <time>2026-07-01T03:34:52.679Z</time>
      </trkpt>
      <trkpt lat="53.8800575" lon="13.93470528">
        <ele>6.461538</ele>
        <time>2026-07-01T03:35:22.924Z</time>
      </trkpt>
      <trkpt lat="53.87992751" lon="13.935355">
        <ele>8.769231</ele>
        <time>2026-07-01T03:35:32.477Z</time>
      </trkpt>
      <trkpt lat="53.87996362" lon="13.93696917">
        <ele>10.69231</ele>
        <time>2026-07-01T03:35:54.973Z</time>
      </trkpt>
      <trkpt lat="53.87993639" lon="13.93866862">
        <ele>12.84615</ele>
        <time>2026-07-01T03:36:18.649Z</time>
      </trkpt>
      <trkpt lat="53.87955001" lon="13.93981056">
        <ele>15.15385</ele>
        <time>2026-07-01T03:36:36.975Z</time>
      </trkpt>
      <trkpt lat="53.87924223" lon="13.94058112">
        <ele>17.61539</ele>
        <time>2026-07-01T03:36:49.928Z</time>
      </trkpt>
      <trkpt lat="53.87891584" lon="13.94212278">
        <ele>19.84615</ele>
        <time>2026-07-01T03:37:12.735Z</time>
      </trkpt>
      <trkpt lat="53.87789945" lon="13.94752278">
        <ele>22.15385</ele>
        <time>2026-07-01T03:38:31.664Z</time>
      </trkpt>
      <trkpt lat="53.87715417" lon="13.95132723">
        <ele>23.46154</ele>
        <time>2026-07-01T03:39:27.486Z</time>
      </trkpt>
      <trkpt lat="53.87682667" lon="13.95323473">
        <ele>24.38461</ele>
        <time>2026-07-01T03:39:55.151Z</time>
      </trkpt>
      <trkpt lat="53.87630417" lon="13.95612667">
        <ele>25.53846</ele>
        <time>2026-07-01T03:40:37.27Z</time>
      </trkpt>
      <trkpt lat="53.87586306" lon="13.95835556">
        <ele>25.46154</ele>
        <time>2026-07-01T03:41:10.008Z</time>
      </trkpt>
      <trkpt lat="53.87568806" lon="13.95960112">
        <ele>25.61539</ele>
        <time>2026-07-01T03:41:27.84Z</time>
      </trkpt>
      <trkpt lat="53.87568973" lon="13.96078806">
        <ele>23.92308</ele>
        <time>2026-07-01T03:41:44.372Z</time>
      </trkpt>
      <trkpt lat="53.87565778" lon="13.96270834">
        <ele>22.07692</ele>
        <time>2026-07-01T03:42:11.128Z</time>
      </trkpt>
      <trkpt lat="53.87541612" lon="13.96462667">
        <ele>20.61539</ele>
        <time>2026-07-01T03:42:38.447Z</time>
      </trkpt>
      <trkpt lat="53.87513084" lon="13.96618389">
        <ele>18.76923</ele>
        <time>2026-07-01T03:43:01.154Z</time>
      </trkpt>
      <trkpt lat="53.87483778" lon="13.96848806">
        <ele>16.69231</ele>
        <time>2026-07-01T03:43:33.982Z</time>
      </trkpt>
      <trkpt lat="53.87469723" lon="13.97125806">
        <ele>14.46154</ele>
        <time>2026-07-01T03:44:12.705Z</time>
      </trkpt>
      <trkpt lat="53.87465834" lon="13.97204417">
        <ele>12.69231</ele>
        <time>2026-07-01T03:44:23.692Z</time>
      </trkpt>
      <trkpt lat="53.87438334" lon="13.97321389">
        <ele>10.69231</ele>
        <time>2026-07-01T03:44:41.226Z</time>
      </trkpt>
      <trkpt lat="53.87348945" lon="13.97658306">
        <ele>9.615385</ele>
        <time>2026-07-01T03:45:32.666Z</time>
      </trkpt>
      <trkpt lat="53.87311112" lon="13.97809195">
        <ele>8.538462</ele>
        <time>2026-07-01T03:45:55.496Z</time>
      </trkpt>
      <trkpt lat="53.87281334" lon="13.97902667">
        <ele>7.230769</ele>
        <time>2026-07-01T03:46:10.287Z</time>
      </trkpt>
      <trkpt lat="53.87264834" lon="13.97995001">
        <ele>6.538462</ele>
        <time>2026-07-01T03:46:23.723Z</time>
      </trkpt>
      <trkpt lat="53.87261778" lon="13.98255195">
        <ele>5.769231</ele>
        <time>2026-07-01T03:46:59.973Z</time>
      </trkpt>
      <trkpt lat="53.87233556" lon="13.98467362">
        <ele>5.615385</ele>
        <time>2026-07-01T03:47:30.265Z</time>
      </trkpt>
      <trkpt lat="53.87202028" lon="13.98640278">
        <ele>5.538462</ele>
        <time>2026-07-01T03:47:55.471Z</time>
      </trkpt>
      <trkpt lat="53.87200528" lon="13.98657556">
        <ele>5.307693</ele>
        <time>2026-07-01T03:47:57.901Z</time>
      </trkpt>
      <trkpt lat="53.87204723" lon="13.98786778">
        <ele>4.923077</ele>
        <time>2026-07-01T03:48:15.928Z</time>
      </trkpt>
      <trkpt lat="53.87236445" lon="13.99171473">
        <ele>4.692307</ele>
        <time>2026-07-01T03:49:10.032Z</time>
      </trkpt>
      <trkpt lat="53.87247917" lon="13.99328639">
        <ele>4.461538</ele>
        <time>2026-07-01T03:49:32.09Z</time>
      </trkpt>
      <trkpt lat="53.87241667" lon="13.99447862">
        <ele>4</ele>
        <time>2026-07-01T03:49:48.762Z</time>
      </trkpt>
      <trkpt lat="53.87186556" lon="13.99663695">
        <ele>3.769231</ele>
        <time>2026-07-01T03:50:21.512Z</time>
      </trkpt>
      <trkpt lat="53.87165556" lon="13.99748973">
        <ele>3.538461</ele>
        <time>2026-07-01T03:50:34.381Z</time>
      </trkpt>
      <trkpt lat="53.87218806" lon="14.00003195">
        <ele>3.692308</ele>
        <time>2026-07-01T03:51:11.951Z</time>
      </trkpt>
      <trkpt lat="53.87252889" lon="14.00160223">
        <ele>4</ele>
        <time>2026-07-01T03:51:35.252Z</time>
      </trkpt>
      <trkpt lat="53.87299445" lon="14.00216056">
        <ele>4.615385</ele>
        <time>2026-07-01T03:51:48.702Z</time>
      </trkpt>
      <trkpt lat="53.87330389" lon="14.00256528">
        <ele>5.538462</ele>
        <time>2026-07-01T03:51:57.916Z</time>
      </trkpt>
      <trkpt lat="53.87359723" lon="14.00387501">
        <ele>6.230769</ele>
        <time>2026-07-01T03:52:17.425Z</time>
      </trkpt>
      <trkpt lat="53.87389001" lon="14.00585806">
        <ele>6.769231</ele>
        <time>2026-07-01T03:52:45.895Z</time>
      </trkpt>
      <trkpt lat="53.87433723" lon="14.00869223">
        <ele>7.461538</ele>
        <time>2026-07-01T03:53:26.754Z</time>
      </trkpt>
      <trkpt lat="53.87483612" lon="14.00971973">
        <ele>8.461538</ele>
        <time>2026-07-01T03:53:45.277Z</time>
      </trkpt>
      <trkpt lat="53.87544862" lon="14.01104639">
        <ele>9.384615</ele>
        <time>2026-07-01T03:54:08.726Z</time>
      </trkpt>
      <trkpt lat="53.87601862" lon="14.01275889">
        <ele>10.15385</ele>
        <time>2026-07-01T03:54:36.101Z</time>
      </trkpt>
      <trkpt lat="53.87732945" lon="14.01672945">
        <ele>10.61539</ele>
        <time>2026-07-01T03:55:39.447Z</time>
      </trkpt>
      <trkpt lat="53.87785695" lon="14.01813584">
        <ele>11.07692</ele>
        <time>2026-07-01T03:56:02.647Z</time>
      </trkpt>
      <trkpt lat="53.87834639" lon="14.01942417">
        <ele>11.61539</ele>
        <time>2026-07-01T03:56:23.978Z</time>
      </trkpt>
      <trkpt lat="53.87836695" lon="14.01936501">
        <ele>11.69231</ele>
        <time>2026-07-01T03:56:24.933Z</time>
      </trkpt>
      <trkpt lat="53.87879667" lon="14.02032139">
        <ele>11.76923</ele>
        <time>2026-07-01T03:56:41.666Z</time>
      </trkpt>
      <trkpt lat="53.87940556" lon="14.02140223">
        <ele>11.92308</ele>
        <time>2026-07-01T03:57:02.464Z</time>
      </trkpt>
      <trkpt lat="53.88027778" lon="14.02269973">
        <ele>12.38461</ele>
        <time>2026-07-01T03:57:29.835Z</time>
      </trkpt>
      <trkpt lat="53.88094112" lon="14.02357528">
        <ele>13</ele>
        <time>2026-07-01T03:57:49.662Z</time>
      </trkpt>
      <trkpt lat="53.88135" lon="14.02604473">
        <ele>13.30769</ele>
        <time>2026-07-01T03:58:25.377Z</time>
      </trkpt>
      <trkpt lat="53.88190612" lon="14.02863084">
        <ele>13.76923</ele>
        <time>2026-07-01T03:59:03.702Z</time>
      </trkpt>
      <trkpt lat="53.88219973" lon="14.03084112">
        <ele>13.69231</ele>
        <time>2026-07-01T03:59:35.25Z</time>
      </trkpt>
      <trkpt lat="53.88230973" lon="14.03163028">
        <ele>13.84615</ele>
        <time>2026-07-01T03:59:46.541Z</time>
      </trkpt>
      <trkpt lat="53.88279" lon="14.03444445">
        <ele>14.38461</ele>
        <time>2026-07-01T04:00:27.332Z</time>
      </trkpt>
      <trkpt lat="53.88323973" lon="14.03631334">
        <ele>14.84615</ele>
        <time>2026-07-01T04:00:55.433Z</time>
      </trkpt>
      <trkpt lat="53.88347945" lon="14.03713806">
        <ele>14.61539</ele>
        <time>2026-07-01T04:01:08.232Z</time>
      </trkpt>
      <trkpt lat="53.88380639" lon="14.03912473">
        <ele>14.30769</ele>
        <time>2026-07-01T04:01:36.95Z</time>
      </trkpt>
      <trkpt lat="53.88394695" lon="14.0417025">
        <ele>14.07692</ele>
        <time>2026-07-01T04:02:12.999Z</time>
      </trkpt>
      <trkpt lat="53.88395" lon="14.04404862">
        <ele>13.61539</ele>
        <time>2026-07-01T04:02:45.669Z</time>
      </trkpt>
      <trkpt lat="53.88399445" lon="14.04649139">
        <ele>13.07692</ele>
        <time>2026-07-01T04:03:19.701Z</time>
      </trkpt>
      <trkpt lat="53.88399306" lon="14.04754667">
        <ele>12.07692</ele>
        <time>2026-07-01T04:03:34.396Z</time>
      </trkpt>
      <trkpt lat="53.88397028" lon="14.05118806">
        <ele>11.23077</ele>
        <time>2026-07-01T04:04:25.106Z</time>
      </trkpt>
      <trkpt lat="53.88409751" lon="14.05307973">
        <ele>10.46154</ele>
        <time>2026-07-01T04:04:51.618Z</time>
      </trkpt>
      <trkpt lat="53.88464195" lon="14.05561389">
        <ele>9.230769</ele>
        <time>2026-07-01T04:05:29.167Z</time>
      </trkpt>
      <trkpt lat="53.88529667" lon="14.05808667">
        <ele>8.692307</ele>
        <time>2026-07-01T04:06:06.9Z</time>
      </trkpt>
      <trkpt lat="53.88617501" lon="14.06215223">
        <ele>7.769231</ele>
        <time>2026-07-01T04:07:07.178Z</time>
      </trkpt>
      <trkpt lat="53.88673278" lon="14.06516445">
        <ele>6.692307</ele>
        <time>2026-07-01T04:07:51.133Z</time>
      </trkpt>
      <trkpt lat="53.88700917" lon="14.06744028">
        <ele>6</ele>
        <time>2026-07-01T04:08:23.485Z</time>
      </trkpt>
      <trkpt lat="53.88632639" lon="14.06917167">
        <ele>6</ele>
        <time>2026-07-01T04:08:52.471Z</time>
      </trkpt>
      <trkpt lat="53.88578973" lon="14.07031973">
        <ele>5.923077</ele>
        <time>2026-07-01T04:09:12.856Z</time>
      </trkpt>
      <trkpt lat="53.88539139" lon="14.07126806">
        <ele>5.923077</ele>
        <time>2026-07-01T04:09:29.059Z</time>
      </trkpt>
      <trkpt lat="53.88442612" lon="14.07454889">
        <ele>5.923077</ele>
        <time>2026-07-01T04:10:20.096Z</time>
      </trkpt>
      <trkpt lat="53.88401917" lon="14.07626195">
        <ele>5.769231</ele>
        <time>2026-07-01T04:10:45.807Z</time>
      </trkpt>
      <trkpt lat="53.88385639" lon="14.07752556">
        <ele>5.846154</ele>
        <time>2026-07-01T04:11:03.816Z</time>
      </trkpt>
      <trkpt lat="53.88334389" lon="14.07913">
        <ele>5.692307</ele>
        <time>2026-07-01T04:11:29.215Z</time>
      </trkpt>
      <trkpt lat="53.88231362" lon="14.08247112">
        <ele>5.692307</ele>
        <time>2026-07-01T04:12:21.698Z</time>
      </trkpt>
      <trkpt lat="53.88186834" lon="14.08384945">
        <ele>5.769231</ele>
        <time>2026-07-01T04:12:43.574Z</time>
      </trkpt>
      <trkpt lat="53.88118612" lon="14.08597612">
        <ele>5.769231</ele>
        <time>2026-07-01T04:13:17.274Z</time>
      </trkpt>
      <trkpt lat="53.8805875" lon="14.08799112">
        <ele>6</ele>
        <time>2026-07-01T04:13:48.683Z</time>
      </trkpt>
      <trkpt lat="53.87990723" lon="14.09046723">
        <ele>6.076923</ele>
        <time>2026-07-01T04:14:26.712Z</time>
      </trkpt>
      <trkpt lat="53.87945751" lon="14.09337778">
        <ele>6.461538</ele>
        <time>2026-07-01T04:15:08.609Z</time>
      </trkpt>
      <trkpt lat="53.87932334" lon="14.09437167">
        <ele>7</ele>
        <time>2026-07-01T04:15:22.807Z</time>
      </trkpt>
      <trkpt lat="53.87890889" lon="14.09644417">
        <ele>7.461538</ele>
        <time>2026-07-01T04:15:53.279Z</time>
      </trkpt>
      <trkpt lat="53.87842862" lon="14.09823584">
        <ele>7.846154</ele>
        <time>2026-07-01T04:16:20.679Z</time>
      </trkpt>
      <trkpt lat="53.87836028" lon="14.09855195">
        <ele>8.384615</ele>
        <time>2026-07-01T04:16:25.362Z</time>
      </trkpt>
      <trkpt lat="53.87836084" lon="14.09854112">
        <ele>8.387205</ele>
        <time>2026-07-01T04:16:25.513Z</time>
      </trkpt>
      <trkpt lat="53.87746389" lon="14.10173806">
        <ele>9.230769</ele>
        <time>2026-07-01T04:17:14.802Z</time>
      </trkpt>
      <trkpt lat="53.87710417" lon="14.10436084">
        <ele>9.538462</ele>
        <time>2026-07-01T04:17:52.302Z</time>
      </trkpt>
      <trkpt lat="53.87701112" lon="14.10556112">
        <ele>9.461538</ele>
        <time>2026-07-01T04:18:09.162Z</time>
      </trkpt>
      <trkpt lat="53.87661306" lon="14.10795028">
        <ele>9.769231</ele>
        <time>2026-07-01T04:18:43.735Z</time>
      </trkpt>
      <trkpt lat="53.87609723" lon="14.11082973">
        <ele>10.30769</ele>
        <time>2026-07-01T04:19:25.642Z</time>
      </trkpt>
      <trkpt lat="53.87574501" lon="14.11264556">
        <ele>10.53846</ele>
        <time>2026-07-01T04:19:52.26Z</time>
      </trkpt>
      <trkpt lat="53.87512806" lon="14.11422917">
        <ele>10.46154</ele>
        <time>2026-07-01T04:20:18.679Z</time>
      </trkpt>
      <trkpt lat="53.87512862" lon="14.11571834">
        <ele>10.15385</ele>
        <time>2026-07-01T04:20:39.42Z</time>
      </trkpt>
      <trkpt lat="53.87535389" lon="14.11900945">
        <ele>10.38461</ele>
        <time>2026-07-01T04:21:25.565Z</time>
      </trkpt>
      <trkpt lat="53.87543639" lon="14.12012278">
        <ele>10.61539</ele>
        <time>2026-07-01T04:21:41.193Z</time>
      </trkpt>
      <trkpt lat="53.87651667" lon="14.12186612">
        <ele>10.76923</ele>
        <time>2026-07-01T04:22:16.377Z</time>
      </trkpt>
      <trkpt lat="53.87744584" lon="14.12329139">
        <ele>10.84615</ele>
        <time>2026-07-01T04:22:45.935Z</time>
      </trkpt>
      <trkpt lat="53.87779084" lon="14.12379084">
        <ele>10.92308</ele>
        <time>2026-07-01T04:22:56.636Z</time>
      </trkpt>
      <trkpt lat="53.87979862" lon="14.12604056">
        <ele>11</ele>
        <time>2026-07-01T04:23:53.391Z</time>
      </trkpt>
      <trkpt lat="53.88108" lon="14.12749556">
        <ele>10.92308</ele>
        <time>2026-07-01T04:24:29.761Z</time>
      </trkpt>
      <trkpt lat="53.88173056" lon="14.12826723">
        <ele>10.84615</ele>
        <time>2026-07-01T04:24:48.485Z</time>
      </trkpt>
      <trkpt lat="53.88187834" lon="14.12852306">
        <ele>10.38461</ele>
        <time>2026-07-01T04:24:53.465Z</time>
      </trkpt>
      <trkpt lat="53.88186778" lon="14.128775">
        <ele>9.692307</ele>
        <time>2026-07-01T04:24:56.978Z</time>
      </trkpt>
      <trkpt lat="53.88239028" lon="14.12919167">
        <ele>9.307693</ele>
        <time>2026-07-01T04:25:10.589Z</time>
      </trkpt>
      <trkpt lat="53.88317389" lon="14.13030112">
        <ele>9.615385</ele>
        <time>2026-07-01T04:25:34.669Z</time>
      </trkpt>
      <trkpt lat="53.88397139" lon="14.13119056">
        <ele>9.692307</ele>
        <time>2026-07-01T04:25:57.18Z</time>
      </trkpt>
      <trkpt lat="53.88508001" lon="14.13160417">
        <ele>9</ele>
        <time>2026-07-01T04:26:23.936Z</time>
      </trkpt>
      <trkpt lat="53.88523334" lon="14.13191778">
        <ele>8.538462</ele>
        <time>2026-07-01T04:26:29.601Z</time>
      </trkpt>
      <trkpt lat="53.88517195" lon="14.13253556">
        <ele>8.384615</ele>
        <time>2026-07-01T04:26:38.324Z</time>
      </trkpt>
      <trkpt lat="53.88519501" lon="14.13282362">
        <ele>8.692307</ele>
        <time>2026-07-01T04:26:42.367Z</time>
      </trkpt>
      <trkpt lat="53.88488389" lon="14.13395001">
        <ele>9.153846</ele>
        <time>2026-07-01T04:26:59.681Z</time>
      </trkpt>
      <trkpt lat="53.88474862" lon="14.13466001">
        <ele>9.769231</ele>
        <time>2026-07-01T04:27:10.069Z</time>
      </trkpt>
      <trkpt lat="53.88382889" lon="14.13674084">
        <ele>10.61539</ele>
        <time>2026-07-01T04:27:46.256Z</time>
      </trkpt>
      <trkpt lat="53.88357084" lon="14.13731417">
        <ele>12.30769</ele>
        <time>2026-07-01T04:27:56.293Z</time>
      </trkpt>
      <trkpt lat="53.88331306" lon="14.13928945">
        <ele>14.07692</ele>
        <time>2026-07-01T04:28:24.463Z</time>
      </trkpt>
      <trkpt lat="53.88305723" lon="14.14157056">
        <ele>15.69231</ele>
        <time>2026-07-01T04:28:56.796Z</time>
      </trkpt>
      <trkpt lat="53.88302778" lon="14.14232528">
        <ele>17.07692</ele>
        <time>2026-07-01T04:29:07.329Z</time>
      </trkpt>
      <trkpt lat="53.88299806" lon="14.14421584">
        <ele>18.23077</ele>
        <time>2026-07-01T04:29:33.665Z</time>
      </trkpt>
      <trkpt lat="53.88324445" lon="14.14671334">
        <ele>18.76923</ele>
        <time>2026-07-01T04:30:08.925Z</time>
      </trkpt>
      <trkpt lat="53.88348334" lon="14.1501275">
        <ele>19.30769</ele>
        <time>2026-07-01T04:30:56.801Z</time>
      </trkpt>
      <trkpt lat="53.88365778" lon="14.15369028">
        <ele>19.69231</ele>
        <time>2026-07-01T04:31:46.584Z</time>
      </trkpt>
      <trkpt lat="53.88360195" lon="14.15505612">
        <ele>19.76923</ele>
        <time>2026-07-01T04:32:05.649Z</time>
      </trkpt>
      <trkpt lat="53.88330084" lon="14.159075">
        <ele>19.53846</ele>
        <time>2026-07-01T04:33:02.062Z</time>
      </trkpt>
      <trkpt lat="53.88325" lon="14.16000584">
        <ele>19.15385</ele>
        <time>2026-07-01T04:33:15.08Z</time>
      </trkpt>
      <trkpt lat="53.88238806" lon="14.16417389">
        <ele>18.76923</ele>
        <time>2026-07-01T04:34:16.575Z</time>
      </trkpt>
      <trkpt lat="53.88238695" lon="14.16412417">
        <ele>18.73515</ele>
        <time>2026-07-01T04:34:17.267Z</time>
      </trkpt>
      <trkpt lat="53.88198639" lon="14.16644751">
        <ele>17.07692</ele>
        <time>2026-07-01T04:34:50.971Z</time>
      </trkpt>
      <trkpt lat="53.88153278" lon="14.16830723">
        <ele>16</ele>
        <time>2026-07-01T04:35:18.989Z</time>
      </trkpt>
      <trkpt lat="53.88135195" lon="14.17028945">
        <ele>15.07692</ele>
        <time>2026-07-01T04:35:46.921Z</time>
      </trkpt>
      <trkpt lat="53.88145501" lon="14.17033223">
        <ele>14.30769</ele>
        <time>2026-07-01T04:35:49.422Z</time>
      </trkpt>
      <trkpt lat="53.88173639" lon="14.17008473">
        <ele>13.38461</ele>
        <time>2026-07-01T04:35:56.894Z</time>
      </trkpt>
      <trkpt lat="53.88207334" lon="14.16995223">
        <ele>13</ele>
        <time>2026-07-01T04:36:05.047Z</time>
      </trkpt>
      <trkpt lat="53.88213528" lon="14.16982695">
        <ele>12.69231</ele>
        <time>2026-07-01T04:36:07.32Z</time>
      </trkpt>
      <trkpt lat="53.88233973" lon="14.16964778">
        <ele>12.46154</ele>
        <time>2026-07-01T04:36:12.745Z</time>
      </trkpt>
      <trkpt lat="53.88356417" lon="14.16906056">
        <ele>12.15385</ele>
        <time>2026-07-01T04:36:42.741Z</time>
      </trkpt>
      <trkpt lat="53.88398556" lon="14.16875195">
        <ele>11.61539</ele>
        <time>2026-07-01T04:36:53.561Z</time>
      </trkpt>
      <trkpt lat="53.88461612" lon="14.16823973">
        <ele>11</ele>
        <time>2026-07-01T04:37:10.046Z</time>
      </trkpt>
      <trkpt lat="53.88517778" lon="14.16780362">
        <ele>10.61539</ele>
        <time>2026-07-01T04:37:24.608Z</time>
      </trkpt>
      <trkpt lat="53.88531612" lon="14.16769889">
        <ele>10.53846</ele>
        <time>2026-07-01T04:37:28.179Z</time>
      </trkpt>
      <trkpt lat="53.88586028" lon="14.16749778">
        <ele>10.15385</ele>
        <time>2026-07-01T04:37:41.306Z</time>
      </trkpt>
      <trkpt lat="53.88646251" lon="14.16762417">
        <ele>9.769231</ele>
        <time>2026-07-01T04:37:55.609Z</time>
      </trkpt>
      <trkpt lat="53.88684084" lon="14.16756528">
        <ele>9.307693</ele>
        <time>2026-07-01T04:38:04.564Z</time>
      </trkpt>
      <trkpt lat="53.88747778" lon="14.16775223">
        <ele>8.923077</ele>
        <time>2026-07-01T04:38:19.8Z</time>
      </trkpt>
      <trkpt lat="53.88793945" lon="14.16806112">
        <ele>8.615385</ele>
        <time>2026-07-01T04:38:31.499Z</time>
      </trkpt>
      <trkpt lat="53.88839445" lon="14.16822167">
        <ele>8.538462</ele>
        <time>2026-07-01T04:38:42.453Z</time>
      </trkpt>
      <trkpt lat="53.88894667" lon="14.16837167">
        <ele>8.384615</ele>
        <time>2026-07-01T04:38:55.635Z</time>
      </trkpt>
      <trkpt lat="53.88901973" lon="14.16842167">
        <ele>8.230769</ele>
        <time>2026-07-01T04:38:57.492Z</time>
      </trkpt>
      <trkpt lat="53.890175" lon="14.16725334">
        <ele>8.846154</ele>
        <time>2026-07-01T04:39:29.211Z</time>
      </trkpt>
      <trkpt lat="53.89097056" lon="14.16650501">
        <ele>9.923077</ele>
        <time>2026-07-01T04:39:50.663Z</time>
      </trkpt>
      <trkpt lat="53.89225862" lon="14.16504889">
        <ele>12.92308</ele>
        <time>2026-07-01T04:40:27.169Z</time>
      </trkpt>
      <trkpt lat="53.89232278" lon="14.16517695">
        <ele>14.59858</ele>
        <time>2026-07-01T04:40:29.505Z</time>
      </trkpt>
      <trkpt lat="53.89254195" lon="14.16516528">
        <ele>18.30769</ele>
        <time>2026-07-01T04:40:34.673Z</time>
      </trkpt>
      <trkpt lat="53.89301917" lon="14.16496639">
        <ele>21</ele>
        <time>2026-07-01T04:40:46.256Z</time>
      </trkpt>
      <trkpt lat="53.89459806" lon="14.16435139">
        <ele>23.53846</ele>
        <time>2026-07-01T04:41:24.443Z</time>
      </trkpt>
      <trkpt lat="53.89587806" lon="14.16396056">
        <ele>25.92308</ele>
        <time>2026-07-01T04:41:55.098Z</time>
      </trkpt>
      <trkpt lat="53.89714473" lon="14.16343056">
        <ele>28.07692</ele>
        <time>2026-07-01T04:42:25.852Z</time>
      </trkpt>
      <trkpt lat="53.89762973" lon="14.163525">
        <ele>30.53846</ele>
        <time>2026-07-01T04:42:37.359Z</time>
      </trkpt>
      <trkpt lat="53.898455" lon="14.16381139">
        <ele>32.69231</ele>
        <time>2026-07-01T04:42:57.214Z</time>
      </trkpt>
      <trkpt lat="53.89876389" lon="14.16378862">
        <ele>33.69231</ele>
        <time>2026-07-01T04:43:04.501Z</time>
      </trkpt>
      <trkpt lat="53.89923945" lon="14.16360556">
        <ele>33.61538</ele>
        <time>2026-07-01T04:43:15.995Z</time>
      </trkpt>
      <trkpt lat="53.9000425" lon="14.16299778">
        <ele>33.15385</ele>
        <time>2026-07-01T04:43:36.728Z</time>
      </trkpt>
      <trkpt lat="53.90125223" lon="14.16224917">
        <ele>32.76923</ele>
        <time>2026-07-01T04:44:07.086Z</time>
      </trkpt>
      <trkpt lat="53.90279306" lon="14.16222751">
        <ele>30.84615</ele>
        <time>2026-07-01T04:44:43.405Z</time>
      </trkpt>
      <trkpt lat="53.90350334" lon="14.16209306">
        <ele>29.07692</ele>
        <time>2026-07-01T04:45:00.25Z</time>
      </trkpt>
      <trkpt lat="53.90434834" lon="14.16236806">
        <ele>27.38461</ele>
        <time>2026-07-01T04:45:20.53Z</time>
      </trkpt>
      <trkpt lat="53.90503223" lon="14.16249112">
        <ele>26.30769</ele>
        <time>2026-07-01T04:45:36.74Z</time>
      </trkpt>
      <trkpt lat="53.90644417" lon="14.16272667">
        <ele>25.07692</ele>
        <time>2026-07-01T04:46:10.18Z</time>
      </trkpt>
      <trkpt lat="53.90703528" lon="14.16298945">
        <ele>23.38461</ele>
        <time>2026-07-01T04:46:24.583Z</time>
      </trkpt>
      <trkpt lat="53.90758612" lon="14.16297389">
        <ele>21.30769</ele>
        <time>2026-07-01T04:46:37.568Z</time>
      </trkpt>
      <trkpt lat="53.90866945" lon="14.16372945">
        <ele>18.61539</ele>
        <time>2026-07-01T04:47:05.183Z</time>
      </trkpt>
      <trkpt lat="53.90933584" lon="14.16369917">
        <ele>16.15385</ele>
        <time>2026-07-01T04:47:20.896Z</time>
      </trkpt>
      <trkpt lat="53.91079917" lon="14.16268">
        <ele>14.84615</ele>
        <time>2026-07-01T04:47:58.189Z</time>
      </trkpt>
      <trkpt lat="53.91234223" lon="14.16243806">
        <ele>14.46154</ele>
        <time>2026-07-01T04:48:34.714Z</time>
      </trkpt>
      <trkpt lat="53.91378167" lon="14.16247862">
        <ele>13.84615</ele>
        <time>2026-07-01T04:49:08.646Z</time>
      </trkpt>
      <trkpt lat="53.91481862" lon="14.16281556">
        <ele>12.76923</ele>
        <time>2026-07-01T04:49:33.532Z</time>
      </trkpt>
      <trkpt lat="53.91630445" lon="14.16288973">
        <ele>11.46154</ele>
        <time>2026-07-01T04:50:08.568Z</time>
      </trkpt>
      <trkpt lat="53.91732473" lon="14.16305445">
        <ele>9.923077</ele>
        <time>2026-07-01T04:50:32.725Z</time>
      </trkpt>
      <trkpt lat="53.91764501" lon="14.16298806">
        <ele>8.384615</ele>
        <time>2026-07-01T04:50:40.33Z</time>
      </trkpt>
      <trkpt lat="53.91782834" lon="14.16287806">
        <ele>6.538462</ele>
        <time>2026-07-01T04:50:44.914Z</time>
      </trkpt>
      <trkpt lat="53.91779195" lon="14.16281084">
        <ele>6.258743</ele>
        <time>2026-07-01T04:50:46.182Z</time>
      </trkpt>
      <trkpt lat="53.91794528" lon="14.16341945">
        <ele>4.230769</ele>
        <time>2026-07-01T04:50:55.389Z</time>
      </trkpt>
      <trkpt lat="53.91814778" lon="14.16391084">
        <ele>4.153846</ele>
        <time>2026-07-01T04:51:03.727Z</time>
      </trkpt>
      <trkpt lat="53.91793" lon="14.16448139">
        <ele>4.230769</ele>
        <time>2026-07-01T04:51:13.181Z</time>
      </trkpt>
      <trkpt lat="53.91824112" lon="14.16490223">
        <ele>4.307693</ele>
        <time>2026-07-01T04:51:22.561Z</time>
      </trkpt>
      <trkpt lat="53.91855306" lon="14.16516806">
        <ele>4.307693</ele>
        <time>2026-07-01T04:51:30.789Z</time>
      </trkpt>
      <trkpt lat="53.91888501" lon="14.16538473">
        <ele>4.384615</ele>
        <time>2026-07-01T04:51:39.173Z</time>
      </trkpt>
      <trkpt lat="53.91924778" lon="14.16560528">
        <ele>4.461538</ele>
        <time>2026-07-01T04:51:48.256Z</time>
      </trkpt>
      <trkpt lat="53.91961278" lon="14.16590889">
        <ele>4.769231</ele>
        <time>2026-07-01T04:51:57.838Z</time>
      </trkpt>
      <trkpt lat="53.91983862" lon="14.16604001">
        <ele>5</ele>
        <time>2026-07-01T04:52:03.464Z</time>
      </trkpt>
      <trkpt lat="53.92018639" lon="14.16604195">
        <ele>5.615385</ele>
        <time>2026-07-01T04:52:11.661Z</time>
      </trkpt>
      <trkpt lat="53.92032112" lon="14.16588278">
        <ele>6.461538</ele>
        <time>2026-07-01T04:52:15.531Z</time>
      </trkpt>
      <trkpt lat="53.92070862" lon="14.16623056">
        <ele>7.307693</ele>
        <time>2026-07-01T04:52:25.864Z</time>
      </trkpt>
      <trkpt lat="53.92089639" lon="14.16645778">
        <ele>8.384615</ele>
        <time>2026-07-01T04:52:31.301Z</time>
      </trkpt>
      <trkpt lat="53.92120889" lon="14.16650945">
        <ele>9.461538</ele>
        <time>2026-07-01T04:52:38.702Z</time>
      </trkpt>
      <trkpt lat="53.92136834" lon="14.16578306">
        <ele>10.84615</ele>
        <time>2026-07-01T04:52:49.484Z</time>
      </trkpt>
      <trkpt lat="53.92162806" lon="14.16601945">
        <ele>12.38461</ele>
        <time>2026-07-01T04:52:56.431Z</time>
      </trkpt>
      <trkpt lat="53.92180306" lon="14.16616945">
        <ele>14.07692</ele>
        <time>2026-07-01T04:53:01.053Z</time>
      </trkpt>
      <trkpt lat="53.92178417" lon="14.16612889">
        <ele>14.39498</ele>
        <time>2026-07-01T04:53:01.771Z</time>
      </trkpt>
      <trkpt lat="53.92208889" lon="14.16672084">
        <ele>19.23077</ele>
        <time>2026-07-01T04:53:12.698Z</time>
      </trkpt>
      <trkpt lat="53.92242612" lon="14.16765167">
        <ele>21</ele>
        <time>2026-07-01T04:53:27.893Z</time>
      </trkpt>
      <trkpt lat="53.92293723" lon="14.16865612">
        <ele>23.23077</ele>
        <time>2026-07-01T04:53:46.343Z</time>
      </trkpt>
      <trkpt lat="53.92350917" lon="14.16939278">
        <ele>25.38461</ele>
        <time>2026-07-01T04:54:03.277Z</time>
      </trkpt>
      <trkpt lat="53.92394584" lon="14.16994473">
        <ele>27.30769</ele>
        <time>2026-07-01T04:54:16.118Z</time>
      </trkpt>
      <trkpt lat="53.92445362" lon="14.17056278">
        <ele>30</ele>
        <time>2026-07-01T04:54:30.855Z</time>
      </trkpt>
      <trkpt lat="53.9252975" lon="14.17113973">
        <ele>32.61538</ele>
        <time>2026-07-01T04:54:52.304Z</time>
      </trkpt>
      <trkpt lat="53.92630278" lon="14.17191223">
        <ele>34.92308</ele>
        <time>2026-07-01T04:55:18.322Z</time>
      </trkpt>
      <trkpt lat="53.92723251" lon="14.17262834">
        <ele>37</ele>
        <time>2026-07-01T04:55:42.394Z</time>
      </trkpt>
      <trkpt lat="53.92778945" lon="14.17318528">
        <ele>39</ele>
        <time>2026-07-01T04:55:57.637Z</time>
      </trkpt>
      <trkpt lat="53.92832445" lon="14.174035">
        <ele>40.76923</ele>
        <time>2026-07-01T04:56:14.921Z</time>
      </trkpt>
      <trkpt lat="53.92917445" lon="14.17619389">
        <ele>42.53846</ele>
        <time>2026-07-01T04:56:51.021Z</time>
      </trkpt>
      <trkpt lat="53.92940528" lon="14.176825">
        <ele>43.30769</ele>
        <time>2026-07-01T04:57:01.349Z</time>
      </trkpt>
      <trkpt lat="53.92981917" lon="14.17771639">
        <ele>44.07692</ele>
        <time>2026-07-01T04:57:17.126Z</time>
      </trkpt>
      <trkpt lat="53.92992584" lon="14.17832584">
        <ele>45.07692</ele>
        <time>2026-07-01T04:57:25.968Z</time>
      </trkpt>
      <trkpt lat="53.92987834" lon="14.18125473">
        <ele>45.23077</ele>
        <time>2026-07-01T04:58:06.724Z</time>
      </trkpt>
      <trkpt lat="53.92974251" lon="14.18195139">
        <ele>45.30769</ele>
        <time>2026-07-01T04:58:16.93Z</time>
      </trkpt>
      <trkpt lat="53.92973862" lon="14.18194306">
        <ele>45.24138</ele>
        <time>2026-07-01T04:58:17.078Z</time>
      </trkpt>
      <trkpt lat="53.9298375" lon="14.18218889">
        <ele>43.38462</ele>
        <time>2026-07-01T04:58:21.213Z</time>
      </trkpt>
      <trkpt lat="53.92995862" lon="14.18241917">
        <ele>41.61538</ele>
        <time>2026-07-01T04:58:25.501Z</time>
      </trkpt>
      <trkpt lat="53.93041695" lon="14.18317834">
        <ele>38.46154</ele>
        <time>2026-07-01T04:58:40.608Z</time>
      </trkpt>
      <trkpt lat="53.93049612" lon="14.18400445">
        <ele>35.23077</ele>
        <time>2026-07-01T04:58:52.25Z</time>
      </trkpt>
      <trkpt lat="53.93069751" lon="14.18483834">
        <ele>31.69231</ele>
        <time>2026-07-01T04:59:04.783Z</time>
      </trkpt>
      <trkpt lat="53.93103334" lon="14.18514973">
        <ele>28.46154</ele>
        <time>2026-07-01T04:59:13.804Z</time>
      </trkpt>
      <trkpt lat="53.93140334" lon="14.18545723">
        <ele>24.76923</ele>
        <time>2026-07-01T04:59:23.515Z</time>
      </trkpt>
      <trkpt lat="53.93169417" lon="14.18575556">
        <ele>21.23077</ele>
        <time>2026-07-01T04:59:31.526Z</time>
      </trkpt>
      <trkpt lat="53.93231973" lon="14.18727306">
        <ele>17.76923</ele>
        <time>2026-07-01T04:59:57.273Z</time>
      </trkpt>
      <trkpt lat="53.93256834" lon="14.18815139">
        <ele>14.84615</ele>
        <time>2026-07-01T05:00:10.822Z</time>
      </trkpt>
      <trkpt lat="53.93269278" lon="14.18934362">
        <ele>12.07692</ele>
        <time>2026-07-01T05:00:27.662Z</time>
      </trkpt>
      <trkpt lat="53.93290945" lon="14.19033362">
        <ele>9.461538</ele>
        <time>2026-07-01T05:00:42.348Z</time>
      </trkpt>
      <trkpt lat="53.93320195" lon="14.19097945">
        <ele>7.076923</ele>
        <time>2026-07-01T05:00:53.671Z</time>
      </trkpt>
      <trkpt lat="53.93330362" lon="14.19116778">
        <ele>5.076923</ele>
        <time>2026-07-01T05:00:57.219Z</time>
      </trkpt>
      <trkpt lat="53.93319639" lon="14.19140223">
        <ele>3.307692</ele>
        <time>2026-07-01T05:01:01.342Z</time>
      </trkpt>
      <trkpt lat="53.933285" lon="14.19128084">
        <ele>3.153846</ele>
        <time>2026-07-01T05:01:04.026Z</time>
      </trkpt>
      <trkpt lat="53.93392278" lon="14.19245862">
        <ele>3.153846</ele>
        <time>2026-07-01T05:01:26.26Z</time>
      </trkpt>
      <trkpt lat="53.933895" lon="14.19299834">
        <ele>3.076923</ele>
        <time>2026-07-01T05:01:33.795Z</time>
      </trkpt>
      <trkpt lat="53.93396806" lon="14.19314362">
        <ele>3.153846</ele>
        <time>2026-07-01T05:01:36.448Z</time>
      </trkpt>
      <trkpt lat="53.93422695" lon="14.19288723">
        <ele>3.846154</ele>
        <time>2026-07-01T05:01:43.514Z</time>
      </trkpt>
      <trkpt lat="53.93334223" lon="14.19431751">
        <ele>3.923077</ele>
        <time>2026-07-01T05:02:12.334Z</time>
      </trkpt>
      <trkpt lat="53.93193362" lon="14.19685389">
        <ele>4</ele>
        <time>2026-07-01T05:03:00.779Z</time>
      </trkpt>
      <trkpt lat="53.93059306" lon="14.19944667">
        <ele>4.923077</ele>
        <time>2026-07-01T05:03:48.727Z</time>
      </trkpt>
      <trkpt lat="53.92982334" lon="14.20088028">
        <ele>5</ele>
        <time>2026-07-01T05:04:15.686Z</time>
      </trkpt>
      <trkpt lat="53.92731973" lon="14.20614834">
        <ele>5.461538</ele>
        <time>2026-07-01T05:05:49.773Z</time>
      </trkpt>
      <trkpt lat="53.92577862" lon="14.20935473">
        <ele>5.923077</ele>
        <time>2026-07-01T05:06:47.297Z</time>
      </trkpt>
      <trkpt lat="53.92424695" lon="14.21266751">
        <ele>5.692307</ele>
        <time>2026-07-01T05:07:45.84Z</time>
      </trkpt>
      <trkpt lat="53.92425945" lon="14.21270223">
        <ele>5.701957</ele>
        <time>2026-07-01T05:07:46.405Z</time>
      </trkpt>
      <trkpt lat="53.92596389" lon="14.21571362">
        <ele>6.692307</ele>
        <time>2026-07-01T05:08:44.448Z</time>
      </trkpt>
      <trkpt lat="53.92787056" lon="14.21884139">
        <ele>6.769231</ele>
        <time>2026-07-01T05:09:47Z</time>
      </trkpt>
      <trkpt lat="53.92876556" lon="14.21998084">
        <ele>7.076923</ele>
        <time>2026-07-01T05:10:13.386Z</time>
      </trkpt>
      <trkpt lat="53.92879723" lon="14.21991195">
        <ele>7.076923</ele>
        <time>2026-07-01T05:10:14.6Z</time>
      </trkpt>
      <trkpt lat="53.93019445" lon="14.21648306">
        <ele>6.615385</ele>
        <time>2026-07-01T05:11:12.561Z</time>
      </trkpt>
      <trkpt lat="53.93219445" lon="14.21165778">
        <ele>6.769231</ele>
        <time>2026-07-01T05:12:34.579Z</time>
      </trkpt>
      <trkpt lat="53.9332175" lon="14.20911639">
        <ele>6.846154</ele>
        <time>2026-07-01T05:13:17.369Z</time>
      </trkpt>
      <trkpt lat="53.93474639" lon="14.20550028">
        <ele>6.076923</ele>
        <time>2026-07-01T05:14:19.241Z</time>
      </trkpt>
      <trkpt lat="53.93527917" lon="14.20434417">
        <ele>6.153846</ele>
        <time>2026-07-01T05:14:39.643Z</time>
      </trkpt>
      <trkpt lat="53.93552389" lon="14.20400084">
        <ele>5.846154</ele>
        <time>2026-07-01T05:14:47.128Z</time>
      </trkpt>
      <trkpt lat="53.93671056" lon="14.20132362">
        <ele>5.461538</ele>
        <time>2026-07-01T05:15:33.698Z</time>
      </trkpt>
      <trkpt lat="53.93786417" lon="14.19863667">
        <ele>5.692307</ele>
        <time>2026-07-01T05:16:19.912Z</time>
      </trkpt>
      <trkpt lat="53.93916223" lon="14.19578417">
        <ele>5.153846</ele>
        <time>2026-07-01T05:17:10.01Z</time>
      </trkpt>
      <trkpt lat="53.94059695" lon="14.19299195">
        <ele>4.769231</ele>
        <time>2026-07-01T05:18:01.501Z</time>
      </trkpt>
      <trkpt lat="53.9413475" lon="14.19154084">
        <ele>4.615385</ele>
        <time>2026-07-01T05:18:28.337Z</time>
      </trkpt>
      <trkpt lat="53.94134473" lon="14.19158556">
        <ele>4.230769</ele>
        <time>2026-07-01T05:18:28.962Z</time>
      </trkpt>
      <trkpt lat="53.942915" lon="14.18863223">
        <ele>3.846154</ele>
        <time>2026-07-01T05:19:24.248Z</time>
      </trkpt>
      <trkpt lat="53.94358945" lon="14.18747556">
        <ele>3.769231</ele>
        <time>2026-07-01T05:19:46.862Z</time>
      </trkpt>
      <trkpt lat="53.94501417" lon="14.18504139">
        <ele>3.692308</ele>
        <time>2026-07-01T05:20:34.542Z</time>
      </trkpt>
      <trkpt lat="53.94625556" lon="14.18286028">
        <ele>3.692308</ele>
        <time>2026-07-01T05:21:16.684Z</time>
      </trkpt>
      <trkpt lat="53.94772695" lon="14.18036195">
        <ele>3.692308</ele>
        <time>2026-07-01T05:22:05.77Z</time>
      </trkpt>
      <trkpt lat="53.94921556" lon="14.17800695">
        <ele>3.615385</ele>
        <time>2026-07-01T05:22:53.762Z</time>
      </trkpt>
      <trkpt lat="53.95015528" lon="14.17654862">
        <ele>3.384615</ele>
        <time>2026-07-01T05:23:23.79Z</time>
      </trkpt>
      <trkpt lat="53.95114945" lon="14.17511667">
        <ele>3.230769</ele>
        <time>2026-07-01T05:23:54.538Z</time>
      </trkpt>
      <trkpt lat="53.95115806" lon="14.17510056">
        <ele>3.153846</ele>
        <time>2026-07-01T05:23:54.84Z</time>
      </trkpt>
      <trkpt lat="53.95203084" lon="14.17395473">
        <ele>2.923077</ele>
        <time>2026-07-01T05:24:20.859Z</time>
      </trkpt>
      <trkpt lat="53.95289028" lon="14.17273278">
        <ele>2.538461</ele>
        <time>2026-07-01T05:24:47.297Z</time>
      </trkpt>
      <trkpt lat="53.95358639" lon="14.17187306">
        <ele>2.384615</ele>
        <time>2026-07-01T05:25:07.596Z</time>
      </trkpt>
      <trkpt lat="53.9542575" lon="14.17104917">
        <ele>2.384615</ele>
        <time>2026-07-01T05:25:27.126Z</time>
      </trkpt>
      <trkpt lat="53.95422501" lon="14.17105612">
        <ele>2.461539</ele>
        <time>2026-07-01T05:25:27.898Z</time>
      </trkpt>
      <trkpt lat="53.95451389" lon="14.17152889">
        <ele>2.538461</ele>
        <time>2026-07-01T05:25:37.356Z</time>
      </trkpt>
      <trkpt lat="53.95469806" lon="14.17182028">
        <ele>2.692308</ele>
        <time>2026-07-01T05:25:43.29Z</time>
      </trkpt>
      <trkpt lat="53.95493612" lon="14.17191139">
        <ele>2.692308</ele>
        <time>2026-07-01T05:25:49.042Z</time>
      </trkpt>
      <trkpt lat="53.95541473" lon="14.17137862">
        <ele>2.769231</ele>
        <time>2026-07-01T05:26:02.537Z</time>
      </trkpt>
      <trkpt lat="53.95581139" lon="14.17085195">
        <ele>2.923077</ele>
        <time>2026-07-01T05:26:14.412Z</time>
      </trkpt>
      <trkpt lat="53.95586195" lon="14.17050389">
        <ele>3.076923</ele>
        <time>2026-07-01T05:26:19.39Z</time>
      </trkpt>
      <trkpt lat="53.95620945" lon="14.17005723">
        <ele>3.307692</ele>
        <time>2026-07-01T05:26:29.664Z</time>
      </trkpt>
      <trkpt lat="53.95661778" lon="14.16967806">
        <ele>3.461539</ele>
        <time>2026-07-01T05:26:40.634Z</time>
      </trkpt>
      <trkpt lat="53.95712473" lon="14.16919306">
        <ele>4</ele>
        <time>2026-07-01T05:26:54.35Z</time>
      </trkpt>
      <trkpt lat="53.95722473" lon="14.16854001">
        <ele>4.230769</ele>
        <time>2026-07-01T05:27:03.729Z</time>
      </trkpt>
      <trkpt lat="53.95757695" lon="14.16813639">
        <ele>4.307693</ele>
        <time>2026-07-01T05:27:13.745Z</time>
      </trkpt>
      <trkpt lat="53.95860973" lon="14.16670528">
        <ele>4.384615</ele>
        <time>2026-07-01T05:27:45.183Z</time>
      </trkpt>
      <trkpt lat="53.95883389" lon="14.16603889">
        <ele>4.384615</ele>
        <time>2026-07-01T05:27:55.847Z</time>
      </trkpt>
      <trkpt lat="53.95906417" lon="14.16587834">
        <ele>4.307693</ele>
        <time>2026-07-01T05:28:01.715Z</time>
      </trkpt>
      <trkpt lat="53.95930139" lon="14.16508195">
        <ele>4.230769</ele>
        <time>2026-07-01T05:28:14.117Z</time>
      </trkpt>
      <trkpt lat="53.96121778" lon="14.16208389">
        <ele>4.384615</ele>
        <time>2026-07-01T05:29:15.574Z</time>
      </trkpt>
      <trkpt lat="53.96178556" lon="14.16108001">
        <ele>4.230769</ele>
        <time>2026-07-01T05:29:34.908Z</time>
      </trkpt>
      <trkpt lat="53.96193917" lon="14.16083306">
        <ele>4.307693</ele>
        <time>2026-07-01T05:29:39.894Z</time>
      </trkpt>
      <trkpt lat="53.96197584" lon="14.16024334">
        <ele>4.538462</ele>
        <time>2026-07-01T05:29:48.136Z</time>
      </trkpt>
      <trkpt lat="53.96211417" lon="14.16015362">
        <ele>4.538462</ele>
        <time>2026-07-01T05:29:51.626Z</time>
      </trkpt>
      <trkpt lat="53.96227667" lon="14.15997556">
        <ele>4.538462</ele>
        <time>2026-07-01T05:29:56.185Z</time>
      </trkpt>
      <trkpt lat="53.96323417" lon="14.15846473">
        <ele>4.076923</ele>
        <time>2026-07-01T05:30:27.012Z</time>
      </trkpt>
      <trkpt lat="53.96445612" lon="14.15670112">
        <ele>4.230769</ele>
        <time>2026-07-01T05:31:04.832Z</time>
      </trkpt>
      <trkpt lat="53.96442889" lon="14.15675417">
        <ele>4.307693</ele>
        <time>2026-07-01T05:31:05.809Z</time>
      </trkpt>
      <trkpt lat="53.96568667" lon="14.15471695">
        <ele>4.230769</ele>
        <time>2026-07-01T05:31:46.804Z</time>
      </trkpt>
      <trkpt lat="53.96671834" lon="14.15303917">
        <ele>4.076923</ele>
        <time>2026-07-01T05:32:20.494Z</time>
      </trkpt>
      <trkpt lat="53.96739417" lon="14.15185667">
        <ele>3.846154</ele>
        <time>2026-07-01T05:32:43.381Z</time>
      </trkpt>
      <trkpt lat="53.96779945" lon="14.15138778">
        <ele>3.538461</ele>
        <time>2026-07-01T05:32:54.94Z</time>
      </trkpt>
      <trkpt lat="53.96910945" lon="14.14972639">
        <ele>4</ele>
        <time>2026-07-01T05:33:33.495Z</time>
      </trkpt>
      <trkpt lat="53.96991695" lon="14.14867167">
        <ele>4.307693</ele>
        <time>2026-07-01T05:33:57.518Z</time>
      </trkpt>
      <trkpt lat="53.97152973" lon="14.14661639">
        <ele>4.461538</ele>
        <time>2026-07-01T05:34:45.066Z</time>
      </trkpt>
      <trkpt lat="53.97264139" lon="14.14515251">
        <ele>5</ele>
        <time>2026-07-01T05:35:18.238Z</time>
      </trkpt>
      <trkpt lat="53.97477306" lon="14.14255251">
        <ele>5.846154</ele>
        <time>2026-07-01T05:36:20.123Z</time>
      </trkpt>
      <trkpt lat="53.97546195" lon="14.14169195">
        <ele>7.153846</ele>
        <time>2026-07-01T05:36:40.288Z</time>
      </trkpt>
      <trkpt lat="53.97513806" lon="14.14098362">
        <ele>8.538462</ele>
        <time>2026-07-01T05:36:52.744Z</time>
      </trkpt>
      <trkpt lat="53.97632306" lon="14.13946751">
        <ele>9.769231</ele>
        <time>2026-07-01T05:37:27.728Z</time>
      </trkpt>
      <trkpt lat="53.97660778" lon="14.13909612">
        <ele>11.15385</ele>
        <time>2026-07-01T05:37:36.19Z</time>
      </trkpt>
      <trkpt lat="53.97667917" lon="14.13867223">
        <ele>12.76923</ele>
        <time>2026-07-01T05:37:42.309Z</time>
      </trkpt>
      <trkpt lat="53.97706112" lon="14.13847223">
        <ele>14.76923</ele>
        <time>2026-07-01T05:37:51.73Z</time>
      </trkpt>
      <trkpt lat="53.97751278" lon="14.13806834">
        <ele>16.84615</ele>
        <time>2026-07-01T05:38:03.761Z</time>
      </trkpt>
      <trkpt lat="53.97755501" lon="14.13805917">
        <ele>17.00805</ele>
        <time>2026-07-01T05:38:04.764Z</time>
      </trkpt>
      <trkpt lat="53.97797389" lon="14.13758389">
        <ele>18.92308</ele>
        <time>2026-07-01T05:38:16.638Z</time>
      </trkpt>
      <trkpt lat="53.97865917" lon="14.13660473">
        <ele>20</ele>
        <time>2026-07-01T05:38:37.756Z</time>
      </trkpt>
      <trkpt lat="53.97937195" lon="14.13547167">
        <ele>21.30769</ele>
        <time>2026-07-01T05:39:00.779Z</time>
      </trkpt>
      <trkpt lat="53.97974195" lon="14.13430389">
        <ele>22.15385</ele>
        <time>2026-07-01T05:39:19.199Z</time>
      </trkpt>
      <trkpt lat="53.97995834" lon="14.13279862">
        <ele>22.92308</ele>
        <time>2026-07-01T05:39:40.725Z</time>
      </trkpt>
      <trkpt lat="53.98021278" lon="14.13161556">
        <ele>23.30769</ele>
        <time>2026-07-01T05:39:58.221Z</time>
      </trkpt>
      <trkpt lat="53.98049306" lon="14.13040751">
        <ele>23.76923</ele>
        <time>2026-07-01T05:40:16.258Z</time>
      </trkpt>
      <trkpt lat="53.98092195" lon="14.12908667">
        <ele>24.92308</ele>
        <time>2026-07-01T05:40:37.209Z</time>
      </trkpt>
      <trkpt lat="53.98104306" lon="14.12829334">
        <ele>26.15385</ele>
        <time>2026-07-01T05:40:48.594Z</time>
      </trkpt>
      <trkpt lat="53.98111695" lon="14.12723778">
        <ele>27.38461</ele>
        <time>2026-07-01T05:41:03.362Z</time>
      </trkpt>
      <trkpt lat="53.98118834" lon="14.12646556">
        <ele>27.46154</ele>
        <time>2026-07-01T05:41:14.222Z</time>
      </trkpt>
      <trkpt lat="53.98118973" lon="14.12632751">
        <ele>27.15385</ele>
        <time>2026-07-01T05:41:16.138Z</time>
      </trkpt>
      <trkpt lat="53.98118862" lon="14.12591417">
        <ele>27.84615</ele>
        <time>2026-07-01T05:41:21.874Z</time>
      </trkpt>
      <trkpt lat="53.98070695" lon="14.12536223">
        <ele>29.61539</ele>
        <time>2026-07-01T05:41:35.574Z</time>
      </trkpt>
      <trkpt lat="53.98074306" lon="14.12492667">
        <ele>30.92308</ele>
        <time>2026-07-01T05:41:41.678Z</time>
      </trkpt>
      <trkpt lat="53.98083917" lon="14.12467889">
        <ele>32.07692</ele>
        <time>2026-07-01T05:41:45.796Z</time>
      </trkpt>
      <trkpt lat="53.98136223" lon="14.12374723">
        <ele>32.69231</ele>
        <time>2026-07-01T05:42:03.671Z</time>
      </trkpt>
      <trkpt lat="53.98172112" lon="14.12313223">
        <ele>32.76923</ele>
        <time>2026-07-01T05:42:15.694Z</time>
      </trkpt>
      <trkpt lat="53.98179723" lon="14.12238834">
        <ele>32.92308</ele>
        <time>2026-07-01T05:42:26.183Z</time>
      </trkpt>
      <trkpt lat="53.98143445" lon="14.12059917">
        <ele>32.61538</ele>
        <time>2026-07-01T05:42:52.469Z</time>
      </trkpt>
      <trkpt lat="53.98243167" lon="14.12008834">
        <ele>31.15385</ele>
        <time>2026-07-01T05:43:17.022Z</time>
      </trkpt>
      <trkpt lat="53.98299223" lon="14.11981306">
        <ele>29.53846</ele>
        <time>2026-07-01T05:43:30.776Z</time>
      </trkpt>
      <trkpt lat="53.98398834" lon="14.11924">
        <ele>27.61539</ele>
        <time>2026-07-01T05:43:55.568Z</time>
      </trkpt>
      <trkpt lat="53.98435889" lon="14.11786806">
        <ele>26.15385</ele>
        <time>2026-07-01T05:44:16.533Z</time>
      </trkpt>
      <trkpt lat="53.984485" lon="14.11722584">
        <ele>24.61539</ele>
        <time>2026-07-01T05:44:25.937Z</time>
      </trkpt>
      <trkpt lat="53.98480889" lon="14.11627362">
        <ele>22.69231</ele>
        <time>2026-07-01T05:44:41.21Z</time>
      </trkpt>
      <trkpt lat="53.98555084" lon="14.11644806">
        <ele>19.69231</ele>
        <time>2026-07-01T05:44:58.865Z</time>
      </trkpt>
      <trkpt lat="53.986295" lon="14.11726306">
        <ele>17.46154</ele>
        <time>2026-07-01T05:45:19.742Z</time>
      </trkpt>
      <trkpt lat="53.98662556" lon="14.1174225">
        <ele>14.84615</ele>
        <time>2026-07-01T05:45:27.841Z</time>
      </trkpt>
      <trkpt lat="53.98675501" lon="14.11725334">
        <ele>12.76923</ele>
        <time>2026-07-01T05:45:31.69Z</time>
      </trkpt>
      <trkpt lat="53.98759167" lon="14.11656889">
        <ele>11.15385</ele>
        <time>2026-07-01T05:45:53.583Z</time>
      </trkpt>
      <trkpt lat="53.98848556" lon="14.11580417">
        <ele>9.538462</ele>
        <time>2026-07-01T05:46:17.179Z</time>
      </trkpt>
      <trkpt lat="53.98884862" lon="14.11552695">
        <ele>8.153846</ele>
        <time>2026-07-01T05:46:26.561Z</time>
      </trkpt>
      <trkpt lat="53.98922112" lon="14.11489306">
        <ele>7.153846</ele>
        <time>2026-07-01T05:46:38.995Z</time>
      </trkpt>
      <trkpt lat="53.98931139" lon="14.11435417">
        <ele>6.307693</ele>
        <time>2026-07-01T05:46:46.777Z</time>
      </trkpt>
      <trkpt lat="53.98959556" lon="14.11333889">
        <ele>5.384615</ele>
        <time>2026-07-01T05:47:02.389Z</time>
      </trkpt>
      <trkpt lat="53.98958167" lon="14.11336473">
        <ele>5.461538</ele>
        <time>2026-07-01T05:47:02.875Z</time>
      </trkpt>
      <trkpt lat="53.99028084" lon="14.11335445">
        <ele>5.153846</ele>
        <time>2026-07-01T05:47:19.355Z</time>
      </trkpt>
      <trkpt lat="53.99107834" lon="14.11369584">
        <ele>4.846154</ele>
        <time>2026-07-01T05:47:38.74Z</time>
      </trkpt>
      <trkpt lat="53.99158" lon="14.11353528">
        <ele>4.769231</ele>
        <time>2026-07-01T05:47:50.772Z</time>
      </trkpt>
      <trkpt lat="53.99181056" lon="14.11285612">
        <ele>4.230769</ele>
        <time>2026-07-01T05:48:01.659Z</time>
      </trkpt>
      <trkpt lat="53.99203528" lon="14.11214751">
        <ele>4.076923</ele>
        <time>2026-07-01T05:48:12.836Z</time>
      </trkpt>
      <trkpt lat="53.99298417" lon="14.11113306">
        <ele>3.846154</ele>
        <time>2026-07-01T05:48:39.27Z</time>
      </trkpt>
      <trkpt lat="53.99370389" lon="14.11036112">
        <ele>3.538461</ele>
        <time>2026-07-01T05:48:59.338Z</time>
      </trkpt>
      <trkpt lat="53.99399056" lon="14.10987028">
        <ele>3.538461</ele>
        <time>2026-07-01T05:49:08.931Z</time>
      </trkpt>
      <trkpt lat="53.99510751" lon="14.10854">
        <ele>3.076923</ele>
        <time>2026-07-01T05:49:41.094Z</time>
      </trkpt>
      <trkpt lat="53.99567362" lon="14.10745056">
        <ele>2.923077</ele>
        <time>2026-07-01T05:50:01.268Z</time>
      </trkpt>
      <trkpt lat="53.99575417" lon="14.10559306">
        <ele>2.692308</ele>
        <time>2026-07-01T05:50:27.135Z</time>
      </trkpt>
      <trkpt lat="53.99585112" lon="14.10525334">
        <ele>2.923077</ele>
        <time>2026-07-01T05:50:32.372Z</time>
      </trkpt>
      <trkpt lat="53.99648806" lon="14.10444028">
        <ele>2.307692</ele>
        <time>2026-07-01T05:50:51.157Z</time>
      </trkpt>
      <trkpt lat="53.99801806" lon="14.10281445">
        <ele>2.846154</ele>
        <time>2026-07-01T05:51:33.705Z</time>
      </trkpt>
      <trkpt lat="53.9994325" lon="14.10102473">
        <ele>3.384615</ele>
        <time>2026-07-01T05:52:15.289Z</time>
      </trkpt>
      <trkpt lat="53.99982584" lon="14.10015945">
        <ele>3.615385</ele>
        <time>2026-07-01T05:52:30.466Z</time>
      </trkpt>
      <trkpt lat="54.00040389" lon="14.09873334">
        <ele>3.923077</ele>
        <time>2026-07-01T05:52:54.504Z</time>
      </trkpt>
      <trkpt lat="54.001045" lon="14.09762028">
        <ele>3.846154</ele>
        <time>2026-07-01T05:53:16.12Z</time>
      </trkpt>
      <trkpt lat="54.00165389" lon="14.09683223">
        <ele>4.076923</ele>
        <time>2026-07-01T05:53:34.168Z</time>
      </trkpt>
      <trkpt lat="54.00195139" lon="14.0960375">
        <ele>4.230769</ele>
        <time>2026-07-01T05:53:47.243Z</time>
      </trkpt>
      <trkpt lat="54.00236278" lon="14.09533195">
        <ele>4.076923</ele>
        <time>2026-07-01T05:54:01.027Z</time>
      </trkpt>
      <trkpt lat="54.00284362" lon="14.09452889">
        <ele>4.538462</ele>
        <time>2026-07-01T05:54:16.927Z</time>
      </trkpt>
      <trkpt lat="54.00323056" lon="14.09361417">
        <ele>4.615385</ele>
        <time>2026-07-01T05:54:32.564Z</time>
      </trkpt>
      <trkpt lat="54.00362584" lon="14.09323334">
        <ele>4.692307</ele>
        <time>2026-07-01T05:54:43.274Z</time>
      </trkpt>
      <trkpt lat="54.003915" lon="14.09229445">
        <ele>4.692307</ele>
        <time>2026-07-01T05:54:57.985Z</time>
      </trkpt>
      <trkpt lat="54.00468889" lon="14.09116195">
        <ele>4.923077</ele>
        <time>2026-07-01T05:55:22.068Z</time>
      </trkpt>
      <trkpt lat="54.00511251" lon="14.09020556">
        <ele>4.615385</ele>
        <time>2026-07-01T05:55:38.683Z</time>
      </trkpt>
      <trkpt lat="54.00533389" lon="14.08983417">
        <ele>4.153846</ele>
        <time>2026-07-01T05:55:46.015Z</time>
      </trkpt>
      <trkpt lat="54.00582139" lon="14.08895917">
        <ele>4.615385</ele>
        <time>2026-07-01T05:56:02.737Z</time>
      </trkpt>
      <trkpt lat="54.00687389" lon="14.08635">
        <ele>4.692307</ele>
        <time>2026-07-01T05:56:46.644Z</time>
      </trkpt>
      <trkpt lat="54.00759251" lon="14.08539667">
        <ele>4.615385</ele>
        <time>2026-07-01T05:57:08.141Z</time>
      </trkpt>
      <trkpt lat="54.00838834" lon="14.08394306">
        <ele>4.461538</ele>
        <time>2026-07-01T05:57:35.694Z</time>
      </trkpt>
      <trkpt lat="54.00892917" lon="14.08319417">
        <ele>4.384615</ele>
        <time>2026-07-01T05:57:52.144Z</time>
      </trkpt>
      <trkpt lat="54.00971" lon="14.08156306">
        <ele>4.384615</ele>
        <time>2026-07-01T05:58:21.325Z</time>
      </trkpt>
      <trkpt lat="54.01104556" lon="14.07899417">
        <ele>4.846154</ele>
        <time>2026-07-01T05:59:08.895Z</time>
      </trkpt>
      <trkpt lat="54.012575" lon="14.07628389">
        <ele>4.846154</ele>
        <time>2026-07-01T06:00:01.003Z</time>
      </trkpt>
      <trkpt lat="54.01329139" lon="14.07445334">
        <ele>5.384615</ele>
        <time>2026-07-01T06:00:31.514Z</time>
      </trkpt>
      <trkpt lat="54.01348917" lon="14.07365084">
        <ele>5.538462</ele>
        <time>2026-07-01T06:00:43.59Z</time>
      </trkpt>
      <trkpt lat="54.01356612" lon="14.07279778">
        <ele>5.461538</ele>
        <time>2026-07-01T06:00:55.57Z</time>
      </trkpt>
      <trkpt lat="54.01359751" lon="14.07232945">
        <ele>5.615385</ele>
        <time>2026-07-01T06:01:02.106Z</time>
      </trkpt>
      <trkpt lat="54.01376278" lon="14.07163667">
        <ele>5.923077</ele>
        <time>2026-07-01T06:01:12.482Z</time>
      </trkpt>
      <trkpt lat="54.01417667" lon="14.07110556">
        <ele>5.769231</ele>
        <time>2026-07-01T06:01:24.71Z</time>
      </trkpt>
      <trkpt lat="54.01494862" lon="14.07098389">
        <ele>6.461538</ele>
        <time>2026-07-01T06:01:42.983Z</time>
      </trkpt>
      <trkpt lat="54.01516834" lon="14.07071612">
        <ele>7.538462</ele>
        <time>2026-07-01T06:01:49.355Z</time>
      </trkpt>
      <trkpt lat="54.01554723" lon="14.06955528">
        <ele>8.923077</ele>
        <time>2026-07-01T06:02:07.778Z</time>
      </trkpt>
      <trkpt lat="54.016155" lon="14.06907528">
        <ele>10.38461</ele>
        <time>2026-07-01T06:02:23.574Z</time>
      </trkpt>
      <trkpt lat="54.01662334" lon="14.06841223">
        <ele>11.84615</ele>
        <time>2026-07-01T06:02:37.947Z</time>
      </trkpt>
      <trkpt lat="54.0168925" lon="14.06733056">
        <ele>13</ele>
        <time>2026-07-01T06:02:54.247Z</time>
      </trkpt>
      <trkpt lat="54.01666139" lon="14.06636084">
        <ele>14.69231</ele>
        <time>2026-07-01T06:03:08.768Z</time>
      </trkpt>
      <trkpt lat="54.01666167" lon="14.06626445">
        <ele>14.96013</ele>
        <time>2026-07-01T06:03:10.104Z</time>
      </trkpt>
      <trkpt lat="54.01660639" lon="14.06517445">
        <ele>18</ele>
        <time>2026-07-01T06:03:25.29Z</time>
      </trkpt>
      <trkpt lat="54.01676834" lon="14.06475639">
        <ele>18.84615</ele>
        <time>2026-07-01T06:03:32.23Z</time>
      </trkpt>
      <trkpt lat="54.02061973" lon="14.05890167">
        <ele>19.46154</ele>
        <time>2026-07-01T06:05:34.07Z</time>
      </trkpt>
      <trkpt lat="54.02158167" lon="14.05733584">
        <ele>19.61539</ele>
        <time>2026-07-01T06:06:05.477Z</time>
      </trkpt>
      <trkpt lat="54.02156139" lon="14.05735556">
        <ele>19.23077</ele>
        <time>2026-07-01T06:06:06.028Z</time>
      </trkpt>
      <trkpt lat="54.02352834" lon="14.05426334">
        <ele>18.23077</ele>
        <time>2026-07-01T06:07:09.205Z</time>
      </trkpt>
      <trkpt lat="54.02355445" lon="14.05423778">
        <ele>18.22592</ele>
        <time>2026-07-01T06:07:09.915Z</time>
      </trkpt>
      <trkpt lat="54.02958139" lon="14.04504167">
        <ele>16.92308</ele>
        <time>2026-07-01T06:10:20.881Z</time>
      </trkpt>
      <trkpt lat="54.03048334" lon="14.04371389">
        <ele>16.76923</ele>
        <time>2026-07-01T06:10:49.014Z</time>
      </trkpt>
      <trkpt lat="54.03097556" lon="14.04353612">
        <ele>17</ele>
        <time>2026-07-01T06:11:00.875Z</time>
      </trkpt>
      <trkpt lat="54.03120806" lon="14.04319389">
        <ele>17.30769</ele>
        <time>2026-07-01T06:11:08.123Z</time>
      </trkpt>
      <trkpt lat="54.03126806" lon="14.04251806">
        <ele>16.92308</ele>
        <time>2026-07-01T06:11:17.607Z</time>
      </trkpt>
      <trkpt lat="54.03148306" lon="14.04188223">
        <ele>14.84615</ele>
        <time>2026-07-01T06:11:27.782Z</time>
      </trkpt>
      <trkpt lat="54.0321" lon="14.04118639">
        <ele>12.76923</ele>
        <time>2026-07-01T06:11:45.237Z</time>
      </trkpt>
      <trkpt lat="54.03233473" lon="14.04099778">
        <ele>11.53846</ele>
        <time>2026-07-01T06:11:51.356Z</time>
      </trkpt>
      <trkpt lat="54.03258862" lon="14.04108334">
        <ele>10.53846</ele>
        <time>2026-07-01T06:11:57.457Z</time>
      </trkpt>
      <trkpt lat="54.03304945" lon="14.04093195">
        <ele>10.15385</ele>
        <time>2026-07-01T06:12:08.52Z</time>
      </trkpt>
      <trkpt lat="54.03356862" lon="14.04013362">
        <ele>9.846154</ele>
        <time>2026-07-01T06:12:25.026Z</time>
      </trkpt>
      <trkpt lat="54.03469" lon="14.03834389">
        <ele>9.615385</ele>
        <time>2026-07-01T06:13:01.293Z</time>
      </trkpt>
      <trkpt lat="54.03469556" lon="14.03836667">
        <ele>9.586053</ele>
        <time>2026-07-01T06:13:01.635Z</time>
      </trkpt>
      <trkpt lat="54.03518973" lon="14.03759778">
        <ele>8.230769</ele>
        <time>2026-07-01T06:13:17.43Z</time>
      </trkpt>
      <trkpt lat="54.03549556" lon="14.03721084">
        <ele>6.923077</ele>
        <time>2026-07-01T06:13:26.414Z</time>
      </trkpt>
      <trkpt lat="54.03587584" lon="14.03708834">
        <ele>4.923077</ele>
        <time>2026-07-01T06:13:35.537Z</time>
      </trkpt>
      <trkpt lat="54.0363875" lon="14.03641473">
        <ele>2.692308</ele>
        <time>2026-07-01T06:13:50.795Z</time>
      </trkpt>
      <trkpt lat="54.03877223" lon="14.03261389">
        <ele>1.538462</ele>
        <time>2026-07-01T06:15:07.868Z</time>
      </trkpt>
      <trkpt lat="54.04054945" lon="14.03017251">
        <ele>1.923077</ele>
        <time>2026-07-01T06:16:01.738Z</time>
      </trkpt>
      <trkpt lat="54.04102389" lon="14.029335">
        <ele>2.307692</ele>
        <time>2026-07-01T06:16:17.864Z</time>
      </trkpt>
      <trkpt lat="54.04106695" lon="14.02940501">
        <ele>2.452324</ele>
        <time>2026-07-01T06:16:19.268Z</time>
      </trkpt>
      <trkpt lat="54.04048167" lon="14.02798862">
        <ele>4.923077</ele>
        <time>2026-07-01T06:16:43.277Z</time>
      </trkpt>
      <trkpt lat="54.03903584" lon="14.02549695">
        <ele>6.153846</ele>
        <time>2026-07-01T06:17:31.819Z</time>
      </trkpt>
      <trkpt lat="54.03932195" lon="14.02474139">
        <ele>7.461538</ele>
        <time>2026-07-01T06:17:44.283Z</time>
      </trkpt>
      <trkpt lat="54.03949028" lon="14.02346306">
        <ele>8.923077</ele>
        <time>2026-07-01T06:18:02.456Z</time>
      </trkpt>
      <trkpt lat="54.04014389" lon="14.02419473">
        <ele>11.38461</ele>
        <time>2026-07-01T06:18:20.905Z</time>
      </trkpt>
      <trkpt lat="54.04072778" lon="14.02514806">
        <ele>13.76923</ele>
        <time>2026-07-01T06:18:39.992Z</time>
      </trkpt>
      <trkpt lat="54.04105917" lon="14.02628584">
        <ele>16.23077</ele>
        <time>2026-07-01T06:18:57.603Z</time>
      </trkpt>
      <trkpt lat="54.04125139" lon="14.02753667">
        <ele>18.30769</ele>
        <time>2026-07-01T06:19:15.537Z</time>
      </trkpt>
      <trkpt lat="54.04152778" lon="14.02832667">
        <ele>21</ele>
        <time>2026-07-01T06:19:28.287Z</time>
      </trkpt>
      <trkpt lat="54.04152445" lon="14.02821806">
        <ele>21.46554</ele>
        <time>2026-07-01T06:19:29.794Z</time>
      </trkpt>
      <trkpt lat="54.04187834" lon="14.02779584">
        <ele>24.61539</ele>
        <time>2026-07-01T06:19:39.983Z</time>
      </trkpt>
      <trkpt lat="54.04321889" lon="14.02624834">
        <ele>25.53846</ele>
        <time>2026-07-01T06:20:18.183Z</time>
      </trkpt>
      <trkpt lat="54.04431167" lon="14.02487751">
        <ele>26.76923</ele>
        <time>2026-07-01T06:20:50.2Z</time>
      </trkpt>
      <trkpt lat="54.04645139" lon="14.02226">
        <ele>27.23077</ele>
        <time>2026-07-01T06:21:52.345Z</time>
      </trkpt>
      <trkpt lat="54.04736417" lon="14.02114223">
        <ele>28.38461</ele>
        <time>2026-07-01T06:22:18.864Z</time>
      </trkpt>
      <trkpt lat="54.04799862" lon="14.02061862">
        <ele>30</ele>
        <time>2026-07-01T06:22:35.489Z</time>
      </trkpt>
      <trkpt lat="54.04851251" lon="14.01990528">
        <ele>30.76923</ele>
        <time>2026-07-01T06:22:51.129Z</time>
      </trkpt>
      <trkpt lat="54.04920834" lon="14.01925473">
        <ele>30.69231</ele>
        <time>2026-07-01T06:23:09.848Z</time>
      </trkpt>
      <trkpt lat="54.04905389" lon="14.01876917">
        <ele>30.15385</ele>
        <time>2026-07-01T06:23:17.497Z</time>
      </trkpt>
      <trkpt lat="54.04911501" lon="14.01806584">
        <ele>28.38461</ele>
        <time>2026-07-01T06:23:27.358Z</time>
      </trkpt>
      <trkpt lat="54.04953862" lon="14.01716584">
        <ele>27.53846</ele>
        <time>2026-07-01T06:23:43.343Z</time>
      </trkpt>
      <trkpt lat="54.05028695" lon="14.0157475">
        <ele>26.07692</ele>
        <time>2026-07-01T06:24:09.765Z</time>
      </trkpt>
      <trkpt lat="54.05167612" lon="14.01303862">
        <ele>25.23077</ele>
        <time>2026-07-01T06:24:59.602Z</time>
      </trkpt>
      <trkpt lat="54.05318028" lon="14.01017417">
        <ele>24</ele>
        <time>2026-07-01T06:25:52.849Z</time>
      </trkpt>
      <trkpt lat="54.05393473" lon="14.00882695">
        <ele>23.23077</ele>
        <time>2026-07-01T06:26:18.643Z</time>
      </trkpt>
      <trkpt lat="54.05524862" lon="14.00811528">
        <ele>21.46154</ele>
        <time>2026-07-01T06:26:51.147Z</time>
      </trkpt>
      <trkpt lat="54.05578667" lon="14.00638584">
        <ele>19.46154</ele>
        <time>2026-07-01T06:27:18.278Z</time>
      </trkpt>
      <trkpt lat="54.05598528" lon="14.00561056">
        <ele>17.07692</ele>
        <time>2026-07-01T06:27:30.005Z</time>
      </trkpt>
      <trkpt lat="54.05631945" lon="14.00463445">
        <ele>14</ele>
        <time>2026-07-01T06:27:45.666Z</time>
      </trkpt>
      <trkpt lat="54.05687862" lon="14.00231945">
        <ele>11.61539</ele>
        <time>2026-07-01T06:28:20.37Z</time>
      </trkpt>
      <trkpt lat="54.05759445" lon="14.00056723">
        <ele>9.153846</ele>
        <time>2026-07-01T06:28:49.953Z</time>
      </trkpt>
      <trkpt lat="54.05790334" lon="13.99943862">
        <ele>7.076923</ele>
        <time>2026-07-01T06:29:07.214Z</time>
      </trkpt>
      <trkpt lat="54.05817278" lon="13.99829945">
        <ele>6.230769</ele>
        <time>2026-07-01T06:29:24.24Z</time>
      </trkpt>
      <trkpt lat="54.05816473" lon="13.99837306">
        <ele>5.996953</ele>
        <time>2026-07-01T06:29:25.277Z</time>
      </trkpt>
      <trkpt lat="54.05828056" lon="13.99794973">
        <ele>4.538462</ele>
        <time>2026-07-01T06:29:31.745Z</time>
      </trkpt>
      <trkpt lat="54.05856973" lon="13.99727973">
        <ele>3.153846</ele>
        <time>2026-07-01T06:29:43.268Z</time>
      </trkpt>
      <trkpt lat="54.05882695" lon="13.99663139">
        <ele>2.384615</ele>
        <time>2026-07-01T06:29:54.112Z</time>
      </trkpt>
      <trkpt lat="54.05868056" lon="13.99660167">
        <ele>1.615385</ele>
        <time>2026-07-01T06:29:57.587Z</time>
      </trkpt>
      <trkpt lat="54.05991834" lon="13.99356112">
        <ele>1.153846</ele>
        <time>2026-07-01T06:30:48.86Z</time>
      </trkpt>
      <trkpt lat="54.06176195" lon="13.98875973">
        <ele>1.153846</ele>
        <time>2026-07-01T06:32:08.364Z</time>
      </trkpt>
      <trkpt lat="54.06222806" lon="13.98728167">
        <ele>1.076923</ele>
        <time>2026-07-01T06:32:31.618Z</time>
      </trkpt>
      <trkpt lat="54.06329473" lon="13.98305223">
        <ele>1.461538</ele>
        <time>2026-07-01T06:33:35.425Z</time>
      </trkpt>
      <trkpt lat="54.06424167" lon="13.97938528">
        <ele>2</ele>
        <time>2026-07-01T06:34:30.952Z</time>
      </trkpt>
      <trkpt lat="54.06551889" lon="13.97446445">
        <ele>2.230769</ele>
        <time>2026-07-01T06:35:45.526Z</time>
      </trkpt>
      <trkpt lat="54.06652834" lon="13.970555">
        <ele>2.615385</ele>
        <time>2026-07-01T06:36:44.721Z</time>
      </trkpt>
      <trkpt lat="54.067015" lon="13.96858">
        <ele>2.923077</ele>
        <time>2026-07-01T06:37:14.409Z</time>
      </trkpt>
      <trkpt lat="54.06714834" lon="13.96875528">
        <ele>3</ele>
        <time>2026-07-01T06:37:18.38Z</time>
      </trkpt>
      <trkpt lat="54.06776167" lon="13.96802917">
        <ele>2.692308</ele>
        <time>2026-07-01T06:37:35.996Z</time>
      </trkpt>
      <trkpt lat="54.06846306" lon="13.96720751">
        <ele>2.692308</ele>
        <time>2026-07-01T06:37:56.073Z</time>
      </trkpt>
      <trkpt lat="54.06930945" lon="13.96670528">
        <ele>2.615385</ele>
        <time>2026-07-01T06:38:17.203Z</time>
      </trkpt>
      <trkpt lat="54.06940306" lon="13.96623306">
        <ele>2.846154</ele>
        <time>2026-07-01T06:38:24.104Z</time>
      </trkpt>
      <trkpt lat="54.06967362" lon="13.96412889">
        <ele>3.923077</ele>
        <time>2026-07-01T06:38:53.964Z</time>
      </trkpt>
      <trkpt lat="54.06958028" lon="13.96287417">
        <ele>5</ele>
        <time>2026-07-01T06:39:11.497Z</time>
      </trkpt>
      <trkpt lat="54.06927362" lon="13.96125806">
        <ele>6</ele>
        <time>2026-07-01T06:39:35.039Z</time>
      </trkpt>
      <trkpt lat="54.06891806" lon="13.96124028">
        <ele>6.769231</ele>
        <time>2026-07-01T06:39:43.423Z</time>
      </trkpt>
      <trkpt lat="54.06884723" lon="13.96009473">
        <ele>6.923077</ele>
        <time>2026-07-01T06:39:59.392Z</time>
      </trkpt>
      <trkpt lat="54.06888862" lon="13.95909667">
        <ele>7.769231</ele>
        <time>2026-07-01T06:40:13.263Z</time>
      </trkpt>
      <trkpt lat="54.06929917" lon="13.95648889">
        <ele>9.230769</ele>
        <time>2026-07-01T06:40:50.689Z</time>
      </trkpt>
      <trkpt lat="54.06933667" lon="13.95588001">
        <ele>9.615385</ele>
        <time>2026-07-01T06:40:59.176Z</time>
      </trkpt>
      <trkpt lat="54.06936639" lon="13.95480973">
        <ele>9.615385</ele>
        <time>2026-07-01T06:41:14.03Z</time>
      </trkpt>
      <trkpt lat="54.06940945" lon="13.95322473">
        <ele>10</ele>
        <time>2026-07-01T06:41:36.027Z</time>
      </trkpt>
      <trkpt lat="54.06938167" lon="13.95259056">
        <ele>10.15385</ele>
        <time>2026-07-01T06:41:44.843Z</time>
      </trkpt>
      <trkpt lat="54.06932362" lon="13.95186806">
        <ele>10.92308</ele>
        <time>2026-07-01T06:41:54.952Z</time>
      </trkpt>
      <trkpt lat="54.06945778" lon="13.95096223">
        <ele>11.38461</ele>
        <time>2026-07-01T06:42:07.902Z</time>
      </trkpt>
      <trkpt lat="54.06963778" lon="13.95018917">
        <ele>11.30769</ele>
        <time>2026-07-01T06:42:19.429Z</time>
      </trkpt>
      <trkpt lat="54.06967195" lon="13.9480375">
        <ele>11.23077</ele>
        <time>2026-07-01T06:42:49.269Z</time>
      </trkpt>
      <trkpt lat="54.06976001" lon="13.94738195">
        <ele>11.46154</ele>
        <time>2026-07-01T06:42:58.591Z</time>
      </trkpt>
      <trkpt lat="54.06996195" lon="13.94629556">
        <ele>11.53846</ele>
        <time>2026-07-01T06:43:14.386Z</time>
      </trkpt>
      <trkpt lat="54.0702875" lon="13.94588834">
        <ele>11.92308</ele>
        <time>2026-07-01T06:43:23.909Z</time>
      </trkpt>
      <trkpt lat="54.07055389" lon="13.94548334">
        <ele>11.53846</ele>
        <time>2026-07-01T06:43:32.328Z</time>
      </trkpt>
      <trkpt lat="54.07086334" lon="13.94390612">
        <ele>10.69231</ele>
        <time>2026-07-01T06:43:55.378Z</time>
      </trkpt>
      <trkpt lat="54.07112334" lon="13.94235973">
        <ele>11.46154</ele>
        <time>2026-07-01T06:44:17.674Z</time>
      </trkpt>
      <trkpt lat="54.07127945" lon="13.94147889">
        <ele>12.53846</ele>
        <time>2026-07-01T06:44:30.427Z</time>
      </trkpt>
      <trkpt lat="54.07122528" lon="13.94086278">
        <ele>13.07692</ele>
        <time>2026-07-01T06:44:39.063Z</time>
      </trkpt>
      <trkpt lat="54.07113195" lon="13.94040278">
        <ele>13.38461</ele>
        <time>2026-07-01T06:44:45.802Z</time>
      </trkpt>
      <trkpt lat="54.07129667" lon="13.93958556">
        <ele>12.92308</ele>
        <time>2026-07-01T06:44:57.778Z</time>
      </trkpt>
      <trkpt lat="54.07142806" lon="13.93880917">
        <ele>13</ele>
        <time>2026-07-01T06:45:08.978Z</time>
      </trkpt>
      <trkpt lat="54.07190473" lon="13.93649639">
        <ele>12.92308</ele>
        <time>2026-07-01T06:45:42.951Z</time>
      </trkpt>
      <trkpt lat="54.07264501" lon="13.93285167">
        <ele>12.23077</ele>
        <time>2026-07-01T06:46:36.404Z</time>
      </trkpt>
      <trkpt lat="54.07392473" lon="13.92692639">
        <ele>11</ele>
        <time>2026-07-01T06:48:03.905Z</time>
      </trkpt>
      <trkpt lat="54.07407778" lon="13.92613973">
        <ele>10</ele>
        <time>2026-07-01T06:48:15.391Z</time>
      </trkpt>
      <trkpt lat="54.07433917" lon="13.92579556">
        <ele>9.384615</ele>
        <time>2026-07-01T06:48:23.18Z</time>
      </trkpt>
      <trkpt lat="54.07468778" lon="13.92550306">
        <ele>9</ele>
        <time>2026-07-01T06:48:32.341Z</time>
      </trkpt>
      <trkpt lat="54.07548945" lon="13.92599723">
        <ele>8.076923</ele>
        <time>2026-07-01T06:48:52.438Z</time>
      </trkpt>
      <trkpt lat="54.07601778" lon="13.9265575">
        <ele>6.615385</ele>
        <time>2026-07-01T06:49:07.114Z</time>
      </trkpt>
      <trkpt lat="54.07660917" lon="13.92682278">
        <ele>5.230769</ele>
        <time>2026-07-01T06:49:21.529Z</time>
      </trkpt>
      <trkpt lat="54.07696167" lon="13.92719612">
        <ele>4.153846</ele>
        <time>2026-07-01T06:49:31.314Z</time>
      </trkpt>
      <trkpt lat="54.07721028" lon="13.92661556">
        <ele>3.769231</ele>
        <time>2026-07-01T06:49:41.269Z</time>
      </trkpt>
      <trkpt lat="54.07810306" lon="13.92405945">
        <ele>3.769231</ele>
        <time>2026-07-01T06:50:22.477Z</time>
      </trkpt>
      <trkpt lat="54.0785225" lon="13.92273834">
        <ele>3.307692</ele>
        <time>2026-07-01T06:50:43.287Z</time>
      </trkpt>
      <trkpt lat="54.07850834" lon="13.92279112">
        <ele>3.172411</ele>
        <time>2026-07-01T06:50:44.09Z</time>
      </trkpt>
      <trkpt lat="54.07858278" lon="13.92258862">
        <ele>2.615385</ele>
        <time>2026-07-01T06:50:47.397Z</time>
      </trkpt>
      <trkpt lat="54.07888278" lon="13.92165695">
        <ele>2.923077</ele>
        <time>2026-07-01T06:51:02.12Z</time>
      </trkpt>
      <trkpt lat="54.07956528" lon="13.91968056">
        <ele>3.153846</ele>
        <time>2026-07-01T06:51:33.888Z</time>
      </trkpt>
      <trkpt lat="54.08039028" lon="13.91732167">
        <ele>3.461539</ele>
        <time>2026-07-01T06:52:11.928Z</time>
      </trkpt>
      <trkpt lat="54.08075139" lon="13.91594473">
        <ele>4.076923</ele>
        <time>2026-07-01T06:52:32.824Z</time>
      </trkpt>
      <trkpt lat="54.08112973" lon="13.91467806">
        <ele>4.923077</ele>
        <time>2026-07-01T06:52:52.515Z</time>
      </trkpt>
      <trkpt lat="54.08122501" lon="13.91481445">
        <ele>5.692307</ele>
        <time>2026-07-01T06:52:55.449Z</time>
      </trkpt>
      <trkpt lat="54.08179695" lon="13.91313612">
        <ele>6.461538</ele>
        <time>2026-07-01T06:53:22.334Z</time>
      </trkpt>
      <trkpt lat="54.08234417" lon="13.91152667">
        <ele>7.153846</ele>
        <time>2026-07-01T06:53:48.101Z</time>
      </trkpt>
      <trkpt lat="54.08281112" lon="13.91029">
        <ele>7.692307</ele>
        <time>2026-07-01T06:54:08.47Z</time>
      </trkpt>
      <trkpt lat="54.08410973" lon="13.90679778">
        <ele>8.076923</ele>
        <time>2026-07-01T06:55:05.735Z</time>
      </trkpt>
      <trkpt lat="54.08444473" lon="13.90626945">
        <ele>8.538462</ele>
        <time>2026-07-01T06:55:16.503Z</time>
      </trkpt>
      <trkpt lat="54.08472945" lon="13.90551195">
        <ele>9</ele>
        <time>2026-07-01T06:55:28.963Z</time>
      </trkpt>
      <trkpt lat="54.08568917" lon="13.90321973">
        <ele>9.153846</ele>
        <time>2026-07-01T06:56:07.961Z</time>
      </trkpt>
      <trkpt lat="54.08637084" lon="13.90146584">
        <ele>9.384615</ele>
        <time>2026-07-01T06:56:37.097Z</time>
      </trkpt>
      <trkpt lat="54.08690306" lon="13.90001195">
        <ele>9.692307</ele>
        <time>2026-07-01T06:57:00.831Z</time>
      </trkpt>
      <trkpt lat="54.08757889" lon="13.89820528">
        <ele>9.538462</ele>
        <time>2026-07-01T06:57:30.505Z</time>
      </trkpt>
      <trkpt lat="54.08884612" lon="13.89524028">
        <ele>9</ele>
        <time>2026-07-01T06:58:21.302Z</time>
      </trkpt>
      <trkpt lat="54.09099473" lon="13.89033417">
        <ele>8.307693</ele>
        <time>2026-07-01T06:59:46.075Z</time>
      </trkpt>
      <trkpt lat="54.09243362" lon="13.88724973">
        <ele>7.692307</ele>
        <time>2026-07-01T07:00:40.635Z</time>
      </trkpt>
      <trkpt lat="54.093255" lon="13.88534417">
        <ele>7.230769</ele>
        <time>2026-07-01T07:01:13.376Z</time>
      </trkpt>
      <trkpt lat="54.09472473" lon="13.88240223">
        <ele>6.769231</ele>
        <time>2026-07-01T07:02:06.87Z</time>
      </trkpt>
      <trkpt lat="54.095445" lon="13.88100917">
        <ele>6.846154</ele>
        <time>2026-07-01T07:02:32.575Z</time>
      </trkpt>
      <trkpt lat="54.09547778" lon="13.88049945">
        <ele>6.461538</ele>
        <time>2026-07-01T07:02:39.679Z</time>
      </trkpt>
      <trkpt lat="54.09535639" lon="13.88026028">
        <ele>6.076923</ele>
        <time>2026-07-01T07:02:44.054Z</time>
      </trkpt>
      <trkpt lat="54.09534862" lon="13.87964028">
        <ele>5.692307</ele>
        <time>2026-07-01T07:02:52.646Z</time>
      </trkpt>
      <trkpt lat="54.09533278" lon="13.87910056">
        <ele>6.230769</ele>
        <time>2026-07-01T07:03:00.133Z</time>
      </trkpt>
      <trkpt lat="54.09524584" lon="13.87860889">
        <ele>5.923077</ele>
        <time>2026-07-01T07:03:07.239Z</time>
      </trkpt>
      <trkpt lat="54.09440862" lon="13.87691778">
        <ele>5.692307</ele>
        <time>2026-07-01T07:03:37.873Z</time>
      </trkpt>
      <trkpt lat="54.09359362" lon="13.87568528">
        <ele>5.461538</ele>
        <time>2026-07-01T07:04:03.576Z</time>
      </trkpt>
      <trkpt lat="54.09270278" lon="13.87448667">
        <ele>6.230769</ele>
        <time>2026-07-01T07:04:30.348Z</time>
      </trkpt>
      <trkpt lat="54.09269667" lon="13.87443389">
        <ele>6.247479</ele>
        <time>2026-07-01T07:04:31.093Z</time>
      </trkpt>
      <trkpt lat="54.0945" lon="13.87094334">
        <ele>7.692307</ele>
        <time>2026-07-01T07:05:35.481Z</time>
      </trkpt>
      <trkpt lat="54.09847445" lon="13.86325945">
        <ele>8.384615</ele>
        <time>2026-07-01T07:07:57.288Z</time>
      </trkpt>
      <trkpt lat="54.09929417" lon="13.86175973">
        <ele>9.307693</ele>
        <time>2026-07-01T07:08:25.66Z</time>
      </trkpt>
      <trkpt lat="54.10013639" lon="13.86061778">
        <ele>9.538462</ele>
        <time>2026-07-01T07:08:51.044Z</time>
      </trkpt>
      <trkpt lat="54.10180445" lon="13.8583825">
        <ele>10.30769</ele>
        <time>2026-07-01T07:09:41.091Z</time>
      </trkpt>
      <trkpt lat="54.10272584" lon="13.85696667">
        <ele>10.92308</ele>
        <time>2026-07-01T07:10:10.354Z</time>
      </trkpt>
      <trkpt lat="54.10325112" lon="13.85646306">
        <ele>11.69231</ele>
        <time>2026-07-01T07:10:24.565Z</time>
      </trkpt>
      <trkpt lat="54.10395973" lon="13.85555362">
        <ele>11.76923</ele>
        <time>2026-07-01T07:10:45.486Z</time>
      </trkpt>
      <trkpt lat="54.10641612" lon="13.85233889">
        <ele>12.76923</ele>
        <time>2026-07-01T07:11:58.528Z</time>
      </trkpt>
      <trkpt lat="54.10719584" lon="13.85143167">
        <ele>13.38461</ele>
        <time>2026-07-01T07:12:20.792Z</time>
      </trkpt>
      <trkpt lat="54.10858945" lon="13.85227973">
        <ele>14.23077</ele>
        <time>2026-07-01T07:12:55.678Z</time>
      </trkpt>
      <trkpt lat="54.10909556" lon="13.85169834">
        <ele>14</ele>
        <time>2026-07-01T07:13:10.071Z</time>
      </trkpt>
      <trkpt lat="54.10950028" lon="13.85187223">
        <ele>13.38461</ele>
        <time>2026-07-01T07:13:19.909Z</time>
      </trkpt>
      <trkpt lat="54.10988" lon="13.85228028">
        <ele>12.69231</ele>
        <time>2026-07-01T07:13:30.491Z</time>
      </trkpt>
      <trkpt lat="54.11028167" lon="13.85317112">
        <ele>12.61539</ele>
        <time>2026-07-01T07:13:46.043Z</time>
      </trkpt>
      <trkpt lat="54.11054945" lon="13.85372167">
        <ele>11.61539</ele>
        <time>2026-07-01T07:13:55.941Z</time>
      </trkpt>
      <trkpt lat="54.11077834" lon="13.85368195">
        <ele>10.69231</ele>
        <time>2026-07-01T07:14:01.364Z</time>
      </trkpt>
      <trkpt lat="54.11167695" lon="13.85270612">
        <ele>9.615385</ele>
        <time>2026-07-01T07:14:26.489Z</time>
      </trkpt>
      <trkpt lat="54.11355473" lon="13.85042639">
        <ele>8.846154</ele>
        <time>2026-07-01T07:15:20.857Z</time>
      </trkpt>
      <trkpt lat="54.11662445" lon="13.84627862">
        <ele>8</ele>
        <time>2026-07-01T07:16:53.24Z</time>
      </trkpt>
      <trkpt lat="54.11851473" lon="13.84372806">
        <ele>7.923077</ele>
        <time>2026-07-01T07:17:50.096Z</time>
      </trkpt>
      <trkpt lat="54.12120473" lon="13.84025056">
        <ele>7.461538</ele>
        <time>2026-07-01T07:19:09.713Z</time>
      </trkpt>
      <trkpt lat="54.12117084" lon="13.84023306">
        <ele>7.391177</ele>
        <time>2026-07-01T07:19:10.548Z</time>
      </trkpt>
      <trkpt lat="54.12069584" lon="13.83886417">
        <ele>5.538462</ele>
        <time>2026-07-01T07:19:32.562Z</time>
      </trkpt>
      <trkpt lat="54.11985501" lon="13.83695278">
        <ele>4.923077</ele>
        <time>2026-07-01T07:20:05.626Z</time>
      </trkpt>
      <trkpt lat="54.11907251" lon="13.83549306">
        <ele>4.769231</ele>
        <time>2026-07-01T07:20:32.989Z</time>
      </trkpt>
      <trkpt lat="54.11820001" lon="13.83379056">
        <ele>4.769231</ele>
        <time>2026-07-01T07:21:04.273Z</time>
      </trkpt>
      <trkpt lat="54.11779723" lon="13.83257445">
        <ele>3.923077</ele>
        <time>2026-07-01T07:21:23.605Z</time>
      </trkpt>
      <trkpt lat="54.11747084" lon="13.83017778">
        <ele>3.846154</ele>
        <time>2026-07-01T07:21:57.673Z</time>
      </trkpt>
      <trkpt lat="54.11720973" lon="13.83023473">
        <ele>3.769231</ele>
        <time>2026-07-01T07:22:03.878Z</time>
      </trkpt>
      <trkpt lat="54.11711028" lon="13.82900667">
        <ele>3.846154</ele>
        <time>2026-07-01T07:22:21.044Z</time>
      </trkpt>
      <trkpt lat="54.11736528" lon="13.82925445">
        <ele>3.769231</ele>
        <time>2026-07-01T07:22:27.963Z</time>
      </trkpt>
      <trkpt lat="54.1171325" lon="13.82765528">
        <ele>3.769231</ele>
        <time>2026-07-01T07:22:50.777Z</time>
      </trkpt>
      <trkpt lat="54.11695973" lon="13.82684028">
        <ele>3</ele>
        <time>2026-07-01T07:23:02.775Z</time>
      </trkpt>
      <trkpt lat="54.11662112" lon="13.82614695">
        <ele>2.153846</ele>
        <time>2026-07-01T07:23:15.26Z</time>
      </trkpt>
      <trkpt lat="54.11590445" lon="13.82512195">
        <ele>2.076923</ele>
        <time>2026-07-01T07:23:37.324Z</time>
      </trkpt>
      <trkpt lat="54.11543528" lon="13.82405639">
        <ele>1.923077</ele>
        <time>2026-07-01T07:23:55.764Z</time>
      </trkpt>
      <trkpt lat="54.11516417" lon="13.82296639">
        <ele>1.692308</ele>
        <time>2026-07-01T07:24:12.156Z</time>
      </trkpt>
      <trkpt lat="54.11487945" lon="13.82186112">
        <ele>1.461538</ele>
        <time>2026-07-01T07:24:28.869Z</time>
      </trkpt>
      <trkpt lat="54.11432834" lon="13.82027084">
        <ele>1.384615</ele>
        <time>2026-07-01T07:24:54.438Z</time>
      </trkpt>
      <trkpt lat="54.11331612" lon="13.81850001">
        <ele>1.230769</ele>
        <time>2026-07-01T07:25:28.653Z</time>
      </trkpt>
      <trkpt lat="54.11237389" lon="13.81730973">
        <ele>1</ele>
        <time>2026-07-01T07:25:56.311Z</time>
      </trkpt>
      <trkpt lat="54.11104695" lon="13.81465001">
        <ele>0.6923077</ele>
        <time>2026-07-01T07:26:44.634Z</time>
      </trkpt>
      <trkpt lat="54.11113584" lon="13.81436445">
        <ele>0.3076923</ele>
        <time>2026-07-01T07:26:49.106Z</time>
      </trkpt>
      <trkpt lat="54.11146112" lon="13.81397">
        <ele>0</ele>
        <time>2026-07-01T07:26:58.517Z</time>
      </trkpt>
      <trkpt lat="54.11147195" lon="13.81330945">
        <ele>-0.4615385</ele>
        <time>2026-07-01T07:27:07.669Z</time>
      </trkpt>
      <trkpt lat="54.11138223" lon="13.8130425">
        <ele>-0.8461539</ele>
        <time>2026-07-01T07:27:11.925Z</time>
      </trkpt>
      <trkpt lat="54.1115" lon="13.81168139">
        <ele>-0.9230769</ele>
        <time>2026-07-01T07:27:30.979Z</time>
      </trkpt>
      <trkpt lat="54.11261195" lon="13.80564778">
        <ele>-1.076923</ele>
        <time>2026-07-01T07:28:58.554Z</time>
      </trkpt>
      <trkpt lat="54.11363334" lon="13.80014695">
        <ele>-1.230769</ele>
        <time>2026-07-01T07:30:18.448Z</time>
      </trkpt>
      <trkpt lat="54.11423834" lon="13.79673195">
        <ele>-1.384615</ele>
        <time>2026-07-01T07:31:07.844Z</time>
      </trkpt>
      <trkpt lat="54.11571251" lon="13.79441389">
        <ele>-1.461538</ele>
        <time>2026-07-01T07:31:55.15Z</time>
      </trkpt>
      <trkpt lat="54.11789695" lon="13.79096806">
        <ele>-1.461538</ele>
        <time>2026-07-01T07:33:05.35Z</time>
      </trkpt>
      <trkpt lat="54.11954278" lon="13.78835639">
        <ele>-1.384615</ele>
        <time>2026-07-01T07:33:58.386Z</time>
      </trkpt>
      <trkpt lat="54.12019723" lon="13.78727639">
        <ele>-1.307692</ele>
        <time>2026-07-01T07:34:19.871Z</time>
      </trkpt>
      <trkpt lat="54.12008195" lon="13.78692445">
        <ele>-1.153846</ele>
        <time>2026-07-01T07:34:25.446Z</time>
      </trkpt>
      <trkpt lat="54.1200225" lon="13.78662056">
        <ele>-1</ele>
        <time>2026-07-01T07:34:29.876Z</time>
      </trkpt>
      <trkpt lat="54.12011917" lon="13.78587528">
        <ele>-0.8461539</ele>
        <time>2026-07-01T07:34:40.444Z</time>
      </trkpt>
      <trkpt lat="54.12011362" lon="13.78535639">
        <ele>-0.6923077</ele>
        <time>2026-07-01T07:34:47.63Z</time>
      </trkpt>
      <trkpt lat="54.12006306" lon="13.78500389">
        <ele>-0.5384616</ele>
        <time>2026-07-01T07:34:52.649Z</time>
      </trkpt>
      <trkpt lat="54.12005528" lon="13.78461112">
        <ele>-0.3846154</ele>
        <time>2026-07-01T07:34:58.084Z</time>
      </trkpt>
      <trkpt lat="54.12020417" lon="13.78425001">
        <ele>-0.1538462</ele>
        <time>2026-07-01T07:35:04.188Z</time>
      </trkpt>
      <trkpt lat="54.12033334" lon="13.78378139">
        <ele>0.07692308</ele>
        <time>2026-07-01T07:35:11.349Z</time>
      </trkpt>
      <trkpt lat="54.12052556" lon="13.78276056">
        <ele>0.2307692</ele>
        <time>2026-07-01T07:35:26.192Z</time>
      </trkpt>
      <trkpt lat="54.12069528" lon="13.78228028">
        <ele>0.3076923</ele>
        <time>2026-07-01T07:35:33.946Z</time>
      </trkpt>
      <trkpt lat="54.12080862" lon="13.78142889">
        <ele>0.3076923</ele>
        <time>2026-07-01T07:35:46.034Z</time>
      </trkpt>
      <trkpt lat="54.12101195" lon="13.78070917">
        <ele>0.2307692</ele>
        <time>2026-07-01T07:35:57.092Z</time>
      </trkpt>
      <trkpt lat="54.12108889" lon="13.7797725">
        <ele>0.07692308</ele>
        <time>2026-07-01T07:36:10.188Z</time>
      </trkpt>
      <trkpt lat="54.12126139" lon="13.77883278">
        <ele>0.07692308</ele>
        <time>2026-07-01T07:36:23.82Z</time>
      </trkpt>
      <trkpt lat="54.12142917" lon="13.7779575">
        <ele>0.07692308</ele>
        <time>2026-07-01T07:36:36.568Z</time>
      </trkpt>
      <trkpt lat="54.12175723" lon="13.77735862">
        <ele>0</ele>
        <time>2026-07-01T07:36:47.906Z</time>
      </trkpt>
      <trkpt lat="54.12216778" lon="13.77717667">
        <ele>0</ele>
        <time>2026-07-01T07:36:57.905Z</time>
      </trkpt>
      <trkpt lat="54.12300834" lon="13.77721028">
        <ele>0</ele>
        <time>2026-07-01T07:37:17.723Z</time>
      </trkpt>
      <trkpt lat="54.12322834" lon="13.77745278">
        <ele>-0.07692308</ele>
        <time>2026-07-01T07:37:23.899Z</time>
      </trkpt>
      <trkpt lat="54.12366695" lon="13.77740806">
        <ele>-0.1538462</ele>
        <time>2026-07-01T07:37:34.256Z</time>
      </trkpt>
      <trkpt lat="54.12511889" lon="13.77780778">
        <ele>-0.2307692</ele>
        <time>2026-07-01T07:38:08.923Z</time>
      </trkpt>
      <trkpt lat="54.12573945" lon="13.77798473">
        <ele>-0.07692308</ele>
        <time>2026-07-01T07:38:23.753Z</time>
      </trkpt>
      <trkpt lat="54.12676389" lon="13.77776501">
        <ele>0.1538462</ele>
        <time>2026-07-01T07:38:48.09Z</time>
      </trkpt>
      <trkpt lat="54.12734306" lon="13.77738667">
        <ele>0.3846154</ele>
        <time>2026-07-01T07:39:02.71Z</time>
      </trkpt>
      <trkpt lat="54.12890584" lon="13.77655306">
        <ele>0.5384616</ele>
        <time>2026-07-01T07:39:41.312Z</time>
      </trkpt>
      <trkpt lat="54.13229223" lon="13.77448806">
        <ele>0.7692308</ele>
        <time>2026-07-01T07:41:06.097Z</time>
      </trkpt>
      <trkpt lat="54.13363667" lon="13.77377362">
        <ele>0.7692308</ele>
        <time>2026-07-01T07:41:39.294Z</time>
      </trkpt>
      <trkpt lat="54.13509084" lon="13.77379723">
        <ele>0.7692308</ele>
        <time>2026-07-01T07:42:13.572Z</time>
      </trkpt>
      <trkpt lat="54.13598445" lon="13.77344112">
        <ele>1.076923</ele>
        <time>2026-07-01T07:42:35.203Z</time>
      </trkpt>
      <trkpt lat="54.13590584" lon="13.77338862">
        <ele>1.272727</ele>
        <time>2026-07-01T07:42:37.193Z</time>
      </trkpt>
      <trkpt lat="54.13634528" lon="13.77417612">
        <ele>1.555556</ele>
        <time>2026-07-01T07:42:52.23Z</time>
      </trkpt>
      <trkpt lat="54.13773723" lon="13.77636362">
        <ele>1.714286</ele>
        <time>2026-07-01T07:43:36.875Z</time>
      </trkpt>
      <trkpt lat="54.13847612" lon="13.77743945">
        <ele>1.2</ele>
        <time>2026-07-01T07:43:59.789Z</time>
      </trkpt>
      <trkpt lat="54.13877556" lon="13.77793334">
        <ele>1.333333</ele>
        <time>2026-07-01T07:44:09.609Z</time>
      </trkpt>
      <trkpt lat="54.13891334" lon="13.77326306">
        <ele>4</ele>
        <time>2026-07-01T07:45:14.329Z</time>
      </trkpt>
    </trkseg>
  </trk>
</gpx>
