<?xml version="1.0" encoding="UTF-8" standalone="no" ?>
<gpx xmlns="http://www.topografix.com/GPX/1/1" creator="MapSource 6.16.3" version="1.1" xmlns:xsi="http://www.w3.org/2001/XMLSchema-instance" xsi:schemaLocation="http://www.topografix.com/GPX/1/1 http://www.topografix.com/GPX/1/1/gpx.xsd">

  <metadata>
    <link href="http://www.garmin.com">
      <text>Garmin International</text>
    </link>
    <time>2019-01-14T19:31:52Z</time>
    <bounds maxlat="51.74326398409903" maxlon="7.184069026261568" minlat="51.647817995399237" minlon="6.627299012616277"/>
  </metadata>

  <trk>
    <name>NW 2.06 Teil 1</name>
    <trkseg>
      <trkpt lat="51.655568992719054" lon="6.627850960940123">
        <ele>28.969000000000001</ele>
      </trkpt>
      <trkpt lat="51.654887963086367" lon="6.627504033967853">
        <ele>28.523</ele>
      </trkpt>
      <trkpt lat="51.654680008068681" lon="6.627358021214604">
        <ele>28.039999999999999</ele>
      </trkpt>
      <trkpt lat="51.654494013637304" lon="6.627299012616277">
        <ele>28.305</ele>
      </trkpt>
      <trkpt lat="51.653974000364542" lon="6.627631019800901">
        <ele>25.675999999999998</ele>
      </trkpt>
      <trkpt lat="51.653362037613988" lon="6.628184979781508">
        <ele>24.562999999999999</ele>
      </trkpt>
      <trkpt lat="51.653299005702138" lon="6.62820702418685">
        <ele>23.861999999999998</ele>
      </trkpt>
      <trkpt lat="51.653063977137208" lon="6.628168970346451">
        <ele>23.658000000000001</ele>
      </trkpt>
      <trkpt lat="51.653059031814337" lon="6.628190008923411">
        <ele>23.515000000000001</ele>
      </trkpt>
      <trkpt lat="51.65298099629581" lon="6.628244994208217">
        <ele>22.231000000000002</ele>
      </trkpt>
      <trkpt lat="51.652699029073119" lon="6.628196965903044">
        <ele>24.018999999999998</ele>
      </trkpt>
      <trkpt lat="51.652625016868114" lon="6.628224039450288">
        <ele>23.463999999999999</ele>
      </trkpt>
      <trkpt lat="51.652287980541587" lon="6.628300985321403">
        <ele>22.643000000000001</ele>
      </trkpt>
      <trkpt lat="51.652113972231746" lon="6.628362005576491">
        <ele>22.640000000000001</ele>
      </trkpt>
      <trkpt lat="51.651982963085175" lon="6.628438029438257">
        <ele>21.891999999999999</ele>
      </trkpt>
      <trkpt lat="51.65180099196732" lon="6.628654031082988">
        <ele>20.334</ele>
      </trkpt>
      <trkpt lat="51.651490023359656" lon="6.629364984109998">
        <ele>20.431000000000001</ele>
      </trkpt>
      <trkpt lat="51.651341998949647" lon="6.629869993776083">
        <ele>20.677</ele>
      </trkpt>
      <trkpt lat="51.651314003393054" lon="6.629995973780751">
        <ele>20.608000000000001</ele>
      </trkpt>
      <trkpt lat="51.651163967326283" lon="6.630981015041471">
        <ele>21.901</ele>
      </trkpt>
      <trkpt lat="51.651129014790058" lon="6.632197983562946">
        <ele>22.457000000000001</ele>
      </trkpt>
      <trkpt lat="51.651254994794726" lon="6.633289977908135">
        <ele>22.846</ele>
      </trkpt>
      <trkpt lat="51.651425985619426" lon="6.634537037461996">
        <ele>24.622</ele>
      </trkpt>
      <trkpt lat="51.651673000305891" lon="6.63566398434341">
        <ele>26.309000000000001</ele>
      </trkpt>
      <trkpt lat="51.65201498195529" lon="6.63615700788796">
        <ele>26.411999999999999</ele>
      </trkpt>
      <trkpt lat="51.652112966403365" lon="6.63624401204288">
        <ele>28.192</ele>
      </trkpt>
      <trkpt lat="51.652292003855109" lon="6.636355994269252">
        <ele>27.771000000000001</ele>
      </trkpt>
      <trkpt lat="51.652518985792994" lon="6.636506030336022">
        <ele>26.667999999999999</ele>
      </trkpt>
      <trkpt lat="51.652608001604676" lon="6.636584987863898">
        <ele>26.658000000000001</ele>
      </trkpt>
      <trkpt lat="51.652611019089818" lon="6.636877013370395">
        <ele>26.632999999999999</ele>
      </trkpt>
      <trkpt lat="51.652511022984982" lon="6.637342963367701">
        <ele>27.722000000000001</ele>
      </trkpt>
      <trkpt lat="51.652399962767959" lon="6.638579964637756">
        <ele>26.541</ele>
      </trkpt>
      <trkpt lat="51.652360986918211" lon="6.639600964263082">
        <ele>27.085999999999999</ele>
      </trkpt>
      <trkpt lat="51.652456037700176" lon="6.64067099802196">
        <ele>26.672999999999998</ele>
      </trkpt>
      <trkpt lat="51.652567014098167" lon="6.641560988500714">
        <ele>23.454000000000001</ele>
      </trkpt>
      <trkpt lat="51.652677990496159" lon="6.64230396039784">
        <ele>22.809000000000001</ele>
      </trkpt>
      <trkpt lat="51.652717972174287" lon="6.64271199144423">
        <ele>22.641999999999999</ele>
      </trkpt>
      <trkpt lat="51.652748985216022" lon="6.643295958638191">
        <ele>22.605</ele>
      </trkpt>
      <trkpt lat="51.652758037671447" lon="6.64372100494802">
        <ele>21.759</ele>
      </trkpt>
      <trkpt lat="51.652718978002667" lon="6.643819995224476">
        <ele>21.513000000000002</ele>
      </trkpt>
      <trkpt lat="51.652555027976632" lon="6.644211011007428">
        <ele>21.116</ele>
      </trkpt>
      <trkpt lat="51.652514040470123" lon="6.644276976585388">
        <ele>20.728000000000002</ele>
      </trkpt>
      <trkpt lat="51.652393005788326" lon="6.644473029300571">
        <ele>20.347999999999999</ele>
      </trkpt>
      <trkpt lat="51.652247998863459" lon="6.644647959619761">
        <ele>20.280999999999999</ele>
      </trkpt>
      <trkpt lat="51.652110032737255" lon="6.644806964322925">
        <ele>21.946000000000002</ele>
      </trkpt>
      <trkpt lat="51.651999978348613" lon="6.644953982904553">
        <ele>21.870999999999999</ele>
      </trkpt>
      <trkpt lat="51.651740977540612" lon="6.645378023386002">
        <ele>21.824999999999999</ele>
      </trkpt>
      <trkpt lat="51.651625977829099" lon="6.645965008065105">
        <ele>22.138999999999999</ele>
      </trkpt>
      <trkpt lat="51.651598988100886" lon="6.646274970844388">
        <ele>22.468</ele>
      </trkpt>
      <trkpt lat="51.651591025292873" lon="6.64692398160696">
        <ele>21.640000000000001</ele>
      </trkpt>
      <trkpt lat="51.651573004201055" lon="6.647388003766537">
        <ele>22.445</ele>
      </trkpt>
      <trkpt lat="51.65156302973628" lon="6.647536028176546">
        <ele>22.248999999999999</ele>
      </trkpt>
      <trkpt lat="51.651566969230771" lon="6.647989992052317">
        <ele>21.972999999999999</ele>
      </trkpt>
      <trkpt lat="51.651558000594378" lon="6.648317975923419">
        <ele>22.649000000000001</ele>
      </trkpt>
      <trkpt lat="51.651553977280855" lon="6.648543030023575">
        <ele>22.835000000000001</ele>
      </trkpt>
      <trkpt lat="51.651550959795713" lon="6.648755008354783">
        <ele>22.655000000000001</ele>
      </trkpt>
      <trkpt lat="51.651727985590696" lon="6.649030018597841">
        <ele>23.077999999999999</ele>
      </trkpt>
      <trkpt lat="51.652177004143596" lon="6.649321960285306">
        <ele>22.942</ele>
      </trkpt>
      <trkpt lat="51.65214498527348" lon="6.649594958871603">
        <ele>22.913</ele>
      </trkpt>
      <trkpt lat="51.651818007230759" lon="6.650330973789096">
        <ele>23.683</ele>
      </trkpt>
      <trkpt lat="51.651452975347638" lon="6.651131026446819">
        <ele>22.32</ele>
      </trkpt>
      <trkpt lat="51.651281984522939" lon="6.651549031957984">
        <ele>21.408000000000001</ele>
      </trkpt>
      <trkpt lat="51.651213001459837" lon="6.651788000017405">
        <ele>21.344999999999999</ele>
      </trkpt>
      <trkpt lat="51.650936985388398" lon="6.652452014386654">
        <ele>21.722999999999999</ele>
      </trkpt>
      <trkpt lat="51.650634985417128" lon="6.653170008212328">
        <ele>21.864000000000001</ele>
      </trkpt>
      <trkpt lat="51.650270037353039" lon="6.65399101562798">
        <ele>21.556000000000001</ele>
      </trkpt>
      <trkpt lat="51.64986502379179" lon="6.65491696447134">
        <ele>21.925999999999998</ele>
      </trkpt>
      <trkpt lat="51.649556988850236" lon="6.655663959681988">
        <ele>21.664000000000001</ele>
      </trkpt>
      <trkpt lat="51.649086009711027" lon="6.656698035076261">
        <ele>21.829999999999998</ele>
      </trkpt>
      <trkpt lat="51.648616036400199" lon="6.657780976966023">
        <ele>20.600999999999999</ele>
      </trkpt>
      <trkpt lat="51.647973982617259" lon="6.659253006801009">
        <ele>21.013000000000002</ele>
      </trkpt>
      <trkpt lat="51.647850014269352" lon="6.659738989546895">
        <ele>21.297999999999998</ele>
      </trkpt>
      <trkpt lat="51.647817995399237" lon="6.66007099673152">
        <ele>21.285</ele>
      </trkpt>
      <trkpt lat="51.647829981520772" lon="6.660563014447689">
        <ele>22.850000000000001</ele>
      </trkpt>
      <trkpt lat="51.647850014269352" lon="6.660812040790916">
        <ele>21.102</ele>
      </trkpt>
      <trkpt lat="51.647855965420604" lon="6.661693984642625">
        <ele>21.343</ele>
      </trkpt>
      <trkpt lat="51.647860994562507" lon="6.661862963810563">
        <ele>20.760000000000002</ele>
      </trkpt>
      <trkpt lat="51.648006001487374" lon="6.661930019035935">
        <ele>21.085000000000001</ele>
      </trkpt>
      <trkpt lat="51.648353012278676" lon="6.661932030692697">
        <ele>21.228999999999999</ele>
      </trkpt>
      <trkpt lat="51.648691976442933" lon="6.66189800016582">
        <ele>21.475000000000001</ele>
      </trkpt>
      <trkpt lat="51.648934967815876" lon="6.66191702708602">
        <ele>20.856000000000002</ele>
      </trkpt>
      <trkpt lat="51.649302011355758" lon="6.661995984613895">
        <ele>22.297999999999998</ele>
      </trkpt>
      <trkpt lat="51.649796962738037" lon="6.662101009860635">
        <ele>23.321000000000002</ele>
      </trkpt>
      <trkpt lat="51.650082031264901" lon="6.661994978785515">
        <ele>23.838000000000001</ele>
      </trkpt>
      <trkpt lat="51.650330973789096" lon="6.661852989345789">
        <ele>23.975000000000001</ele>
      </trkpt>
      <trkpt lat="51.650549992918968" lon="6.661713011562824">
        <ele>23.503</ele>
      </trkpt>
      <trkpt lat="51.650975039228797" lon="6.661388967186213">
        <ele>23.23</ele>
      </trkpt>
      <trkpt lat="51.651168996468186" lon="6.661224011331797">
        <ele>24.654</ele>
      </trkpt>
      <trkpt lat="51.651446018368006" lon="6.661045979708433">
        <ele>24.492000000000001</ele>
      </trkpt>
      <trkpt lat="51.651852037757635" lon="6.660743979737163">
        <ele>24.239000000000001</ele>
      </trkpt>
      <trkpt lat="51.652150014415383" lon="6.660631997510791">
        <ele>23.826000000000001</ele>
      </trkpt>
      <trkpt lat="51.652548993006349" lon="6.660637026652694">
        <ele>24.544</ele>
      </trkpt>
      <trkpt lat="51.652631973847747" lon="6.66060802526772">
        <ele>24.620000000000001</ele>
      </trkpt>
      <trkpt lat="51.652819979935884" lon="6.660538958385587">
        <ele>24.155000000000001</ele>
      </trkpt>
      <trkpt lat="51.653171014040709" lon="6.660341983661056">
        <ele>23.789000000000001</ele>
      </trkpt>
      <trkpt lat="51.653493968769908" lon="6.660203011706471">
        <ele>24.413</ele>
      </trkpt>
      <trkpt lat="51.653816001489758" lon="6.660076025873423">
        <ele>24.260999999999999</ele>
      </trkpt>
      <trkpt lat="51.654201988130808" lon="6.6599200386554">
        <ele>24.948</ele>
      </trkpt>
      <trkpt lat="51.654380019754171" lon="6.65994300507009">
        <ele>25.457999999999998</ele>
      </trkpt>
      <trkpt lat="51.654413966462016" lon="6.660288004204631">
        <ele>25.831</ele>
      </trkpt>
      <trkpt lat="51.654474986717105" lon="6.660940032452345">
        <ele>26.260000000000002</ele>
      </trkpt>
      <trkpt lat="51.654500970616937" lon="6.661230968311429">
        <ele>26.297999999999998</ele>
      </trkpt>
      <trkpt lat="51.654498958960176" lon="6.661324007436633">
        <ele>26.382000000000001</ele>
      </trkpt>
      <trkpt lat="51.654385970905423" lon="6.661512013524771">
        <ele>24.806000000000001</ele>
      </trkpt>
      <trkpt lat="51.654387982562184" lon="6.661680992692709">
        <ele>24.335000000000001</ele>
      </trkpt>
      <trkpt lat="51.654398962855339" lon="6.661891965195537">
        <ele>24.792999999999999</ele>
      </trkpt>
      <trkpt lat="51.65439996868372" lon="6.662098998203874">
        <ele>25.626999999999999</ele>
      </trkpt>
      <trkpt lat="51.654423018917441" lon="6.662340983748436">
        <ele>24.829000000000001</ele>
      </trkpt>
      <trkpt lat="51.654487978667021" lon="6.663026036694646">
        <ele>25.641999999999999</ele>
      </trkpt>
      <trkpt lat="51.654567020013928" lon="6.663704970851541">
        <ele>25.271000000000001</ele>
      </trkpt>
      <trkpt lat="51.654609013348818" lon="6.664091041311622">
        <ele>25.350999999999999</ele>
      </trkpt>
      <trkpt lat="51.654642038047314" lon="6.664410978555679">
        <ele>25.408000000000001</ele>
      </trkpt>
      <trkpt lat="51.654648995026946" lon="6.664570989087224">
        <ele>25.146000000000001</ele>
      </trkpt>
      <trkpt lat="51.654697023332119" lon="6.664994023740292">
        <ele>24.844000000000001</ele>
      </trkpt>
      <trkpt lat="51.654708003625274" lon="6.665231985971332">
        <ele>24.440999999999999</ele>
      </trkpt>
      <trkpt lat="51.65472200140357" lon="6.665531974285841">
        <ele>25.227</ele>
      </trkpt>
      <trkpt lat="51.654762988910079" lon="6.666165981441736">
        <ele>24.812999999999999</ele>
      </trkpt>
      <trkpt lat="51.654800036922097" lon="6.666436968371272">
        <ele>25.661000000000001</ele>
      </trkpt>
      <trkpt lat="51.654953006654978" lon="6.667858958244324">
        <ele>26.094999999999999</ele>
      </trkpt>
      <trkpt lat="51.65502198971808" lon="6.668391963467002">
        <ele>25.120000000000001</ele>
      </trkpt>
      <trkpt lat="51.655060965567827" lon="6.66885900311172">
        <ele>26.396000000000001</ele>
      </trkpt>
      <trkpt lat="51.655160961672664" lon="6.669571967795491">
        <ele>25.539999999999999</ele>
      </trkpt>
      <trkpt lat="51.655275961384177" lon="6.669630976393819">
        <ele>25.562999999999999</ele>
      </trkpt>
      <trkpt lat="51.655380986630917" lon="6.669670036062598">
        <ele>24.957999999999998</ele>
      </trkpt>
      <trkpt lat="51.655585002154112" lon="6.669599963352084">
        <ele>26.088000000000001</ele>
      </trkpt>
      <trkpt lat="51.655609980225563" lon="6.66986801661551">
        <ele>26.335999999999999</ele>
      </trkpt>
      <trkpt lat="51.655620038509369" lon="6.670374032109976">
        <ele>27.236000000000001</ele>
      </trkpt>
      <trkpt lat="51.655629007145762" lon="6.670815004035831">
        <ele>26.731000000000002</ele>
      </trkpt>
      <trkpt lat="51.655640993267298" lon="6.671096971258521">
        <ele>27.146999999999998</ele>
      </trkpt>
      <trkpt lat="51.655671000480652" lon="6.671668030321598">
        <ele>27.152000000000001</ele>
      </trkpt>
      <trkpt lat="51.655686004087329" lon="6.671945974230766">
        <ele>27.138999999999999</ele>
      </trkpt>
      <trkpt lat="51.655741995200515" lon="6.672779973596335">
        <ele>26.556000000000001</ele>
      </trkpt>
      <trkpt lat="51.655749035999179" lon="6.672847028821707">
        <ele>26.867000000000001</ele>
      </trkpt>
      <trkpt lat="51.655807038769126" lon="6.673814970999956">
        <ele>27.003</ele>
      </trkpt>
      <trkpt lat="51.655924972146749" lon="6.674354011192918">
        <ele>26.344000000000001</ele>
      </trkpt>
      <trkpt lat="51.655937964096665" lon="6.67446599341929">
        <ele>26.771000000000001</ele>
      </trkpt>
      <trkpt lat="51.65605497546494" lon="6.675429996103048">
        <ele>23.658999999999999</ele>
      </trkpt>
      <trkpt lat="51.656153965741396" lon="6.676286961883307">
        <ele>23.085999999999999</ele>
      </trkpt>
      <trkpt lat="51.656197970733047" lon="6.676644030958414">
        <ele>23.777999999999999</ele>
      </trkpt>
      <trkpt lat="51.656325962394476" lon="6.677566040307283">
        <ele>23.309000000000001</ele>
      </trkpt>
      <trkpt lat="51.656414978206158" lon="6.678203986957669">
        <ele>24.024999999999999</ele>
      </trkpt>
      <trkpt lat="51.656378014013171" lon="6.678593996912241">
        <ele>25.742999999999999</ele>
      </trkpt>
      <trkpt lat="51.656308025121689" lon="6.678812010213733">
        <ele>25.658000000000001</ele>
      </trkpt>
      <trkpt lat="51.656182967126369" lon="6.679116021841765">
        <ele>22.957999999999998</ele>
      </trkpt>
      <trkpt lat="51.656186990439892" lon="6.679273014888167">
        <ele>23.315999999999999</ele>
      </trkpt>
      <trkpt lat="51.656343983486295" lon="6.680302983149886">
        <ele>24.501999999999999</ele>
      </trkpt>
      <trkpt lat="51.656426964327693" lon="6.680889967828989">
        <ele>26.812999999999999</ele>
      </trkpt>
      <trkpt lat="51.656512962654233" lon="6.681414004415274">
        <ele>28.271999999999998</ele>
      </trkpt>
      <trkpt lat="51.656595021486282" lon="6.681981962174177">
        <ele>29.957000000000001</ele>
      </trkpt>
      <trkpt lat="51.656645983457565" lon="6.682298965752125">
        <ele>30.045999999999999</ele>
      </trkpt>
      <trkpt lat="51.656760983169079" lon="6.683046966791153">
        <ele>29.591000000000001</ele>
      </trkpt>
      <trkpt lat="51.656847987323999" lon="6.68370402418077">
        <ele>29.809000000000001</ele>
      </trkpt>
      <trkpt lat="51.657040016725659" lon="6.684921998530626">
        <ele>29.684000000000001</ele>
      </trkpt>
      <trkpt lat="51.657219976186752" lon="6.685734959319234">
        <ele>26.933</ele>
      </trkpt>
      <trkpt lat="51.657322989776731" lon="6.686223037540913">
        <ele>26.446999999999999</ele>
      </trkpt>
      <trkpt lat="51.6573850158602" lon="6.68641003780067">
        <ele>26.434000000000001</ele>
      </trkpt>
      <trkpt lat="51.657472020015121" lon="6.686569964513183">
        <ele>26.292999999999999</ele>
      </trkpt>
      <trkpt lat="51.657505966722965" lon="6.686794012784958">
        <ele>26.271999999999998</ele>
      </trkpt>
      <trkpt lat="51.657572016119957" lon="6.687101041898131">
        <ele>26.472999999999999</ele>
      </trkpt>
      <trkpt lat="51.657593976706266" lon="6.687231967225671">
        <ele>26.379999999999999</ele>
      </trkpt>
      <trkpt lat="51.657652985304594" lon="6.687631029635668">
        <ele>26.433</ele>
      </trkpt>
      <trkpt lat="51.657722974196076" lon="6.687891036272049">
        <ele>26.890000000000001</ele>
      </trkpt>
      <trkpt lat="51.65781601332128" lon="6.688544992357492">
        <ele>25.545999999999999</ele>
      </trkpt>
      <trkpt lat="51.657892959192395" lon="6.689091995358467">
        <ele>25.637</ele>
      </trkpt>
      <trkpt lat="51.657949034124613" lon="6.689489968121052">
        <ele>26.280999999999999</ele>
      </trkpt>
      <trkpt lat="51.658065039664507" lon="6.690339976921678">
        <ele>26.128</ele>
      </trkpt>
      <trkpt lat="51.65809404104948" lon="6.690533012151718">
        <ele>26.640999999999998</ele>
      </trkpt>
      <trkpt lat="51.658127987757325" lon="6.690754964947701">
        <ele>26.408999999999999</ele>
      </trkpt>
      <trkpt lat="51.658248016610742" lon="6.691564992070198">
        <ele>26.109999999999999</ele>
      </trkpt>
      <trkpt lat="51.658339966088533" lon="6.692321039736271">
        <ele>25.536000000000001</ele>
      </trkpt>
      <trkpt lat="51.658511962741613" lon="6.693346984684467">
        <ele>25.827999999999999</ele>
      </trkpt>
      <trkpt lat="51.658579017966986" lon="6.69360900297761">
        <ele>25.532</ele>
      </trkpt>
      <trkpt lat="51.65873902849853" lon="6.69423202984035">
        <ele>24.556000000000001</ele>
      </trkpt>
      <trkpt lat="51.658904990181327" lon="6.695343973115087">
        <ele>25.353000000000002</ele>
      </trkpt>
      <trkpt lat="51.659129960462451" lon="6.696762023493648">
        <ele>26.009</ele>
      </trkpt>
      <trkpt lat="51.659385021775961" lon="6.698275962844491">
        <ele>25.341000000000001</ele>
      </trkpt>
      <trkpt lat="51.659531034529209" lon="6.699184980243444">
        <ele>25.899000000000001</ele>
      </trkpt>
      <trkpt lat="51.659483006224036" lon="6.699428977444768">
        <ele>26.594999999999999</ele>
      </trkpt>
      <trkpt lat="51.659417040646076" lon="6.699514975771308">
        <ele>27.044</ele>
      </trkpt>
      <trkpt lat="51.659460961818695" lon="6.699889982119203">
        <ele>27.352</ele>
      </trkpt>
      <trkpt lat="51.65959901176393" lon="6.70050404034555">
        <ele>26.884</ele>
      </trkpt>
      <trkpt lat="51.65972800925374" lon="6.701178029179573">
        <ele>26.462</ele>
      </trkpt>
      <trkpt lat="51.659821970388293" lon="6.701962994411588">
        <ele>26.949999999999999</ele>
      </trkpt>
      <trkpt lat="51.659852983430028" lon="6.702277986332774">
        <ele>26.736999999999998</ele>
      </trkpt>
      <trkpt lat="51.659852983430028" lon="6.702492982149124">
        <ele>25.981000000000002</ele>
      </trkpt>
      <trkpt lat="51.660018023103476" lon="6.703618001192808">
        <ele>26.483000000000001</ele>
      </trkpt>
      <trkpt lat="51.660211980342865" lon="6.704820971935988">
        <ele>26.213999999999999</ele>
      </trkpt>
      <trkpt lat="51.66047902777791" lon="6.706553008407354">
        <ele>25.876999999999999</ele>
      </trkpt>
      <trkpt lat="51.660582963377237" lon="6.707263961434364">
        <ele>26.117999999999999</ele>
      </trkpt>
      <trkpt lat="51.660653036087751" lon="6.707493960857391">
        <ele>25.867999999999999</ele>
      </trkpt>
      <trkpt lat="51.660807011649013" lon="6.708099972456694">
        <ele>26.146000000000001</ele>
      </trkpt>
      <trkpt lat="51.660839030519128" lon="6.708385962992907">
        <ele>25.712</ele>
      </trkpt>
      <trkpt lat="51.660988982766867" lon="6.709348959848285">
        <ele>26.094000000000001</ele>
      </trkpt>
      <trkpt lat="51.661133989691734" lon="6.710468027740717">
        <ele>25.82</ele>
      </trkpt>
      <trkpt lat="51.661237003281713" lon="6.710903970524669">
        <ele>26.173999999999999</ele>
      </trkpt>
      <trkpt lat="51.66123297996819" lon="6.711003966629505">
        <ele>26.498000000000001</ele>
      </trkpt>
      <trkpt lat="51.661223005503416" lon="6.711329016834498">
        <ele>26.138000000000002</ele>
      </trkpt>
      <trkpt lat="51.661243038251996" lon="6.711578965187073">
        <ele>26.202999999999999</ele>
      </trkpt>
      <trkpt lat="51.661281008273363" lon="6.711761020123959">
        <ele>25.686</ele>
      </trkpt>
      <trkpt lat="51.661455016583204" lon="6.712920991703868">
        <ele>25.978999999999999</ele>
      </trkpt>
      <trkpt lat="51.66172600351274" lon="6.714673982933164">
        <ele>25.966000000000001</ele>
      </trkpt>
      <trkpt lat="51.661880984902382" lon="6.715634968131781">
        <ele>25.806999999999999</ele>
      </trkpt>
      <trkpt lat="51.66204996407032" lon="6.716721011325717">
        <ele>25.919</ele>
      </trkpt>
      <trkpt lat="51.662075025960803" lon="6.716924021020532">
        <ele>25.440000000000001</ele>
      </trkpt>
      <trkpt lat="51.662125987932086" lon="6.717143962159753">
        <ele>25.222999999999999</ele>
      </trkpt>
      <trkpt lat="51.662227995693684" lon="6.717726001515985">
        <ele>25.379999999999999</ele>
      </trkpt>
      <trkpt lat="51.662276023998857" lon="6.717937979847193">
        <ele>24.859000000000002</ele>
      </trkpt>
      <trkpt lat="51.662404015660286" lon="6.718739038333297">
        <ele>24.649000000000001</ele>
      </trkpt>
      <trkpt lat="51.662433017045259" lon="6.71896300278604">
        <ele>24.411000000000001</ele>
      </trkpt>
      <trkpt lat="51.662546005100012" lon="6.719690971076489">
        <ele>25.125</ele>
      </trkpt>
      <trkpt lat="51.662583975121379" lon="6.720202015712857">
        <ele>25.524999999999999</ele>
      </trkpt>
      <trkpt lat="51.662594033405185" lon="6.720291031524539">
        <ele>25.844000000000001</ele>
      </trkpt>
      <trkpt lat="51.66264901868999" lon="6.72050803899765">
        <ele>25.648</ele>
      </trkpt>
      <trkpt lat="51.662712972611189" lon="6.720634019002318">
        <ele>25.204000000000001</ele>
      </trkpt>
      <trkpt lat="51.662795031443238" lon="6.721399035304785">
        <ele>24.734000000000002</ele>
      </trkpt>
      <trkpt lat="51.662966022267938" lon="6.722590019926429">
        <ele>24.379000000000001</ele>
      </trkpt>
      <trkpt lat="51.663078004494309" lon="6.723384037613869">
        <ele>25.312000000000001</ele>
      </trkpt>
      <trkpt lat="51.663112035021186" lon="6.723616970703006">
        <ele>25.015999999999998</ele>
      </trkpt>
      <trkpt lat="51.663176994770765" lon="6.723963981494308">
        <ele>25.314</ele>
      </trkpt>
      <trkpt lat="51.663243966177106" lon="6.724514001980424">
        <ele>24.988</ele>
      </trkpt>
      <trkpt lat="51.663267016410828" lon="6.724995961412787">
        <ele>26.390000000000001</ele>
      </trkpt>
      <trkpt lat="51.663301968947053" lon="6.725244987756014">
        <ele>25.946000000000002</ele>
      </trkpt>
      <trkpt lat="51.663435995578766" lon="6.725996006280184">
        <ele>24.587</ele>
      </trkpt>
      <trkpt lat="51.663497015833855" lon="6.72620203346014">
        <ele>24.882000000000001</ele>
      </trkpt>
      <trkpt lat="51.663561975583434" lon="6.726581985130906">
        <ele>25.082000000000001</ele>
      </trkpt>
      <trkpt lat="51.663562981411815" lon="6.726818019524217">
        <ele>24.763999999999999</ele>
      </trkpt>
      <trkpt lat="51.663686027750373" lon="6.727518998086453">
        <ele>26.361000000000001</ele>
      </trkpt>
      <trkpt lat="51.663748975843191" lon="6.727933986112475">
        <ele>26.106999999999999</ele>
      </trkpt>
      <trkpt lat="51.663833968341351" lon="6.728720963001251">
        <ele>25.984000000000002</ele>
      </trkpt>
      <trkpt lat="51.663876967504621" lon="6.728907963261008">
        <ele>25.879999999999999</ele>
      </trkpt>
      <trkpt lat="51.663939999416471" lon="6.72918900847435">
        <ele>26.234999999999999</ele>
      </trkpt>
      <trkpt lat="51.664038989692926" lon="6.730039017274976">
        <ele>25.140999999999998</ele>
      </trkpt>
      <trkpt lat="51.664072014391422" lon="6.730385022237897">
        <ele>26.198</ele>
      </trkpt>
      <trkpt lat="51.66404795832932" lon="6.730584008619189">
        <ele>26.602</ele>
      </trkpt>
      <trkpt lat="51.664019040763378" lon="6.730691967532039">
        <ele>27.088000000000001</ele>
      </trkpt>
      <trkpt lat="51.664096992462873" lon="6.731055993586779">
        <ele>26.902000000000001</ele>
      </trkpt>
      <trkpt lat="51.664259014651179" lon="6.732061989605427">
        <ele>27.963000000000001</ele>
      </trkpt>
      <trkpt lat="51.664366973564029" lon="6.732716029509902">
        <ele>28.611000000000001</ele>
      </trkpt>
      <trkpt lat="51.664461018517613" lon="6.73333402723074">
        <ele>28.931999999999999</ele>
      </trkpt>
      <trkpt lat="51.664574006572366" lon="6.73408797942102">
        <ele>29.399999999999999</ele>
      </trkpt>
      <trkpt lat="51.664623962715268" lon="6.734359972178936">
        <ele>29.872</ele>
      </trkpt>
      <trkpt lat="51.664729993790388" lon="6.73503496684134">
        <ele>29.706</ele>
      </trkpt>
      <trkpt lat="51.664807023480535" lon="6.735690012574196">
        <ele>29.082000000000001</ele>
      </trkpt>
      <trkpt lat="51.664827978238463" lon="6.735772993415594">
        <ele>29.658000000000001</ele>
      </trkpt>
      <trkpt lat="51.665021013468504" lon="6.735728988423944">
        <ele>28.359000000000002</ele>
      </trkpt>
      <trkpt lat="51.665123021230102" lon="6.736122015863657">
        <ele>28.224</ele>
      </trkpt>
      <trkpt lat="51.665156967937946" lon="6.736312033608556">
        <ele>28.248000000000001</ele>
      </trkpt>
      <trkpt lat="51.665193010121584" lon="6.736511019989848">
        <ele>27.75</ele>
      </trkpt>
      <trkpt lat="51.665289988741279" lon="6.737345019355416">
        <ele>28.945</ele>
      </trkpt>
      <trkpt lat="51.665330976247787" lon="6.73761298879981">
        <ele>28.507999999999999</ele>
      </trkpt>
      <trkpt lat="51.665502972900867" lon="6.737866960465908">
        <ele>28.356000000000002</ele>
      </trkpt>
      <trkpt lat="51.665960038080812" lon="6.737985983490944">
        <ele>28.698</ele>
      </trkpt>
      <trkpt lat="51.666085012257099" lon="6.738353027030826">
        <ele>27.992999999999999</ele>
      </trkpt>
      <trkpt lat="51.666233036667109" lon="6.739590028300881">
        <ele>27.856999999999999</ele>
      </trkpt>
      <trkpt lat="51.666328003630042" lon="6.739764036610723">
        <ele>28.163</ele>
      </trkpt>
      <trkpt lat="51.66647401638329" lon="6.739785997197032">
        <ele>28.818000000000001</ele>
      </trkpt>
      <trkpt lat="51.666537970304489" lon="6.740111969411373">
        <ele>28.324000000000002</ele>
      </trkpt>
      <trkpt lat="51.666609970852733" lon="6.740978993475437">
        <ele>28.140999999999998</ele>
      </trkpt>
      <trkpt lat="51.666718013584614" lon="6.742107030004263">
        <ele>28.481000000000002</ele>
      </trkpt>
      <trkpt lat="51.666853968054056" lon="6.742959972470999">
        <ele>28.106000000000002</ele>
      </trkpt>
      <trkpt lat="51.666810968890786" lon="6.743072038516402">
        <ele>28.742999999999999</ele>
      </trkpt>
      <trkpt lat="51.666694041341543" lon="6.743182009086013">
        <ele>29.004999999999999</ele>
      </trkpt>
      <trkpt lat="51.66634501889348" lon="6.743560032919049">
        <ele>28.710000000000001</ele>
      </trkpt>
      <trkpt lat="51.66617201641202" lon="6.743779974058271">
        <ele>28.867000000000001</ele>
      </trkpt>
      <trkpt lat="51.666096998378634" lon="6.743849962949753">
        <ele>29.062999999999999</ele>
      </trkpt>
      <trkpt lat="51.666149972006679" lon="6.744191022589803">
        <ele>28.053000000000001</ele>
      </trkpt>
      <trkpt lat="51.666205963119864" lon="6.744662001729012">
        <ele>28.468</ele>
      </trkpt>
      <trkpt lat="51.666234964504838" lon="6.744947992265225">
        <ele>27.670000000000002</ele>
      </trkpt>
      <trkpt lat="51.666251979768276" lon="6.745062991976738">
        <ele>28.454000000000001</ele>
      </trkpt>
      <trkpt lat="51.666295984759927" lon="6.745293997228146">
        <ele>27.48</ele>
      </trkpt>
      <trkpt lat="51.666406961157918" lon="6.746039986610413">
        <ele>26.576000000000001</ele>
      </trkpt>
      <trkpt lat="51.666522966697812" lon="6.746783964335918">
        <ele>28.227</ele>
      </trkpt>
      <trkpt lat="51.666549034416676" lon="6.747006000950933">
        <ele>28.295000000000002</ele>
      </trkpt>
      <trkpt lat="51.666593961417675" lon="6.747296014800668">
        <ele>27.867000000000001</ele>
      </trkpt>
      <trkpt lat="51.666706027463078" lon="6.74786196090281">
        <ele>27.969999999999999</ele>
      </trkpt>
      <trkpt lat="51.666795965284109" lon="6.748379040509462">
        <ele>27.506</ele>
      </trkpt>
      <trkpt lat="51.666910964995623" lon="6.74921496771276">
        <ele>27.704999999999998</ele>
      </trkpt>
      <trkpt lat="51.66694700717926" lon="6.74968502484262">
        <ele>27.904</ele>
      </trkpt>
      <trkpt lat="51.667028982192278" lon="6.750214006751776">
        <ele>28.654</ele>
      </trkpt>
      <trkpt lat="51.667125038802624" lon="6.750833010300994">
        <ele>28.018999999999998</ele>
      </trkpt>
      <trkpt lat="51.667236015200615" lon="6.751523008570075">
        <ele>28.064</ele>
      </trkpt>
      <trkpt lat="51.667254036292434" lon="6.75168402493">
        <ele>28.148</ele>
      </trkpt>
      <trkpt lat="51.667295023798943" lon="6.751943025738001">
        <ele>28.007000000000001</ele>
      </trkpt>
      <trkpt lat="51.667410023510456" lon="6.752732014283538">
        <ele>28.786000000000001</ele>
      </trkpt>
      <trkpt lat="51.66741899214685" lon="6.752862017601728">
        <ele>28.332000000000001</ele>
      </trkpt>
      <trkpt lat="51.667447993531823" lon="6.75312202423811">
        <ele>28.841999999999999</ele>
      </trkpt>
      <trkpt lat="51.667489986866713" lon="6.753306007012725">
        <ele>28.716000000000001</ele>
      </trkpt>
      <trkpt lat="51.667671035975218" lon="6.753498036414385">
        <ele>28.148</ele>
      </trkpt>
      <trkpt lat="51.667787041515112" lon="6.753714038059115">
        <ele>28.559000000000001</ele>
      </trkpt>
      <trkpt lat="51.667886031791568" lon="6.754404958337545">
        <ele>28.631</ele>
      </trkpt>
      <trkpt lat="51.667957026511431" lon="6.754900999367237">
        <ele>28.867000000000001</ele>
      </trkpt>
      <trkpt lat="51.668060962110758" lon="6.755526959896088">
        <ele>28.597000000000001</ele>
      </trkpt>
      <trkpt lat="51.668104967102408" lon="6.755826026201248">
        <ele>27.748000000000001</ele>
      </trkpt>
      <trkpt lat="51.668133968487382" lon="6.756045967340469">
        <ele>28.207000000000001</ele>
      </trkpt>
      <trkpt lat="51.668178979307413" lon="6.756469001993537">
        <ele>28.082999999999998</ele>
      </trkpt>
      <trkpt lat="51.668215021491051" lon="6.756751975044608">
        <ele>27.550999999999998</ele>
      </trkpt>
      <trkpt lat="51.668308982625604" lon="6.757479021325707">
        <ele>27.626999999999999</ele>
      </trkpt>
      <trkpt lat="51.66836204007268" lon="6.757867019623518">
        <ele>27.818999999999999</ele>
      </trkpt>
      <trkpt lat="51.668446026742458" lon="6.758406981825829">
        <ele>28.009</ele>
      </trkpt>
      <trkpt lat="51.668507969006896" lon="6.758845020085573">
        <ele>27.832999999999998</ele>
      </trkpt>
      <trkpt lat="51.66855700314045" lon="6.759222038090229">
        <ele>27.587</ele>
      </trkpt>
      <trkpt lat="51.66866697371006" lon="6.759904995560646">
        <ele>28.834</ele>
      </trkpt>
      <trkpt lat="51.668749032542109" lon="6.760374968871474">
        <ele>30.327999999999999</ele>
      </trkpt>
      <trkpt lat="51.668833019211888" lon="6.760865980759263">
        <ele>30.489000000000001</ele>
      </trkpt>
      <trkpt lat="51.668870989233255" lon="6.761112995445728">
        <ele>30.300999999999998</ele>
      </trkpt>
      <trkpt lat="51.668889010325074" lon="6.761432010680437">
        <ele>30.166</ele>
      </trkpt>
      <trkpt lat="51.668950030580163" lon="6.761794025078416">
        <ele>29.192</ele>
      </trkpt>
      <trkpt lat="51.6688790358603" lon="6.762286964803934">
        <ele>29.858000000000001</ele>
      </trkpt>
      <trkpt lat="51.668958999216557" lon="6.762624001130462">
        <ele>31.478999999999999</ele>
      </trkpt>
      <trkpt lat="51.668995963409543" lon="6.763120964169502">
        <ele>31.597999999999999</ele>
      </trkpt>
      <trkpt lat="51.669055977836251" lon="6.763743991032243">
        <ele>31.597999999999999</ele>
      </trkpt>
      <trkpt lat="51.669143987819552" lon="6.764409011229873">
        <ele>31.856000000000002</ele>
      </trkpt>
      <trkpt lat="51.669194027781487" lon="6.764751998707652">
        <ele>31.922000000000001</ele>
      </trkpt>
      <trkpt lat="51.669230991974473" lon="6.765021979808807">
        <ele>30.594999999999999</ele>
      </trkpt>
      <trkpt lat="51.669305004179478" lon="6.765464041382074">
        <ele>31.532</ele>
      </trkpt>
      <trkpt lat="51.669353032484651" lon="6.76571398973465">
        <ele>31.363</ele>
      </trkpt>
      <trkpt lat="51.669440036639571" lon="6.766370963305235">
        <ele>30.963999999999999</ele>
      </trkpt>
      <trkpt lat="51.669512959197164" lon="6.766933975741267">
        <ele>32.396000000000001</ele>
      </trkpt>
      <trkpt lat="51.669619996100664" lon="6.767622968181968">
        <ele>31.088999999999999</ele>
      </trkpt>
      <trkpt lat="51.669733989983797" lon="6.768425032496452">
        <ele>31.077999999999999</ele>
      </trkpt>
      <trkpt lat="51.669788975268602" lon="6.768786963075399">
        <ele>30.797999999999998</ele>
      </trkpt>
      <trkpt lat="51.669874973595142" lon="6.769309993833304">
        <ele>30.856000000000002</ele>
      </trkpt>
      <trkpt lat="51.669950997456908" lon="6.769853979349136">
        <ele>30.206</ele>
      </trkpt>
      <trkpt lat="51.670036995783448" lon="6.770210964605212">
        <ele>29.484000000000002</ele>
      </trkpt>
      <trkpt lat="51.670064991340041" lon="6.770444987341762">
        <ele>29.881</ele>
      </trkpt>
      <trkpt lat="51.670168004930019" lon="6.771090980619192">
        <ele>29.690999999999999</ele>
      </trkpt>
      <trkpt lat="51.670201029628515" lon="6.771355010569096">
        <ele>29.632999999999999</ele>
      </trkpt>
      <trkpt lat="51.670233970507979" lon="6.771759018301964">
        <ele>30.300000000000001</ele>
      </trkpt>
      <trkpt lat="51.670304965227842" lon="6.772335022687912">
        <ele>30.677</ele>
      </trkpt>
      <trkpt lat="51.670405967161059" lon="6.772965006530285">
        <ele>30.422999999999998</ele>
      </trkpt>
      <trkpt lat="51.670502023771405" lon="6.773600019514561">
        <ele>30.66</ele>
      </trkpt>
      <trkpt lat="51.670694975182414" lon="6.774530997499824">
        <ele>30.244</ele>
      </trkpt>
      <trkpt lat="51.67090100236237" lon="6.774758985266089">
        <ele>29.652000000000001</ele>
      </trkpt>
      <trkpt lat="51.671017007902265" lon="6.775329960510135">
        <ele>29.457999999999998</ele>
      </trkpt>
      <trkpt lat="51.671146005392075" lon="6.776151973754168">
        <ele>29.422999999999998</ele>
      </trkpt>
      <trkpt lat="51.671217000111938" lon="6.776591017842293">
        <ele>29.620000000000001</ele>
      </trkpt>
      <trkpt lat="51.671250024810433" lon="6.776870973408222">
        <ele>29.276</ele>
      </trkpt>
      <trkpt lat="51.671387990936637" lon="6.777847968041897">
        <ele>29.234999999999999</ele>
      </trkpt>
      <trkpt lat="51.671515982598066" lon="6.778721027076244">
        <ele>29.640999999999998</ele>
      </trkpt>
      <trkpt lat="51.67165101505816" lon="6.779687041416764">
        <ele>29.798999999999999</ele>
      </trkpt>
      <trkpt lat="51.671712035313249" lon="6.780050983652473">
        <ele>30.486000000000001</ele>
      </trkpt>
      <trkpt lat="51.671753022819757" lon="6.780549036338925">
        <ele>31.152000000000001</ele>
      </trkpt>
      <trkpt lat="51.671848995611072" lon="6.78105597384274">
        <ele>31.297999999999998</ele>
      </trkpt>
      <trkpt lat="51.671874979510903" lon="6.781240040436387">
        <ele>31.297000000000001</ele>
      </trkpt>
      <trkpt lat="51.671794010326266" lon="6.781355040147901">
        <ele>30.654</ele>
      </trkpt>
      <trkpt lat="51.671730978414416" lon="6.781400972977281">
        <ele>31.457000000000001</ele>
      </trkpt>
      <trkpt lat="51.671753022819757" lon="6.781577998772264">
        <ele>31.635000000000002</ele>
      </trkpt>
      <trkpt lat="51.671807002276182" lon="6.782175963744521">
        <ele>31.484999999999999</ele>
      </trkpt>
      <trkpt lat="51.671960977837443" lon="6.783206015825272">
        <ele>31.68</ele>
      </trkpt>
      <trkpt lat="51.67208201251924" lon="6.784068010747433">
        <ele>31.657</ele>
      </trkpt>
      <trkpt lat="51.672217966988683" lon="6.784989014267921">
        <ele>31.449000000000002</ele>
      </trkpt>
      <trkpt lat="51.672302037477493" lon="6.785500980913639">
        <ele>31.834</ele>
      </trkpt>
      <trkpt lat="51.672357022762299" lon="6.785739026963711">
        <ele>31.251999999999999</ele>
      </trkpt>
      <trkpt lat="51.672479985281825" lon="6.786460038274527">
        <ele>31.34</ele>
      </trkpt>
      <trkpt lat="51.672672014683485" lon="6.787697961553931">
        <ele>31.233000000000001</ele>
      </trkpt>
      <trkpt lat="51.672776034101844" lon="6.788499020040035">
        <ele>31.785</ele>
      </trkpt>
      <trkpt lat="51.672830013558269" lon="6.788778975605965">
        <ele>31.713999999999999</ele>
      </trkpt>
      <trkpt lat="51.67289799079299" lon="6.788779981434345">
        <ele>31.934000000000001</ele>
      </trkpt>
      <trkpt lat="51.673055989667773" lon="6.788672022521496">
        <ele>31.225999999999999</ele>
      </trkpt>
      <trkpt lat="51.673292024061084" lon="6.789063038304448">
        <ele>29.724</ele>
      </trkpt>
      <trkpt lat="51.673724027350545" lon="6.79010197520256">
        <ele>29.084</ele>
      </trkpt>
      <trkpt lat="51.673739030957222" lon="6.790129970759153">
        <ele>29.018999999999998</ele>
      </trkpt>
      <trkpt lat="51.673814970999956" lon="6.790331974625588">
        <ele>29.143000000000001</ele>
      </trkpt>
      <trkpt lat="51.674001971259713" lon="6.791059020906687">
        <ele>29.106999999999999</ele>
      </trkpt>
      <trkpt lat="51.674211015924811" lon="6.792303984984756">
        <ele>29.542000000000002</ele>
      </trkpt>
      <trkpt lat="51.674170028418303" lon="6.792971016839147">
        <ele>29.943000000000001</ele>
      </trkpt>
      <trkpt lat="51.673989985138178" lon="6.793321967124939">
        <ele>30.347000000000001</ele>
      </trkpt>
      <trkpt lat="51.67365001514554" lon="6.793642994016409">
        <ele>30.702000000000002</ele>
      </trkpt>
      <trkpt lat="51.673556976020336" lon="6.793685993179679">
        <ele>30.959</ele>
      </trkpt>
      <trkpt lat="51.67358698323369" lon="6.793838040903211">
        <ele>31.222000000000001</ele>
      </trkpt>
      <trkpt lat="51.673657977953553" lon="6.794323017820716">
        <ele>31.187000000000001</ele>
      </trkpt>
      <trkpt lat="51.673847995698452" lon="6.795294983312488">
        <ele>31.407</ele>
      </trkpt>
      <trkpt lat="51.673875991255045" lon="6.7956000007689">
        <ele>31.673999999999999</ele>
      </trkpt>
      <trkpt lat="51.673874985426664" lon="6.79566303268075">
        <ele>31.818000000000001</ele>
      </trkpt>
      <trkpt lat="51.673840032890439" lon="6.795867970213294">
        <ele>31.571999999999999</ele>
      </trkpt>
      <trkpt lat="51.673903986811638" lon="6.796489991247654">
        <ele>30.992999999999999</ele>
      </trkpt>
      <trkpt lat="51.67405997402966" lon="6.79738400503993">
        <ele>31.247</ele>
      </trkpt>
      <trkpt lat="51.674201963469386" lon="6.798396036028862">
        <ele>30.43</ele>
      </trkpt>
      <trkpt lat="51.674311012029648" lon="6.799515020102263">
        <ele>30.236999999999998</ele>
      </trkpt>
      <trkpt lat="51.6744240000844" lon="6.800022963434458">
        <ele>31.559999999999999</ele>
      </trkpt>
      <trkpt lat="51.674561966210604" lon="6.800420014187694">
        <ele>31.734999999999999</ele>
      </trkpt>
      <trkpt lat="51.674662968143821" lon="6.801044968888164">
        <ele>31.577999999999999</ele>
      </trkpt>
      <trkpt lat="51.674761036410928" lon="6.801684005185962">
        <ele>31.251999999999999</ele>
      </trkpt>
      <trkpt lat="51.674817027524114" lon="6.801958009600639">
        <ele>29.734999999999999</ele>
      </trkpt>
      <trkpt lat="51.674940995872021" lon="6.802857974544168">
        <ele>29.125</ele>
      </trkpt>
      <trkpt lat="51.674998998641968" lon="6.803238010033965">
        <ele>29.928999999999998</ele>
      </trkpt>
      <trkpt lat="51.675020959228277" lon="6.803462980315089">
        <ele>30.678000000000001</ele>
      </trkpt>
      <trkpt lat="51.675155991688371" lon="6.804269989952445">
        <ele>30.783999999999999</ele>
      </trkpt>
      <trkpt lat="51.67521801777184" lon="6.804884970188141">
        <ele>30.629000000000001</ele>
      </trkpt>
      <trkpt lat="51.67532698251307" lon="6.8055260181427">
        <ele>30.884</ele>
      </trkpt>
      <trkpt lat="51.675467966124415" lon="6.806677021086216">
        <ele>31.16</ele>
      </trkpt>
      <trkpt lat="51.675495039671659" lon="6.807279009371996">
        <ele>30.443000000000001</ele>
      </trkpt>
      <trkpt lat="51.675663013011217" lon="6.808200012892485">
        <ele>29.934999999999999</ele>
      </trkpt>
      <trkpt lat="51.675705006346107" lon="6.808326998725534">
        <ele>30.684999999999999</ele>
      </trkpt>
      <trkpt lat="51.675621019676328" lon="6.808477034792304">
        <ele>29.864000000000001</ele>
      </trkpt>
      <trkpt lat="51.675037974491715" lon="6.808734023943543">
        <ele>30.277999999999999</ele>
      </trkpt>
      <trkpt lat="51.674430035054684" lon="6.809199973940849">
        <ele>30.474</ele>
      </trkpt>
      <trkpt lat="51.673815976828337" lon="6.809711018577218">
        <ele>30.420000000000002</ele>
      </trkpt>
      <trkpt lat="51.673170989379287" lon="6.810198007151485">
        <ele>30.076000000000001</ele>
      </trkpt>
      <trkpt lat="51.673117009922862" lon="6.81042498908937">
        <ele>29.494</ele>
      </trkpt>
      <trkpt lat="51.673295041546226" lon="6.811090009287">
        <ele>29.655999999999999</ele>
      </trkpt>
      <trkpt lat="51.673590000718832" lon="6.812067003920674">
        <ele>29.303000000000001</ele>
      </trkpt>
      <trkpt lat="51.673665018752217" lon="6.812322987243533">
        <ele>29.792999999999999</ele>
      </trkpt>
      <trkpt lat="51.673829974606633" lon="6.812841994687915">
        <ele>30.370000000000001</ele>
      </trkpt>
      <trkpt lat="51.673861993476748" lon="6.81296001188457">
        <ele>30.059999999999999</ele>
      </trkpt>
      <trkpt lat="51.673872973769903" lon="6.8135179951787">
        <ele>29.837</ele>
      </trkpt>
      <trkpt lat="51.673858975991607" lon="6.81358102709055">
        <ele>29.837</ele>
      </trkpt>
      <trkpt lat="51.673788987100124" lon="6.813970031216741">
        <ele>28.946999999999999</ele>
      </trkpt>
      <trkpt lat="51.673664012923837" lon="6.814701016992331">
        <ele>26.725000000000001</ele>
      </trkpt>
      <trkpt lat="51.673645991832018" lon="6.81485197506845">
        <ele>27.210000000000001</ele>
      </trkpt>
      <trkpt lat="51.673740036785603" lon="6.815007962286472">
        <ele>27.082000000000001</ele>
      </trkpt>
      <trkpt lat="51.673967018723488" lon="6.814838983118534">
        <ele>28.359999999999999</ele>
      </trkpt>
      <trkpt lat="51.674206992611289" lon="6.814648965373635">
        <ele>29.422999999999998</ele>
      </trkpt>
      <trkpt lat="51.674449983984232" lon="6.814461965113878">
        <ele>29.501000000000001</ele>
      </trkpt>
      <trkpt lat="51.674675038084388" lon="6.814245041459799">
        <ele>29.628</ele>
      </trkpt>
      <trkpt lat="51.674904031679034" lon="6.814070027321577">
        <ele>29.234999999999999</ele>
      </trkpt>
      <trkpt lat="51.675049960613251" lon="6.813930971547961">
        <ele>28.323</ele>
      </trkpt>
      <trkpt lat="51.675327988341451" lon="6.813755035400391">
        <ele>27.039999999999999</ele>
      </trkpt>
      <trkpt lat="51.675752028822899" lon="6.8135179951787">
        <ele>28.643999999999998</ele>
      </trkpt>
      <trkpt lat="51.676220996305346" lon="6.81326000019908">
        <ele>29.699999999999999</ele>
      </trkpt>
      <trkpt lat="51.676276987418532" lon="6.813273997977376">
        <ele>30.579999999999998</ele>
      </trkpt>
      <trkpt lat="51.67633599601686" lon="6.813423028215766">
        <ele>30.553999999999998</ele>
      </trkpt>
      <trkpt lat="51.676459964364767" lon="6.813715975731611">
        <ele>30.033999999999999</ele>
      </trkpt>
      <trkpt lat="51.676567001268268" lon="6.813695020973682">
        <ele>29.620999999999999</ele>
      </trkpt>
      <trkpt lat="51.676589967682958" lon="6.813963996246457">
        <ele>28.213000000000001</ele>
      </trkpt>
      <trkpt lat="51.676664985716343" lon="6.814468000084162">
        <ele>28.289999999999999</ele>
      </trkpt>
      <trkpt lat="51.676712008193135" lon="6.814816016703844">
        <ele>28.026</ele>
      </trkpt>
      <trkpt lat="51.676741009578109" lon="6.815064959228039">
        <ele>28.532</ele>
      </trkpt>
      <trkpt lat="51.676801024004817" lon="6.815276015549898">
        <ele>29.254999999999999</ele>
      </trkpt>
      <trkpt lat="51.676836982369423" lon="6.815542979165912">
        <ele>29.440000000000001</ele>
      </trkpt>
      <trkpt lat="51.676857015118003" lon="6.815718999132514">
        <ele>29.256</ele>
      </trkpt>
      <trkpt lat="51.676944019272923" lon="6.816154019907117">
        <ele>30.696000000000002</ele>
      </trkpt>
      <trkpt lat="51.677052984014153" lon="6.816961029544473">
        <ele>30.925000000000001</ele>
      </trkpt>
      <trkpt lat="51.677138982340693" lon="6.817595036700368">
        <ele>29.113</ele>
      </trkpt>
      <trkpt lat="51.677235960960388" lon="6.818215968087316">
        <ele>28.863</ele>
      </trkpt>
      <trkpt lat="51.677336962893605" lon="6.818882999941707">
        <ele>28.898</ele>
      </trkpt>
      <trkpt lat="51.677450034767389" lon="6.819568974897265">
        <ele>29.651</ele>
      </trkpt>
      <trkpt lat="51.677485993131995" lon="6.819810038432479">
        <ele>30.297999999999998</ele>
      </trkpt>
      <trkpt lat="51.67751700617373" lon="6.820008018985391">
        <ele>30.940999999999999</ele>
      </trkpt>
      <trkpt lat="51.677601998671889" lon="6.820516968145967">
        <ele>30.606999999999999</ele>
      </trkpt>
      <trkpt lat="51.677695959806442" lon="6.821116022765636">
        <ele>30.472000000000001</ele>
      </trkpt>
      <trkpt lat="51.677747005596757" lon="6.821334036067128">
        <ele>30.620000000000001</ele>
      </trkpt>
      <trkpt lat="51.677829986438155" lon="6.821987992152572">
        <ele>30.677</ele>
      </trkpt>
      <trkpt lat="51.677867034450173" lon="6.822357969358563">
        <ele>30.645</ele>
      </trkpt>
      <trkpt lat="51.677890000864863" lon="6.822603978216648">
        <ele>30.600000000000001</ele>
      </trkpt>
      <trkpt lat="51.67801296338439" lon="6.823348039761186">
        <ele>29.838000000000001</ele>
      </trkpt>
      <trkpt lat="51.678170962259173" lon="6.824441961944103">
        <ele>29.896999999999998</ele>
      </trkpt>
      <trkpt lat="51.678328961133957" lon="6.825409987941384">
        <ele>29.768000000000001</ele>
      </trkpt>
      <trkpt lat="51.678499029949307" lon="6.82664598338306">
        <ele>29.98</ele>
      </trkpt>
      <trkpt lat="51.678647976368666" lon="6.827679974958301">
        <ele>29.788</ele>
      </trkpt>
      <trkpt lat="51.678773034363985" lon="6.828546999022365">
        <ele>29.966000000000001</ele>
      </trkpt>
      <trkpt lat="51.678833970800042" lon="6.828962992876768">
        <ele>30.170999999999999</ele>
      </trkpt>
      <trkpt lat="51.678897002711892" lon="6.82928703725338">
        <ele>30.452000000000002</ele>
      </trkpt>
      <trkpt lat="51.678938996046782" lon="6.829491974785924">
        <ele>30.126999999999999</ele>
      </trkpt>
      <trkpt lat="51.67904200963676" lon="6.830163029953837">
        <ele>30.073</ele>
      </trkpt>
      <trkpt lat="51.679165977984667" lon="6.831047991290689">
        <ele>30.678000000000001</ele>
      </trkpt>
      <trkpt lat="51.679247030988336" lon="6.831617038697004">
        <ele>31.224</ele>
      </trkpt>
      <trkpt lat="51.679383991286159" lon="6.832478027790785">
        <ele>30.312000000000001</ele>
      </trkpt>
      <trkpt lat="51.679522041231394" lon="6.833368018269539">
        <ele>31.058</ele>
      </trkpt>
      <trkpt lat="51.679550036787987" lon="6.833544038236141">
        <ele>30.773</ele>
      </trkpt>
      <trkpt lat="51.679583983495831" lon="6.833771020174027">
        <ele>31.550999999999998</ele>
      </trkpt>
      <trkpt lat="51.679630000144243" lon="6.834207968786359">
        <ele>31.093</ele>
      </trkpt>
      <trkpt lat="51.679656989872456" lon="6.834474010393024">
        <ele>31.154</ele>
      </trkpt>
      <trkpt lat="51.67971096932888" lon="6.834733011201024">
        <ele>30.856999999999999</ele>
      </trkpt>
      <trkpt lat="51.679824041202664" lon="6.83549802750349">
        <ele>31.195</ele>
      </trkpt>
      <trkpt lat="51.679963013157248" lon="6.83646404184401">
        <ele>31.344999999999999</ele>
      </trkpt>
      <trkpt lat="51.68007398955524" lon="6.837229980155826">
        <ele>31.373999999999999</ele>
      </trkpt>
      <trkpt lat="51.680251015350223" lon="6.83844200335443">
        <ele>31.492999999999999</ele>
      </trkpt>
      <trkpt lat="51.680342964828014" lon="6.839066036045551">
        <ele>31.722000000000001</ele>
      </trkpt>
      <trkpt lat="51.68037598952651" lon="6.839292012155056">
        <ele>31.957999999999998</ele>
      </trkpt>
      <trkpt lat="51.680489983409643" lon="6.840049987658858">
        <ele>32.212000000000003</ele>
      </trkpt>
      <trkpt lat="51.680509010329843" lon="6.840194994583726">
        <ele>31.5</ele>
      </trkpt>
      <trkpt lat="51.680625015869737" lon="6.841048020869494">
        <ele>31.882999999999999</ele>
      </trkpt>
      <trkpt lat="51.68078200891614" lon="6.842130962759256">
        <ele>32.125999999999998</ele>
      </trkpt>
      <trkpt lat="51.680816961452365" lon="6.84241603128612">
        <ele>32.643000000000001</ele>
      </trkpt>
      <trkpt lat="51.680942019447684" lon="6.843570973724127">
        <ele>32.174999999999997</ele>
      </trkpt>
      <trkpt lat="51.681058024987578" lon="6.844781991094351">
        <ele>32.463000000000001</ele>
      </trkpt>
      <trkpt lat="51.68112700805068" lon="6.84634898789227">
        <ele>31.771999999999998</ele>
      </trkpt>
      <trkpt lat="51.681151986122131" lon="6.84735800139606">
        <ele>33.319000000000003</ele>
      </trkpt>
      <trkpt lat="51.681161038577557" lon="6.847852030768991">
        <ele>32.106999999999999</ele>
      </trkpt>
      <trkpt lat="51.681179981678724" lon="6.848742021247745">
        <ele>31.466000000000001</ele>
      </trkpt>
      <trkpt lat="51.681202026084065" lon="6.849520029500127">
        <ele>30.792999999999999</ele>
      </trkpt>
      <trkpt lat="51.681205965578556" lon="6.849930994212627">
        <ele>31.187000000000001</ele>
      </trkpt>
      <trkpt lat="51.681207977235317" lon="6.850121011957526">
        <ele>30.991</ele>
      </trkpt>
      <trkpt lat="51.681215018033981" lon="6.850364003330469">
        <ele>31.702000000000002</ele>
      </trkpt>
      <trkpt lat="51.681217029690742" lon="6.851249970495701">
        <ele>31.643999999999998</ele>
      </trkpt>
      <trkpt lat="51.681247958913445" lon="6.852226965129376">
        <ele>31.690000000000001</ele>
      </trkpt>
      <trkpt lat="51.68125600554049" lon="6.853184010833502">
        <ele>31.826000000000001</ele>
      </trkpt>
      <trkpt lat="51.68127603828907" lon="6.854222025722265">
        <ele>32.540999999999997</ele>
      </trkpt>
      <trkpt lat="51.681250976398587" lon="6.855103969573975">
        <ele>32.604999999999997</ele>
      </trkpt>
      <trkpt lat="51.681291041895747" lon="6.855489034205675">
        <ele>31.859000000000002</ele>
      </trkpt>
      <trkpt lat="51.681302022188902" lon="6.856419006362557">
        <ele>31.641999999999999</ele>
      </trkpt>
      <trkpt lat="51.681311996653676" lon="6.857639998197556">
        <ele>31.690999999999999</ele>
      </trkpt>
      <trkpt lat="51.681322976946831" lon="6.85837802477181">
        <ele>31.809999999999999</ele>
      </trkpt>
      <trkpt lat="51.681380979716778" lon="6.859295004978776">
        <ele>32.280999999999999</ele>
      </trkpt>
      <trkpt lat="51.681368993595243" lon="6.859749974682927">
        <ele>31.068000000000001</ele>
      </trkpt>
      <trkpt lat="51.681357007473707" lon="6.860427986830473">
        <ele>31.969999999999999</ele>
      </trkpt>
      <trkpt lat="51.681372011080384" lon="6.861292999237776">
        <ele>32.158999999999999</ele>
      </trkpt>
      <trkpt lat="51.681408975273371" lon="6.861598016694188">
        <ele>32.244</ele>
      </trkpt>
      <trkpt lat="51.681347033008933" lon="6.861698012799025">
        <ele>31.849</ele>
      </trkpt>
      <trkpt lat="51.68084898032248" lon="6.861498020589352">
        <ele>31.420999999999999</ele>
      </trkpt>
      <trkpt lat="51.680260989814997" lon="6.861524004489183">
        <ele>30.312000000000001</ele>
      </trkpt>
      <trkpt lat="51.679668975993991" lon="6.86181896366179">
        <ele>30.388000000000002</ele>
      </trkpt>
      <trkpt lat="51.679413998499513" lon="6.861904039978981">
        <ele>30.439</ele>
      </trkpt>
      <trkpt lat="51.679375022649765" lon="6.861951984465122">
        <ele>30.873000000000001</ele>
      </trkpt>
      <trkpt lat="51.679364964365959" lon="6.862278962507844">
        <ele>30.222999999999999</ele>
      </trkpt>
      <trkpt lat="51.679352978244424" lon="6.862485995516181">
        <ele>29.588999999999999</ele>
      </trkpt>
      <trkpt lat="51.679282989352942" lon="6.862904001027346">
        <ele>30.838999999999999</ele>
      </trkpt>
      <trkpt lat="51.679294975474477" lon="6.863269032910466">
        <ele>31.132999999999999</ele>
      </trkpt>
      <trkpt lat="51.679421039298177" lon="6.863853000104427">
        <ele>31.617000000000001</ele>
      </trkpt>
      <trkpt lat="51.679549030959606" lon="6.864410983398557">
        <ele>31.646999999999998</ele>
      </trkpt>
      <trkpt lat="51.679807025939226" lon="6.865634992718697">
        <ele>30.890000000000001</ele>
      </trkpt>
      <trkpt lat="51.680038031190634" lon="6.866760011762381">
        <ele>30.231000000000002</ele>
      </trkpt>
      <trkpt lat="51.680342964828014" lon="6.868107989430428">
        <ele>30.901</ele>
      </trkpt>
      <trkpt lat="51.680681006982923" lon="6.868706038221717">
        <ele>30.609999999999999</ele>
      </trkpt>
      <trkpt lat="51.681004967540503" lon="6.869309032335877">
        <ele>30.138999999999999</ele>
      </trkpt>
      <trkpt lat="51.68119003996253" lon="6.869352031499147">
        <ele>30.864999999999998</ele>
      </trkpt>
      <trkpt lat="51.681241001933813" lon="6.869438029825687">
        <ele>30.972999999999999</ele>
      </trkpt>
      <trkpt lat="51.68134099803865" lon="6.869942033663392">
        <ele>31.927</ele>
      </trkpt>
      <trkpt lat="51.681462032720447" lon="6.870462968945503">
        <ele>31.927</ele>
      </trkpt>
      <trkpt lat="51.68149002827704" lon="6.870619039982557">
        <ele>32.133000000000003</ele>
      </trkpt>
      <trkpt lat="51.681521041318774" lon="6.870891032740474">
        <ele>31.675000000000001</ele>
      </trkpt>
      <trkpt lat="51.681546019390225" lon="6.871752021834254">
        <ele>32.531999999999996</ele>
      </trkpt>
      <trkpt lat="51.681559011340141" lon="6.872822977602482">
        <ele>31.824999999999999</ele>
      </trkpt>
      <trkpt lat="51.681650038808584" lon="6.873688995838165">
        <ele>31.268999999999998</ele>
      </trkpt>
      <trkpt lat="51.68164299800992" lon="6.8741500005126">
        <ele>31.375</ele>
      </trkpt>
      <trkpt lat="51.681634029373527" lon="6.874861037358642">
        <ele>31.853999999999999</ele>
      </trkpt>
      <trkpt lat="51.681601004675031" lon="6.875121966004372">
        <ele>28.718</ele>
      </trkpt>
      <trkpt lat="51.68159999884665" lon="6.876188982278109">
        <ele>28.413</ele>
      </trkpt>
      <trkpt lat="51.681596981361508" lon="6.87758800573647">
        <ele>29.681000000000001</ele>
      </trkpt>
      <trkpt lat="51.68157996609807" lon="6.878475984558463">
        <ele>29.317</ele>
      </trkpt>
      <trkpt lat="51.681549036875367" lon="6.879281988367438">
        <ele>29.802</ele>
      </trkpt>
      <trkpt lat="51.68153596110642" lon="6.879445016384125">
        <ele>29.486000000000001</ele>
      </trkpt>
      <trkpt lat="51.681521041318774" lon="6.879697982221842">
        <ele>29.626000000000001</ele>
      </trkpt>
      <trkpt lat="51.681484999135137" lon="6.8804029840976">
        <ele>29.463000000000001</ele>
      </trkpt>
      <trkpt lat="51.681440994143486" lon="6.881209993734956">
        <ele>29.553999999999998</ele>
      </trkpt>
      <trkpt lat="51.681374022737145" lon="6.882064025849104">
        <ele>29.09</ele>
      </trkpt>
      <trkpt lat="51.681284001097083" lon="6.88306599855423">
        <ele>29.234999999999999</ele>
      </trkpt>
      <trkpt lat="51.681182999163866" lon="6.884121028706431">
        <ele>29.663</ele>
      </trkpt>
      <trkpt lat="51.6811069753021" lon="6.884817983955145">
        <ele>29.315999999999999</ele>
      </trkpt>
      <trkpt lat="51.681093983352184" lon="6.88495796173811">
        <ele>29.547999999999998</ele>
      </trkpt>
      <trkpt lat="51.681091971695423" lon="6.885081008076668">
        <ele>29.673999999999999</ele>
      </trkpt>
      <trkpt lat="51.681089038029313" lon="6.88521302305162">
        <ele>29.228000000000002</ele>
      </trkpt>
      <trkpt lat="51.681115021929145" lon="6.885374961420894">
        <ele>29.460000000000001</ele>
      </trkpt>
      <trkpt lat="51.681161960586905" lon="6.885547963902354">
        <ele>29.681999999999999</ele>
      </trkpt>
      <trkpt lat="51.681108986958861" lon="6.88581601716578">
        <ele>30.436</ele>
      </trkpt>
      <trkpt lat="51.680987030267715" lon="6.886659990996122">
        <ele>30.498999999999999</ele>
      </trkpt>
      <trkpt lat="51.680892985314131" lon="6.887321993708611">
        <ele>29.954000000000001</ele>
      </trkpt>
      <trkpt lat="51.680743033066392" lon="6.88845899887383">
        <ele>31.318999999999999</ele>
      </trkpt>
      <trkpt lat="51.680556032806635" lon="6.88974897377193">
        <ele>31.210000000000001</ele>
      </trkpt>
      <trkpt lat="51.680359980091453" lon="6.891022017225623">
        <ele>30.765999999999998</ele>
      </trkpt>
      <trkpt lat="51.680216984823346" lon="6.892007980495691">
        <ele>30.111000000000001</ele>
      </trkpt>
      <trkpt lat="51.680053034797311" lon="6.893024034798145">
        <ele>29.736000000000001</ele>
      </trkpt>
      <trkpt lat="51.679969970136881" lon="6.893500965088606">
        <ele>29.824000000000002</ele>
      </trkpt>
      <trkpt lat="51.679890006780624" lon="6.8936169706285">
        <ele>30.393000000000001</ele>
      </trkpt>
      <trkpt lat="51.6798360273242" lon="6.893977979198098">
        <ele>31.596</ele>
      </trkpt>
      <trkpt lat="51.67975396849215" lon="6.894566975533962">
        <ele>31.797000000000001</ele>
      </trkpt>
      <trkpt lat="51.679660007357597" lon="6.895165024325252">
        <ele>31.251000000000001</ele>
      </trkpt>
      <trkpt lat="51.679550958797336" lon="6.895909002050757">
        <ele>31.295000000000002</ele>
      </trkpt>
      <trkpt lat="51.67943000793457" lon="6.896654991433024">
        <ele>31.254000000000001</ele>
      </trkpt>
      <trkpt lat="51.679358007386327" lon="6.897167041897774">
        <ele>31.968</ele>
      </trkpt>
      <trkpt lat="51.679314002394676" lon="6.89739796333015">
        <ele>31.588000000000001</ele>
      </trkpt>
      <trkpt lat="51.679220963269472" lon="6.89804001711309">
        <ele>31.579999999999998</ele>
      </trkpt>
      <trkpt lat="51.679159021005034" lon="6.898402031511068">
        <ele>31.148</ele>
      </trkpt>
      <trkpt lat="51.679072016850114" lon="6.898996978998184">
        <ele>30.385000000000002</ele>
      </trkpt>
      <trkpt lat="51.678974032402039" lon="6.899640960618854">
        <ele>31.670999999999999</ele>
      </trkpt>
      <trkpt lat="51.678952993825078" lon="6.899797031655908">
        <ele>31.367999999999999</ele>
      </trkpt>
      <trkpt lat="51.678899014368653" lon="6.900187963619828">
        <ele>30.716000000000001</ele>
      </trkpt>
      <trkpt lat="51.678885016590357" lon="6.900312015786767">
        <ele>30.876000000000001</ele>
      </trkpt>
      <trkpt lat="51.678820978850126" lon="6.900912998244166">
        <ele>30.786000000000001</ele>
      </trkpt>
      <trkpt lat="51.678775968030095" lon="6.901596039533615">
        <ele>30.888000000000002</ele>
      </trkpt>
      <trkpt lat="51.678718971088529" lon="6.902268016710877">
        <ele>30.295000000000002</ele>
      </trkpt>
      <trkpt lat="51.678575975820422" lon="6.903245011344552">
        <ele>31.568999999999999</ele>
      </trkpt>
      <trkpt lat="51.678571030497551" lon="6.903315000236034">
        <ele>31.524999999999999</ele>
      </trkpt>
      <trkpt lat="51.678459970280528" lon="6.904056966304779">
        <ele>31.015000000000001</ele>
      </trkpt>
      <trkpt lat="51.678351005539298" lon="6.904736990109086">
        <ele>29.951000000000001</ele>
      </trkpt>
      <trkpt lat="51.678246986120939" lon="6.905354987829924">
        <ele>29.585999999999999</ele>
      </trkpt>
      <trkpt lat="51.67816199362278" lon="6.906021013855934">
        <ele>28.927</ele>
      </trkpt>
      <trkpt lat="51.678137015551329" lon="6.906301975250244">
        <ele>29.529</ele>
      </trkpt>
      <trkpt lat="51.677866028621793" lon="6.907320963218808">
        <ele>29.061</ele>
      </trkpt>
      <trkpt lat="51.677800985053182" lon="6.907739974558353">
        <ele>29.225000000000001</ele>
      </trkpt>
      <trkpt lat="51.677705012261868" lon="6.908286977559328">
        <ele>29.893000000000001</ele>
      </trkpt>
      <trkpt lat="51.677511977031827" lon="6.909289034083486">
        <ele>29.434999999999999</ele>
      </trkpt>
      <trkpt lat="51.67747400701046" lon="6.909475028514862">
        <ele>29.945</ele>
      </trkpt>
      <trkpt lat="51.67734500952065" lon="6.91015899181366">
        <ele>29.978000000000002</ele>
      </trkpt>
      <trkpt lat="51.677260017022491" lon="6.910633994266391">
        <ele>29.623999999999999</ele>
      </trkpt>
      <trkpt lat="51.677247025072575" lon="6.91088997758925">
        <ele>29.895</ele>
      </trkpt>
      <trkpt lat="51.677190028131008" lon="6.911487020552158">
        <ele>29.247</ele>
      </trkpt>
      <trkpt lat="51.677059018984437" lon="6.912449011579156">
        <ele>30.821999999999999</ele>
      </trkpt>
      <trkpt lat="51.677047032862902" lon="6.912569040432572">
        <ele>30.236000000000001</ele>
      </trkpt>
      <trkpt lat="51.676938990131021" lon="6.913369009271264">
        <ele>29.815000000000001</ele>
      </trkpt>
      <trkpt lat="51.676866989582777" lon="6.913855997845531">
        <ele>29.379999999999999</ele>
      </trkpt>
      <trkpt lat="51.676778979599476" lon="6.914504002779722">
        <ele>29.579999999999998</ele>
      </trkpt>
      <trkpt lat="51.676714019849896" lon="6.914946986362338">
        <ele>28.895</ele>
      </trkpt>
      <trkpt lat="51.676663979887962" lon="6.915254015475512">
        <ele>28.992000000000001</ele>
      </trkpt>
      <trkpt lat="51.67648795992136" lon="6.91619697958231">
        <ele>30.148</ele>
      </trkpt>
      <trkpt lat="51.676381006836891" lon="6.916523035615683">
        <ele>29.518999999999998</ele>
      </trkpt>
      <trkpt lat="51.676353011280298" lon="6.916830986738205">
        <ele>29.620000000000001</ele>
      </trkpt>
      <trkpt lat="51.676240023225546" lon="6.917567001655698">
        <ele>28.948</ele>
      </trkpt>
      <trkpt lat="51.676202975213528" lon="6.917844023555517">
        <ele>30.306000000000001</ele>
      </trkpt>
      <trkpt lat="51.676145978271961" lon="6.918445006012917">
        <ele>29.545000000000002</ele>
      </trkpt>
      <trkpt lat="51.676038019359112" lon="6.919078007340431">
        <ele>30.411000000000001</ele>
      </trkpt>
      <trkpt lat="51.675895024091005" lon="6.920000016689301">
        <ele>30.777000000000001</ele>
      </trkpt>
      <trkpt lat="51.675743982195854" lon="6.920926971361041">
        <ele>30.236000000000001</ele>
      </trkpt>
      <trkpt lat="51.675623031333089" lon="6.921742027625442">
        <ele>29.693999999999999</ele>
      </trkpt>
      <trkpt lat="51.675452962517738" lon="6.922722961753607">
        <ele>30.056000000000001</ele>
      </trkpt>
      <trkpt lat="51.675365958362818" lon="6.923452019691467">
        <ele>30.655999999999999</ele>
      </trkpt>
      <trkpt lat="51.675314996391535" lon="6.923723006621003">
        <ele>30.327999999999999</ele>
      </trkpt>
      <trkpt lat="51.675238972529769" lon="6.924313008785248">
        <ele>30.466999999999999</ele>
      </trkpt>
      <trkpt lat="51.675179963931441" lon="6.924868980422616">
        <ele>31.193000000000001</ele>
      </trkpt>
      <trkpt lat="51.675123972818255" lon="6.925599966198206">
        <ele>30.565999999999999</ele>
      </trkpt>
      <trkpt lat="51.675103018060327" lon="6.926072034984827">
        <ele>30.858000000000001</ele>
      </trkpt>
      <trkpt lat="51.67508902028203" lon="6.926386021077633">
        <ele>29.792000000000002</ele>
      </trkpt>
      <trkpt lat="51.675048032775521" lon="6.927066966891289">
        <ele>29.879999999999999</ele>
      </trkpt>
      <trkpt lat="51.675028000026941" lon="6.927401991561055">
        <ele>30.228000000000002</ele>
      </trkpt>
      <trkpt lat="51.674963040277362" lon="6.928517036139965">
        <ele>29.634</ele>
      </trkpt>
      <trkpt lat="51.674886010587215" lon="6.929523032158613">
        <ele>29.573</ele>
      </trkpt>
      <trkpt lat="51.674827001988888" lon="6.930444035679102">
        <ele>29.940999999999999</ele>
      </trkpt>
      <trkpt lat="51.674828007817268" lon="6.930604968219996">
        <ele>30.343</ele>
      </trkpt>
      <trkpt lat="51.674816021695733" lon="6.93110503256321">
        <ele>30.259</ele>
      </trkpt>
      <trkpt lat="51.674801018089056" lon="6.93144902586937">
        <ele>29.974</ele>
      </trkpt>
      <trkpt lat="51.674747038632631" lon="6.932161990553141">
        <ele>30.527000000000001</ele>
      </trkpt>
      <trkpt lat="51.674732035025954" lon="6.932381009683013">
        <ele>30.378</ele>
      </trkpt>
      <trkpt lat="51.674717031419277" lon="6.932608997449279">
        <ele>30.550000000000001</ele>
      </trkpt>
      <trkpt lat="51.674675960093737" lon="6.933512985706329">
        <ele>30.318000000000001</ele>
      </trkpt>
      <trkpt lat="51.67461896315217" lon="6.934512024745345">
        <ele>29.693999999999999</ele>
      </trkpt>
      <trkpt lat="51.674608988687396" lon="6.934757027775049">
        <ele>29.949000000000002</ele>
      </trkpt>
      <trkpt lat="51.674589039757848" lon="6.935076965019107">
        <ele>29.530000000000001</ele>
      </trkpt>
      <trkpt lat="51.674559032544494" lon="6.935639977455139">
        <ele>30.027999999999999</ele>
      </trkpt>
      <trkpt lat="51.674505975097418" lon="6.936547989025712">
        <ele>30.123999999999999</ele>
      </trkpt>
      <trkpt lat="51.674502035602927" lon="6.936848983168602">
        <ele>30.265999999999998</ele>
      </trkpt>
      <trkpt lat="51.674488037824631" lon="6.937050987035036">
        <ele>29.393999999999998</ele>
      </trkpt>
      <trkpt lat="51.674473034217954" lon="6.937479972839356">
        <ele>29.637</ele>
      </trkpt>
      <trkpt lat="51.674404973164201" lon="6.938593005761504">
        <ele>30.248000000000001</ele>
      </trkpt>
      <trkpt lat="51.674376977607608" lon="6.939020985737443">
        <ele>30.155000000000001</ele>
      </trkpt>
      <trkpt lat="51.674327021464705" lon="6.940009966492653">
        <ele>29.518000000000001</ele>
      </trkpt>
      <trkpt lat="51.674246974289417" lon="6.940980004146695">
        <ele>29.120000000000001</ele>
      </trkpt>
      <trkpt lat="51.67418603785336" lon="6.942065041512251">
        <ele>29.407</ele>
      </trkpt>
      <trkpt lat="51.674126023426652" lon="6.943084029480815">
        <ele>29.103000000000002</ele>
      </trkpt>
      <trkpt lat="51.674077995121479" lon="6.943937977775931">
        <ele>28.757999999999999</ele>
      </trkpt>
      <trkpt lat="51.674052011221647" lon="6.944625964388251">
        <ele>28.524000000000001</ele>
      </trkpt>
      <trkpt lat="51.674009012058377" lon="6.944997031241655">
        <ele>28.265000000000001</ele>
      </trkpt>
      <trkpt lat="51.673991996794939" lon="6.945271035656333">
        <ele>28.666</ele>
      </trkpt>
      <trkpt lat="51.673971964046359" lon="6.945773027837277">
        <ele>28.571999999999999</ele>
      </trkpt>
      <trkpt lat="51.673938017338514" lon="6.946169994771481">
        <ele>27.334</ele>
      </trkpt>
      <trkpt lat="51.673921002075076" lon="6.946436958387494">
        <ele>26.472000000000001</ele>
      </trkpt>
      <trkpt lat="51.673909015953541" lon="6.946563022211194">
        <ele>26.677</ele>
      </trkpt>
      <trkpt lat="51.673903986811638" lon="6.946680033579469">
        <ele>26.954999999999998</ele>
      </trkpt>
      <trkpt lat="51.67392997071147" lon="6.946965018287301">
        <ele>27.228999999999999</ele>
      </trkpt>
      <trkpt lat="51.673899963498116" lon="6.947678988799453">
        <ele>28.562999999999999</ele>
      </trkpt>
      <trkpt lat="51.673839027062058" lon="6.948568979278207">
        <ele>27.766999999999999</ele>
      </trkpt>
      <trkpt lat="51.673775995150208" lon="6.949639013037086">
        <ele>27.68</ele>
      </trkpt>
      <trkpt lat="51.673717992380261" lon="6.950630005449057">
        <ele>27.036000000000001</ele>
      </trkpt>
      <trkpt lat="51.673641968518496" lon="6.951675983145833">
        <ele>26.829000000000001</ele>
      </trkpt>
      <trkpt lat="51.673593018203974" lon="6.952730007469654">
        <ele>26.399999999999999</ele>
      </trkpt>
      <trkpt lat="51.673534009605646" lon="6.953613962978125">
        <ele>25.571999999999999</ele>
      </trkpt>
      <trkpt lat="51.673471983522177" lon="6.954648960381746">
        <ele>25.207999999999998</ele>
      </trkpt>
      <trkpt lat="51.673421021550894" lon="6.955701978877187">
        <ele>25.321999999999999</ele>
      </trkpt>
      <trkpt lat="51.673375004902482" lon="6.956515023484826">
        <ele>25.193999999999999</ele>
      </trkpt>
      <trkpt lat="51.673329994082451" lon="6.957248020917177">
        <ele>24.462</ele>
      </trkpt>
      <trkpt lat="51.673293029889464" lon="6.957549015060067">
        <ele>23.102</ele>
      </trkpt>
      <trkpt lat="51.673270985484123" lon="6.957712965086103">
        <ele>23.504999999999999</ele>
      </trkpt>
      <trkpt lat="51.673217006027699" lon="6.957793012261391">
        <ele>23.337</ele>
      </trkpt>
      <trkpt lat="51.672674026340246" lon="6.95770600810647">
        <ele>20.826000000000001</ele>
      </trkpt>
      <trkpt lat="51.672303965315223" lon="6.957677006721497">
        <ele>21.481000000000002</ele>
      </trkpt>
      <trkpt lat="51.672174967825413" lon="6.95790097117424">
        <ele>22.428999999999998</ele>
      </trkpt>
      <trkpt lat="51.67218703776598" lon="6.958082020282745">
        <ele>22.469000000000001</ele>
      </trkpt>
      <trkpt lat="51.672057034447789" lon="6.958270026370883">
        <ele>21.317</ele>
      </trkpt>
      <trkpt lat="51.67182401753962" lon="6.958733964711428">
        <ele>21.725000000000001</ele>
      </trkpt>
      <trkpt lat="51.671614972874522" lon="6.959080975502729">
        <ele>21.318999999999999</ele>
      </trkpt>
      <trkpt lat="51.670988006517291" lon="6.959632001817226">
        <ele>23.163</ele>
      </trkpt>
      <trkpt lat="51.670412002131343" lon="6.959902988746762">
        <ele>24.149999999999999</ele>
      </trkpt>
      <trkpt lat="51.670030960813165" lon="6.960036009550095">
        <ele>25.533000000000001</ele>
      </trkpt>
      <trkpt lat="51.669531986117363" lon="6.960128964856267">
        <ele>27.847000000000001</ele>
      </trkpt>
      <trkpt lat="51.669046003371477" lon="6.960242036730051">
        <ele>29.753</ele>
      </trkpt>
      <trkpt lat="51.668955981731415" lon="6.960287969559431">
        <ele>30.128</ele>
      </trkpt>
      <trkpt lat="51.668928992003202" lon="6.960341027006507">
        <ele>30.747</ele>
      </trkpt>
      <trkpt lat="51.668947013095021" lon="6.960486033931375">
        <ele>30.178999999999998</ele>
      </trkpt>
      <trkpt lat="51.668989006429911" lon="6.961134038865566">
        <ele>28.927</ele>
      </trkpt>
      <trkpt lat="51.66900803335011" lon="6.962549993768334">
        <ele>28.734999999999999</ele>
      </trkpt>
      <trkpt lat="51.668876018375158" lon="6.963765034452081">
        <ele>28.861000000000001</ele>
      </trkpt>
      <trkpt lat="51.668756995350122" lon="6.96440801024437">
        <ele>28.718</ele>
      </trkpt>
      <trkpt lat="51.668695975095034" lon="6.964654019102454">
        <ele>29.027999999999999</ele>
      </trkpt>
      <trkpt lat="51.668604025617242" lon="6.965145030990243">
        <ele>29.375</ele>
      </trkpt>
      <trkpt lat="51.668594973161817" lon="6.965348040685058">
        <ele>28.518999999999998</ele>
      </trkpt>
      <trkpt lat="51.668541999533772" lon="6.965616010129452">
        <ele>26.853999999999999</ele>
      </trkpt>
      <trkpt lat="51.668469998985529" lon="6.966038038954139">
        <ele>25.178999999999998</ele>
      </trkpt>
      <trkpt lat="51.668421970680356" lon="6.966646984219551">
        <ele>23.370999999999999</ele>
      </trkpt>
      <trkpt lat="51.668409984558821" lon="6.966800959780812">
        <ele>23.297000000000001</ele>
      </trkpt>
      <trkpt lat="51.668288027867675" lon="6.967227011919022">
        <ele>22.949999999999999</ele>
      </trkpt>
      <trkpt lat="51.668251985684037" lon="6.967434966936708">
        <ele>24.545000000000002</ele>
      </trkpt>
      <trkpt lat="51.668074037879705" lon="6.967762028798461">
        <ele>25.338000000000001</ele>
      </trkpt>
      <trkpt lat="51.667871028184891" lon="6.968353958800435">
        <ele>25.364999999999998</ele>
      </trkpt>
      <trkpt lat="51.667642034590244" lon="6.969341011717916">
        <ele>24.329000000000001</ele>
      </trkpt>
      <trkpt lat="51.667496021836996" lon="6.970110973343253">
        <ele>25.442</ele>
      </trkpt>
      <trkpt lat="51.667443970218301" lon="6.97059796191752">
        <ele>25.381</ele>
      </trkpt>
      <trkpt lat="51.667211959138513" lon="6.971494993194938">
        <ele>24.98</ele>
      </trkpt>
      <trkpt lat="51.667079022154212" lon="6.972051970660687">
        <ele>25.724</ele>
      </trkpt>
      <trkpt lat="51.667021019384265" lon="6.9722930341959">
        <ele>25.981000000000002</ele>
      </trkpt>
      <trkpt lat="51.66694600135088" lon="6.972944978624582">
        <ele>25.065999999999999</ele>
      </trkpt>
      <trkpt lat="51.666833013296127" lon="6.973915016278625">
        <ele>25.096</ele>
      </trkpt>
      <trkpt lat="51.666651964187622" lon="6.975027965381742">
        <ele>26.963999999999999</ele>
      </trkpt>
      <trkpt lat="51.666445014998317" lon="6.976191960275173">
        <ele>26.209</ele>
      </trkpt>
      <trkpt lat="51.666253991425037" lon="6.977462992072105">
        <ele>26.869</ele>
      </trkpt>
      <trkpt lat="51.666163969784975" lon="6.978438980877399">
        <ele>26.652999999999999</ele>
      </trkpt>
      <trkpt lat="51.666122982278466" lon="6.979671958833933">
        <ele>26.841000000000001</ele>
      </trkpt>
      <trkpt lat="51.666095992550254" lon="6.980639984831214">
        <ele>27.631</ele>
      </trkpt>
      <trkpt lat="51.666254997253418" lon="6.980920024216175">
        <ele>28.056000000000001</ele>
      </trkpt>
      <trkpt lat="51.667030993849039" lon="6.980860009789467">
        <ele>29.306000000000001</ele>
      </trkpt>
      <trkpt lat="51.667761979624629" lon="6.980788009241223">
        <ele>30.704999999999998</ele>
      </trkpt>
      <trkpt lat="51.66806498542428" lon="6.980811981484294">
        <ele>29.042000000000002</ele>
      </trkpt>
      <trkpt lat="51.668301019817591" lon="6.981052961200476">
        <ele>29.033999999999999</ele>
      </trkpt>
      <trkpt lat="51.668521966785192" lon="6.981026977300644">
        <ele>28.891999999999999</ele>
      </trkpt>
      <trkpt lat="51.669402988627553" lon="6.981238033622503">
        <ele>29.337</ele>
      </trkpt>
      <trkpt lat="51.669745976105332" lon="6.981373988091946">
        <ele>29.163</ele>
      </trkpt>
      <trkpt lat="51.669720998033881" lon="6.981626031920314">
        <ele>29.329000000000001</ele>
      </trkpt>
      <trkpt lat="51.669667018577456" lon="6.982150990515947">
        <ele>29.844000000000001</ele>
      </trkpt>
      <trkpt lat="51.669630976393819" lon="6.982408985495567">
        <ele>29.995999999999999</ele>
      </trkpt>
      <trkpt lat="51.669633993878961" lon="6.982815004885197">
        <ele>30.308</ele>
      </trkpt>
      <trkpt lat="51.669616978615522" lon="6.98333702981472">
        <ele>30.082999999999998</ele>
      </trkpt>
      <trkpt lat="51.669672969728708" lon="6.984164994210005">
        <ele>30.526</ele>
      </trkpt>
      <trkpt lat="51.669703982770443" lon="6.984362974762917">
        <ele>30.297999999999998</ele>
      </trkpt>
      <trkpt lat="51.669780006632209" lon="6.98443103581667">
        <ele>30.530999999999999</ele>
      </trkpt>
      <trkpt lat="51.669869022443891" lon="6.985041992738843">
        <ele>30.385000000000002</ele>
      </trkpt>
      <trkpt lat="51.669944040477276" lon="6.985795022919774">
        <ele>30.984000000000002</ele>
      </trkpt>
      <trkpt lat="51.670001959428191" lon="6.986237000674009">
        <ele>30.827000000000002</ele>
      </trkpt>
      <trkpt lat="51.670103967189789" lon="6.987010985612869">
        <ele>31.809999999999999</ele>
      </trkpt>
      <trkpt lat="51.670163981616497" lon="6.987504009157419">
        <ele>31.763000000000002</ele>
      </trkpt>
      <trkpt lat="51.670225001871586" lon="6.988230971619487">
        <ele>31.388000000000002</ele>
      </trkpt>
      <trkpt lat="51.670251991599798" lon="6.988545963540673">
        <ele>30.587</ele>
      </trkpt>
      <trkpt lat="51.670300019904971" lon="6.988981990143657">
        <ele>31.488</ele>
      </trkpt>
      <trkpt lat="51.670162975788116" lon="6.989304022863507">
        <ele>31.265000000000001</ele>
      </trkpt>
      <trkpt lat="51.669784029945731" lon="6.98937501758337">
        <ele>31.503</ele>
      </trkpt>
      <trkpt lat="51.669616978615522" lon="6.989453975111246">
        <ele>31.154</ele>
      </trkpt>
      <trkpt lat="51.66922302916646" lon="6.989557994529605">
        <ele>31.297999999999998</ele>
      </trkpt>
      <trkpt lat="51.669093025848269" lon="6.989551959559321">
        <ele>31.459</ele>
      </trkpt>
      <trkpt lat="51.668697986751795" lon="6.989669976755977">
        <ele>31.489999999999998</ele>
      </trkpt>
      <trkpt lat="51.668490031734109" lon="6.988909989595413">
        <ele>31.768999999999998</ele>
      </trkpt>
      <trkpt lat="51.668329015374184" lon="6.988906972110272">
        <ele>31.899999999999999</ele>
      </trkpt>
      <trkpt lat="51.668230025097728" lon="6.98894795961678">
        <ele>31.385000000000002</ele>
      </trkpt>
      <trkpt lat="51.667670030146837" lon="6.989352973178029">
        <ele>31.792999999999999</ele>
      </trkpt>
      <trkpt lat="51.667272979393601" lon="6.989796962589026">
        <ele>30.832999999999998</ele>
      </trkpt>
      <trkpt lat="51.666829995810986" lon="6.990289986133575">
        <ele>31.283000000000001</ele>
      </trkpt>
      <trkpt lat="51.666587004438043" lon="6.990415966138244">
        <ele>31.25</ele>
      </trkpt>
      <trkpt lat="51.666064979508519" lon="6.990564996376634">
        <ele>30.463999999999999</ele>
      </trkpt>
      <trkpt lat="51.665941011160612" lon="6.990611013025045">
        <ele>31.946999999999999</ele>
      </trkpt>
      <trkpt lat="51.665834980085492" lon="6.990871019661427">
        <ele>32.866</ele>
      </trkpt>
      <trkpt lat="51.66582802310586" lon="6.991372006013989">
        <ele>33.43</ele>
      </trkpt>
      <trkpt lat="51.665806984528899" lon="6.992251016199589">
        <ele>32.356999999999999</ele>
      </trkpt>
      <trkpt lat="51.665799021720886" lon="6.993579966947436">
        <ele>32.790999999999997</ele>
      </trkpt>
      <trkpt lat="51.665858030319214" lon="6.994821997359395">
        <ele>32.409999999999997</ele>
      </trkpt>
      <trkpt lat="51.666088029742241" lon="6.996896015480161">
        <ele>32.631999999999998</ele>
      </trkpt>
      <trkpt lat="51.666227001696825" lon="6.998603995889425">
        <ele>33.015000000000001</ele>
      </trkpt>
      <trkpt lat="51.666248962283134" lon="6.999058965593576">
        <ele>32.823999999999998</ele>
      </trkpt>
      <trkpt lat="51.666116025298834" lon="7.000030009075999">
        <ele>32.859000000000002</ele>
      </trkpt>
      <trkpt lat="51.665857024490833" lon="7.001565992832184">
        <ele>33.073</ele>
      </trkpt>
      <trkpt lat="51.665792986750603" lon="7.002948001027107">
        <ele>32.848999999999997</ele>
      </trkpt>
      <trkpt lat="51.66593698784709" lon="7.004502005875111">
        <ele>32.411000000000001</ele>
      </trkpt>
      <trkpt lat="51.666252985596657" lon="7.005776977166534">
        <ele>32.079000000000001</ele>
      </trkpt>
      <trkpt lat="51.666780039668083" lon="7.006997969001532">
        <ele>32.326999999999998</ele>
      </trkpt>
      <trkpt lat="51.667326958850026" lon="7.007836997509003">
        <ele>32.670999999999999</ele>
      </trkpt>
      <trkpt lat="51.667540026828647" lon="7.00806699693203">
        <ele>32.326000000000001</ele>
      </trkpt>
      <trkpt lat="51.667750999331474" lon="7.008172022178769">
        <ele>29.608000000000001</ele>
      </trkpt>
      <trkpt lat="51.66786901652813" lon="7.008221978321672">
        <ele>28.465</ele>
      </trkpt>
      <trkpt lat="51.668180990964174" lon="7.008129023015499">
        <ele>27.760000000000002</ele>
      </trkpt>
      <trkpt lat="51.66864300146699" lon="7.00774697586894">
        <ele>27.539000000000001</ele>
      </trkpt>
      <trkpt lat="51.6689239628613" lon="7.007643962278962">
        <ele>28.946999999999999</ele>
      </trkpt>
      <trkpt lat="51.669034017249942" lon="7.00783004052937">
        <ele>27.855</ele>
      </trkpt>
      <trkpt lat="51.669282037764788" lon="7.008477039635181">
        <ele>27.856000000000002</ele>
      </trkpt>
      <trkpt lat="51.669654026627541" lon="7.009468032047153">
        <ele>28.956</ele>
      </trkpt>
      <trkpt lat="51.670025009661913" lon="7.010468998923898">
        <ele>27.879999999999999</ele>
      </trkpt>
      <trkpt lat="51.670389035716653" lon="7.011425960808992">
        <ele>28.696999999999999</ele>
      </trkpt>
      <trkpt lat="51.670474028214812" lon="7.011941028758884">
        <ele>28.945</ele>
      </trkpt>
      <trkpt lat="51.670468999072909" lon="7.012068014591932">
        <ele>29.158000000000001</ele>
      </trkpt>
      <trkpt lat="51.670638984069228" lon="7.012625997886062">
        <ele>29.648</ele>
      </trkpt>
      <trkpt lat="51.67066203430295" lon="7.012687018141151">
        <ele>29.218</ele>
      </trkpt>
      <trkpt lat="51.67098599486053" lon="7.013562005013228">
        <ele>30.245000000000001</ele>
      </trkpt>
      <trkpt lat="51.671370975673199" lon="7.014585016295314">
        <ele>30.652999999999999</ele>
      </trkpt>
      <trkpt lat="51.671567028388381" lon="7.01511399820447">
        <ele>31.279</ele>
      </trkpt>
      <trkpt lat="51.671672975644469" lon="7.015153979882598">
        <ele>31.045000000000002</ele>
      </trkpt>
      <trkpt lat="51.672346964478493" lon="7.015063958242536">
        <ele>31.308</ele>
      </trkpt>
      <trkpt lat="51.672545028850436" lon="7.016065008938313">
        <ele>31.606000000000002</ele>
      </trkpt>
      <trkpt lat="51.672777039930224" lon="7.016959022730589">
        <ele>31.547000000000001</ele>
      </trkpt>
      <trkpt lat="51.672999998554587" lon="7.017916990444064">
        <ele>32.116999999999997</ele>
      </trkpt>
      <trkpt lat="51.673203008249402" lon="7.018696004524827">
        <ele>33.121000000000002</ele>
      </trkpt>
      <trkpt lat="51.673356983810663" lon="7.019081991165876">
        <ele>33.002000000000002</ele>
      </trkpt>
      <trkpt lat="51.673410963267088" lon="7.019253987818956">
        <ele>33.229999999999997</ele>
      </trkpt>
      <trkpt lat="51.673357989639044" lon="7.019465966150165">
        <ele>33.325000000000003</ele>
      </trkpt>
      <trkpt lat="51.67328498326242" lon="7.01964802108705">
        <ele>33.362000000000002</ele>
      </trkpt>
      <trkpt lat="51.67315598577261" lon="7.020102990791202">
        <ele>33.296999999999997</ele>
      </trkpt>
      <trkpt lat="51.673097983002663" lon="7.020350005477667">
        <ele>33.427</ele>
      </trkpt>
      <trkpt lat="51.673021037131548" lon="7.021037992089987">
        <ele>32.607999999999997</ele>
      </trkpt>
      <trkpt lat="51.67279296554625" lon="7.021070010960102">
        <ele>31.428999999999998</ele>
      </trkpt>
      <trkpt lat="51.672273958101869" lon="7.021149974316359">
        <ele>31.408000000000001</ele>
      </trkpt>
      <trkpt lat="51.671668030321598" lon="7.021253993734717">
        <ele>31.347000000000001</ele>
      </trkpt>
      <trkpt lat="51.67118196375668" lon="7.021419033408165">
        <ele>32.337000000000003</ele>
      </trkpt>
      <trkpt lat="51.670732023194432" lon="7.021765960380435">
        <ele>31.727</ele>
      </trkpt>
      <trkpt lat="51.670157024636865" lon="7.022373983636499">
        <ele>32.585000000000001</ele>
      </trkpt>
      <trkpt lat="51.669803978875279" lon="7.022748989984393">
        <ele>33.113999999999997</ele>
      </trkpt>
      <trkpt lat="51.669321013614535" lon="7.023258022964001">
        <ele>33.387999999999998</ele>
      </trkpt>
      <trkpt lat="51.669093025848269" lon="7.023517023772001">
        <ele>35.404000000000003</ele>
      </trkpt>
      <trkpt lat="51.669182041659951" lon="7.02374903485179">
        <ele>34.863</ele>
      </trkpt>
      <trkpt lat="51.669397037476301" lon="7.02422596514225">
        <ele>35.191000000000003</ele>
      </trkpt>
      <trkpt lat="51.669642962515354" lon="7.024877993389964">
        <ele>35.779000000000003</ele>
      </trkpt>
      <trkpt lat="51.669742958620191" lon="7.025227015838027">
        <ele>35.801000000000002</ele>
      </trkpt>
      <trkpt lat="51.669875979423523" lon="7.025806959718466">
        <ele>36.298999999999999</ele>
      </trkpt>
      <trkpt lat="51.670064991340041" lon="7.026669038459659">
        <ele>36.021999999999998</ele>
      </trkpt>
      <trkpt lat="51.670359028503299" lon="7.028080970048904">
        <ele>35.033000000000001</ele>
      </trkpt>
      <trkpt lat="51.670461958274245" lon="7.028596037998796">
        <ele>34.884999999999998</ele>
      </trkpt>
      <trkpt lat="51.670519961044192" lon="7.028982024639845">
        <ele>34.851999999999997</ele>
      </trkpt>
      <trkpt lat="51.670794971287251" lon="7.030256995931268">
        <ele>35.057000000000002</ele>
      </trkpt>
      <trkpt lat="51.670962022617459" lon="7.031009020283818">
        <ele>34.889000000000003</ele>
      </trkpt>
      <trkpt lat="51.671324037015438" lon="7.031720979139209">
        <ele>35.594000000000001</ele>
      </trkpt>
      <trkpt lat="51.671905992552638" lon="7.032749019563198">
        <ele>35.969999999999999</ele>
      </trkpt>
      <trkpt lat="51.672283010557294" lon="7.033497020602226">
        <ele>35.210000000000001</ele>
      </trkpt>
      <trkpt lat="51.672463975846767" lon="7.033889964222908">
        <ele>36.320999999999998</ele>
      </trkpt>
      <trkpt lat="51.672580987215042" lon="7.034131027758122">
        <ele>35.356999999999999</ele>
      </trkpt>
      <trkpt lat="51.672687018290162" lon="7.034276034682989">
        <ele>35.758000000000003</ele>
      </trkpt>
      <trkpt lat="51.672771004959941" lon="7.034431016072631">
        <ele>35.603999999999999</ele>
      </trkpt>
      <trkpt lat="51.672993963584304" lon="7.034822031855583">
        <ele>36.139000000000003</ele>
      </trkpt>
      <trkpt lat="51.673253970220685" lon="7.035254035145044">
        <ele>36.25</ele>
      </trkpt>
      <trkpt lat="51.673785969614983" lon="7.036194987595081">
        <ele>36.280000000000001</ele>
      </trkpt>
      <trkpt lat="51.674302965402603" lon="7.037100987508893">
        <ele>37.091000000000001</ele>
      </trkpt>
      <trkpt lat="51.67461502365768" lon="7.037470964714885">
        <ele>36.155000000000001</ele>
      </trkpt>
      <trkpt lat="51.675192033872008" lon="7.038093991577625">
        <ele>36.670999999999999</ele>
      </trkpt>
      <trkpt lat="51.675420021638274" lon="7.038458017632365">
        <ele>36.497999999999998</ele>
      </trkpt>
      <trkpt lat="51.675679022446275" lon="7.038989011198282">
        <ele>36.694000000000003</ele>
      </trkpt>
      <trkpt lat="51.675950009375811" lon="7.039646990597248">
        <ele>36.890999999999998</ele>
      </trkpt>
      <trkpt lat="51.676198029890656" lon="7.040311004966497">
        <ele>36.734999999999999</ele>
      </trkpt>
      <trkpt lat="51.676303977146745" lon="7.040662039071322">
        <ele>36.156999999999996</ele>
      </trkpt>
      <trkpt lat="51.67635602876544" lon="7.041507018730044">
        <ele>34.880000000000003</ele>
      </trkpt>
      <trkpt lat="51.676575969904661" lon="7.042331965640187">
        <ele>33.426000000000002</ele>
      </trkpt>
      <trkpt lat="51.676630033180118" lon="7.042462974786758">
        <ele>33.667999999999999</ele>
      </trkpt>
      <trkpt lat="51.677062036469579" lon="7.044023014605045">
        <ele>32.810000000000002</ele>
      </trkpt>
      <trkpt lat="51.677134959027171" lon="7.044218983501196">
        <ele>32.436</ele>
      </trkpt>
      <trkpt lat="51.677411980926991" lon="7.044950975105166">
        <ele>33.421999999999997</ele>
      </trkpt>
      <trkpt lat="51.67747501283884" lon="7.045143004506826">
        <ele>32.805999999999997</ele>
      </trkpt>
      <trkpt lat="51.677572997286916" lon="7.045404016971588">
        <ele>33.216999999999999</ele>
      </trkpt>
      <trkpt lat="51.67775496840477" lon="7.04573099501431">
        <ele>34.173000000000002</ele>
      </trkpt>
      <trkpt lat="51.677983039990067" lon="7.046123016625643">
        <ele>34.219000000000001</ele>
      </trkpt>
      <trkpt lat="51.678282022476196" lon="7.047172011807561">
        <ele>33.865000000000002</ele>
      </trkpt>
      <trkpt lat="51.678301971405745" lon="7.047249041497707">
        <ele>33.962000000000003</ele>
      </trkpt>
      <trkpt lat="51.678416971117258" lon="7.047526985406876">
        <ele>33.213999999999999</ele>
      </trkpt>
      <trkpt lat="51.679012002423406" lon="7.04809301532805">
        <ele>33.162999999999997</ele>
      </trkpt>
      <trkpt lat="51.67940896935761" lon="7.048617973923683">
        <ele>33.816000000000003</ele>
      </trkpt>
      <trkpt lat="51.679979022592306" lon="7.04944702796638">
        <ele>34</ele>
      </trkpt>
      <trkpt lat="51.680493000894785" lon="7.050266023725271">
        <ele>33.939999999999998</ele>
      </trkpt>
      <trkpt lat="51.680908994749188" lon="7.050893995910883">
        <ele>32.052999999999997</ele>
      </trkpt>
      <trkpt lat="51.681012008339167" lon="7.051030034199357">
        <ele>31.978999999999999</ele>
      </trkpt>
      <trkpt lat="51.681459015235305" lon="7.051648031920195">
        <ele>32.246000000000002</ele>
      </trkpt>
      <trkpt lat="51.682040970772505" lon="7.052503991872072">
        <ele>32.965000000000003</ele>
      </trkpt>
      <trkpt lat="51.682254038751125" lon="7.05290799960494">
        <ele>31.405000000000001</ele>
      </trkpt>
      <trkpt lat="51.682751001790166" lon="7.053961018100381">
        <ele>32.609999999999999</ele>
      </trkpt>
      <trkpt lat="51.683318959549069" lon="7.05512098968029">
        <ele>31.518999999999998</ele>
      </trkpt>
      <trkpt lat="51.683968976140022" lon="7.056468967348337">
        <ele>31.824999999999999</ele>
      </trkpt>
      <trkpt lat="51.684658974409103" lon="7.057613013312221">
        <ele>31.719999999999999</ele>
      </trkpt>
      <trkpt lat="51.684857038781047" lon="7.058109976351261">
        <ele>32.276000000000003</ele>
      </trkpt>
      <trkpt lat="51.684978995472193" lon="7.058844985440373">
        <ele>32.746000000000002</ele>
      </trkpt>
      <trkpt lat="51.685225004330277" lon="7.05976196564734">
        <ele>33.746000000000002</ele>
      </trkpt>
      <trkpt lat="51.68529599905014" lon="7.060754969716072">
        <ele>34.363</ele>
      </trkpt>
      <trkpt lat="51.68544402346015" lon="7.061667004600167">
        <ele>34.243000000000002</ele>
      </trkpt>
      <trkpt lat="51.685398006811738" lon="7.062526987865567">
        <ele>34.159999999999997</ele>
      </trkpt>
      <trkpt lat="51.6850580368191" lon="7.06356299109757">
        <ele>34.329999999999998</ele>
      </trkpt>
      <trkpt lat="51.68492903932929" lon="7.064193980768323">
        <ele>35.228999999999999</ele>
      </trkpt>
      <trkpt lat="51.684929961338639" lon="7.064641993492842">
        <ele>34.018000000000001</ele>
      </trkpt>
      <trkpt lat="51.685056025162339" lon="7.065593004226685">
        <ele>34.353000000000002</ele>
      </trkpt>
      <trkpt lat="51.685356013476849" lon="7.066380986943841">
        <ele>34.881</ele>
      </trkpt>
      <trkpt lat="51.685491967946291" lon="7.066738978028297">
        <ele>35.593000000000004</ele>
      </trkpt>
      <trkpt lat="51.685550976544619" lon="7.0671930257231">
        <ele>35.503999999999998</ele>
      </trkpt>
      <trkpt lat="51.685731019824743" lon="7.06811998039484">
        <ele>36.747</ele>
      </trkpt>
      <trkpt lat="51.685911985114217" lon="7.068103970959783">
        <ele>37.277999999999999</ele>
      </trkpt>
      <trkpt lat="51.685965964570642" lon="7.06805401481688">
        <ele>36.844000000000001</ele>
      </trkpt>
      <trkpt lat="51.686091022565961" lon="7.067938009276986">
        <ele>37.037999999999997</ele>
      </trkpt>
      <trkpt lat="51.686537023633718" lon="7.067640032619238">
        <ele>37.448</ele>
      </trkpt>
      <trkpt lat="51.686885040253401" lon="7.06779601983726">
        <ele>39.146000000000001</ele>
      </trkpt>
      <trkpt lat="51.687094001099467" lon="7.068191980943084">
        <ele>39.899000000000001</ele>
      </trkpt>
      <trkpt lat="51.687201038002968" lon="7.06824503839016">
        <ele>39.436</ele>
      </trkpt>
      <trkpt lat="51.687620971351862" lon="7.067871959879994">
        <ele>38.238999999999997</ele>
      </trkpt>
      <trkpt lat="51.688435021787882" lon="7.067224960774183">
        <ele>36.308999999999997</ele>
      </trkpt>
      <trkpt lat="51.689361976459622" lon="7.06672397442162">
        <ele>36.713999999999999</ele>
      </trkpt>
      <trkpt lat="51.69053703546524" lon="7.066430021077395">
        <ele>36.061999999999998</ele>
      </trkpt>
      <trkpt lat="51.691649984568357" lon="7.066458016633987">
        <ele>35.503999999999998</ele>
      </trkpt>
      <trkpt lat="51.692585991695523" lon="7.06672003492713">
        <ele>35.279000000000003</ele>
      </trkpt>
      <trkpt lat="51.693510012701154" lon="7.067189002409577">
        <ele>35.32</ele>
      </trkpt>
      <trkpt lat="51.694324985146523" lon="7.067829966545105">
        <ele>35.173000000000002</ele>
      </trkpt>
      <trkpt lat="51.694870982319117" lon="7.068341011181474">
        <ele>34.951999999999998</ele>
      </trkpt>
      <trkpt lat="51.694928985089064" lon="7.068104976788163">
        <ele>34.042999999999999</ele>
      </trkpt>
      <trkpt lat="51.694943988695741" lon="7.067894004285336">
        <ele>32.707000000000001</ele>
      </trkpt>
      <trkpt lat="51.694976007565856" lon="7.06773298792541">
        <ele>31.670000000000002</ele>
      </trkpt>
      <trkpt lat="51.695086983963847" lon="7.067611031234264">
        <ele>32.274000000000001</ele>
      </trkpt>
      <trkpt lat="51.695472970604897" lon="7.067341972142458">
        <ele>32.570999999999998</ele>
      </trkpt>
      <trkpt lat="51.695596016943455" lon="7.067249016836286">
        <ele>32.712000000000003</ele>
      </trkpt>
      <trkpt lat="51.696158023551106" lon="7.066862024366856">
        <ele>32.353000000000002</ele>
      </trkpt>
      <trkpt lat="51.696672001853585" lon="7.066654991358519">
        <ele>32.767000000000003</ele>
      </trkpt>
      <trkpt lat="51.697343979030848" lon="7.066411999985576">
        <ele>32.960000000000001</ele>
      </trkpt>
      <trkpt lat="51.697656959295273" lon="7.066365983337164">
        <ele>33.167000000000002</ele>
      </trkpt>
      <trkpt lat="51.697757039219141" lon="7.066362965852022">
        <ele>33.152999999999999</ele>
      </trkpt>
      <trkpt lat="51.697976980358362" lon="7.066659014672041">
        <ele>33.917999999999999</ele>
      </trkpt>
      <trkpt lat="51.698352992534637" lon="7.067321017384529">
        <ele>35.183999999999997</ele>
      </trkpt>
      <trkpt lat="51.69881097972393" lon="7.068083016201854">
        <ele>34.838000000000001</ele>
      </trkpt>
      <trkpt lat="51.699267039075494" lon="7.068860018625855">
        <ele>34.973999999999997</ele>
      </trkpt>
      <trkpt lat="51.699451021850109" lon="7.068855995312333">
        <ele>35.033999999999999</ele>
      </trkpt>
      <trkpt lat="51.699929041787982" lon="7.06854896619916">
        <ele>34.713000000000001</ele>
      </trkpt>
      <trkpt lat="51.700015962123871" lon="7.068837974220514">
        <ele>34.521000000000001</ele>
      </trkpt>
      <trkpt lat="51.700061978772283" lon="7.069036960601807">
        <ele>34.82</ele>
      </trkpt>
      <trkpt lat="51.700152000412345" lon="7.069309037178755">
        <ele>34.920000000000002</ele>
      </trkpt>
      <trkpt lat="51.700277980417013" lon="7.069723019376397">
        <ele>35.231000000000002</ele>
      </trkpt>
      <trkpt lat="51.70037898235023" lon="7.070072963833809">
        <ele>34.695999999999998</ele>
      </trkpt>
      <trkpt lat="51.700558019801974" lon="7.070819959044457">
        <ele>33.468000000000004</ele>
      </trkpt>
      <trkpt lat="51.700815008953214" lon="7.071772981435061">
        <ele>32.594000000000001</ele>
      </trkpt>
      <trkpt lat="51.701159002259374" lon="7.073050970211625">
        <ele>33.201000000000001</ele>
      </trkpt>
      <trkpt lat="51.701351031661034" lon="7.073753960430622">
        <ele>33.542999999999999</ele>
      </trkpt>
      <trkpt lat="51.701603997498751" lon="7.07462802529335">
        <ele>32.414999999999999</ele>
      </trkpt>
      <trkpt lat="51.701787980273366" lon="7.07531601190567">
        <ele>33.607999999999997</ele>
      </trkpt>
      <trkpt lat="51.701962994411588" lon="7.076039034873247">
        <ele>33.948999999999998</ele>
      </trkpt>
      <trkpt lat="51.702049998566508" lon="7.076329970732331">
        <ele>32.808999999999997</ele>
      </trkpt>
      <trkpt lat="51.702255019918084" lon="7.077240999788046">
        <ele>32.826999999999998</ele>
      </trkpt>
      <trkpt lat="51.702261976897717" lon="7.078138031065464">
        <ele>33.167999999999999</ele>
      </trkpt>
      <trkpt lat="51.702224006876349" lon="7.07834598608315">
        <ele>33.027999999999999</ele>
      </trkpt>
      <trkpt lat="51.702174972742796" lon="7.078566011041403">
        <ele>33.308999999999997</ele>
      </trkpt>
      <trkpt lat="51.702008005231619" lon="7.079497994855046">
        <ele>33.426000000000002</ele>
      </trkpt>
      <trkpt lat="51.701899040490389" lon="7.079857997596264">
        <ele>33.609000000000002</ele>
      </trkpt>
      <trkpt lat="51.701620006933808" lon="7.079905020073056">
        <ele>34.143000000000001</ele>
      </trkpt>
      <trkpt lat="51.700921040028334" lon="7.080066036432982">
        <ele>34.176000000000002</ele>
      </trkpt>
      <trkpt lat="51.700201034545898" lon="7.080422015860677">
        <ele>34.491</ele>
      </trkpt>
      <trkpt lat="51.699949996545911" lon="7.080617984756827">
        <ele>35.244999999999997</ele>
      </trkpt>
      <trkpt lat="51.69971102848649" lon="7.081054011359811">
        <ele>33.743000000000002</ele>
      </trkpt>
      <trkpt lat="51.699567027390003" lon="7.081961017102003">
        <ele>33.601999999999997</ele>
      </trkpt>
      <trkpt lat="51.699654031544924" lon="7.083130041137338">
        <ele>33.649000000000001</ele>
      </trkpt>
      <trkpt lat="51.699765007942915" lon="7.084317002445459">
        <ele>33.692</ele>
      </trkpt>
      <trkpt lat="51.69983902014792" lon="7.085811998695135">
        <ele>34.445</ele>
      </trkpt>
      <trkpt lat="51.699809012934566" lon="7.08698102273047">
        <ele>34.805999999999997</ele>
      </trkpt>
      <trkpt lat="51.699801972135901" lon="7.088254988193512">
        <ele>35.021999999999998</ele>
      </trkpt>
      <trkpt lat="51.699674986302853" lon="7.089397022500634">
        <ele>34.540999999999997</ele>
      </trkpt>
      <trkpt lat="51.699611032381654" lon="7.089720983058214">
        <ele>36.340000000000003</ele>
      </trkpt>
      <trkpt lat="51.69958496466279" lon="7.090177964419127">
        <ele>36.585000000000001</ele>
      </trkpt>
      <trkpt lat="51.699844971299171" lon="7.090494967997074">
        <ele>33.412999999999997</ele>
      </trkpt>
      <trkpt lat="51.699987966567278" lon="7.090625977143645">
        <ele>33.759999999999998</ele>
      </trkpt>
      <trkpt lat="51.70022601261735" lon="7.090768972411752">
        <ele>34.287999999999997</ele>
      </trkpt>
      <trkpt lat="51.70035601593554" lon="7.090780958533287">
        <ele>32.683</ele>
      </trkpt>
      <trkpt lat="51.700542010366917" lon="7.090769978240132">
        <ele>33.683999999999997</ele>
      </trkpt>
      <trkpt lat="51.701121032238007" lon="7.090909034013748">
        <ele>33.036000000000001</ele>
      </trkpt>
      <trkpt lat="51.702031977474689" lon="7.091183038428426">
        <ele>32.429000000000002</ele>
      </trkpt>
      <trkpt lat="51.702821971848607" lon="7.09142804145813">
        <ele>31.477</ele>
      </trkpt>
      <trkpt lat="51.703269984573126" lon="7.091569025069475">
        <ele>31.498999999999999</ele>
      </trkpt>
      <trkpt lat="51.70372998341918" lon="7.091700034216046">
        <ele>30.530000000000001</ele>
      </trkpt>
      <trkpt lat="51.70445904135704" lon="7.091917963698506">
        <ele>30.960999999999999</ele>
      </trkpt>
      <trkpt lat="51.705137975513935" lon="7.092131031677127">
        <ele>29.739999999999998</ele>
      </trkpt>
      <trkpt lat="51.705868961289525" lon="7.092383997514844">
        <ele>29.23</ele>
      </trkpt>
      <trkpt lat="51.706040035933256" lon="7.092442000284791">
        <ele>29.079999999999998</ele>
      </trkpt>
      <trkpt lat="51.706161992624402" lon="7.092479970306158">
        <ele>28.146000000000001</ele>
      </trkpt>
      <trkpt lat="51.70645602978766" lon="7.09256898611784">
        <ele>28.306000000000001</ele>
      </trkpt>
      <trkpt lat="51.706505985930562" lon="7.092663031071425">
        <ele>29.308</ele>
      </trkpt>
      <trkpt lat="51.706619979813695" lon="7.093061003834009">
        <ele>29.483000000000001</ele>
      </trkpt>
      <trkpt lat="51.7066939920187" lon="7.093350011855364">
        <ele>29.177</ele>
      </trkpt>
      <trkpt lat="51.706893984228373" lon="7.094045961275697">
        <ele>29.262</ele>
      </trkpt>
      <trkpt lat="51.707205958664417" lon="7.095222026109695">
        <ele>28.616</ele>
      </trkpt>
      <trkpt lat="51.707556992769241" lon="7.096502026543021">
        <ele>27.934000000000001</ele>
      </trkpt>
      <trkpt lat="51.707807024940848" lon="7.097434010356665">
        <ele>27.457000000000001</ele>
      </trkpt>
      <trkpt lat="51.707858992740512" lon="7.097616987302899">
        <ele>27.206</ele>
      </trkpt>
      <trkpt lat="51.707926969975233" lon="7.097821002826095">
        <ele>27.065000000000001</ele>
      </trkpt>
      <trkpt lat="51.708178007975221" lon="7.098666988313198">
        <ele>25.901</ele>
      </trkpt>
      <trkpt lat="51.708307005465031" lon="7.09908097051084">
        <ele>26.681000000000001</ele>
      </trkpt>
      <trkpt lat="51.708384035155177" lon="7.099276017397642">
        <ele>26.870999999999999</ele>
      </trkpt>
      <trkpt lat="51.708645969629288" lon="7.10006601177156">
        <ele>26.495999999999999</ele>
      </trkpt>
      <trkpt lat="51.708730040118098" lon="7.100329035893083">
        <ele>26.524000000000001</ele>
      </trkpt>
      <trkpt lat="51.708930032327771" lon="7.100962959229946">
        <ele>26.364000000000001</ele>
      </trkpt>
      <trkpt lat="51.70918601565063" lon="7.101725963875651">
        <ele>25.885000000000002</ele>
      </trkpt>
      <trkpt lat="51.709408974274993" lon="7.102488968521357">
        <ele>24.908000000000001</ele>
      </trkpt>
      <trkpt lat="51.709465971216559" lon="7.10264302790165">
        <ele>25.434000000000001</ele>
      </trkpt>
      <trkpt lat="51.709615001454949" lon="7.103060027584434">
        <ele>25.027000000000001</ele>
      </trkpt>
      <trkpt lat="51.709783980622888" lon="7.103609964251518">
        <ele>25.710000000000001</ele>
      </trkpt>
      <trkpt lat="51.709952959790826" lon="7.104198960587382">
        <ele>25.231999999999999</ele>
      </trkpt>
      <trkpt lat="51.710126968100667" lon="7.104583019390702">
        <ele>24.082999999999998</ele>
      </trkpt>
      <trkpt lat="51.710236016660929" lon="7.104892982169986">
        <ele>24.545000000000002</ele>
      </trkpt>
      <trkpt lat="51.710471967235208" lon="7.105664033442736">
        <ele>24.448</ele>
      </trkpt>
      <trkpt lat="51.710764998570085" lon="7.106623006984592">
        <ele>23.934999999999999</ele>
      </trkpt>
      <trkpt lat="51.710914028808475" lon="7.107073031365871">
        <ele>23.058</ele>
      </trkpt>
      <trkpt lat="51.711037997156382" lon="7.107461029663682">
        <ele>24.036000000000001</ele>
      </trkpt>
      <trkpt lat="51.71124997548759" lon="7.108191009610891">
        <ele>24.347000000000001</ele>
      </trkpt>
      <trkpt lat="51.711479974910617" lon="7.108944961801171">
        <ele>24.917000000000002</ele>
      </trkpt>
      <trkpt lat="51.711724977940321" lon="7.109776027500629">
        <ele>25.050999999999998</ele>
      </trkpt>
      <trkpt lat="51.712009040638804" lon="7.110684961080551">
        <ele>26.007999999999999</ele>
      </trkpt>
      <trkpt lat="51.712224036455154" lon="7.111427010968328">
        <ele>27.530000000000001</ele>
      </trkpt>
      <trkpt lat="51.712609017267823" lon="7.112277019768953">
        <ele>28.382999999999999</ele>
      </trkpt>
      <trkpt lat="51.712866006419063" lon="7.112934999167919">
        <ele>28.797000000000001</ele>
      </trkpt>
      <trkpt lat="51.713150991126895" lon="7.113784002140164">
        <ele>28.855</ele>
      </trkpt>
      <trkpt lat="51.713400017470121" lon="7.114615989848971">
        <ele>30.129000000000001</ele>
      </trkpt>
      <trkpt lat="51.71350596472621" lon="7.11502100341022">
        <ele>30.126999999999999</ele>
      </trkpt>
      <trkpt lat="51.713789021596313" lon="7.115804040804505">
        <ele>31.390000000000001</ele>
      </trkpt>
      <trkpt lat="51.714108036831021" lon="7.116810958832502">
        <ele>32.039000000000001</ele>
      </trkpt>
      <trkpt lat="51.71444901265204" lon="7.117774039506912">
        <ele>31.670999999999999</ele>
      </trkpt>
      <trkpt lat="51.714551020413637" lon="7.118143010884523">
        <ele>31.876000000000001</ele>
      </trkpt>
      <trkpt lat="51.714718993753195" lon="7.118694959208369">
        <ele>32.655999999999999</ele>
      </trkpt>
      <trkpt lat="51.714754030108452" lon="7.118921019136906">
        <ele>33.182000000000002</ele>
      </trkpt>
      <trkpt lat="51.714790994301438" lon="7.119311029091477">
        <ele>31.975999999999999</ele>
      </trkpt>
      <trkpt lat="51.715021999552846" lon="7.120047966018319">
        <ele>32.683999999999997</ele>
      </trkpt>
      <trkpt lat="51.715230038389564" lon="7.120680967345834">
        <ele>32.764000000000003</ele>
      </trkpt>
      <trkpt lat="51.715329028666019" lon="7.120925970375538">
        <ele>33.988</ele>
      </trkpt>
      <trkpt lat="51.715412009507418" lon="7.121131997555494">
        <ele>33.314</ele>
      </trkpt>
      <trkpt lat="51.715587023645639" lon="7.121641030535102">
        <ele>33.965000000000003</ele>
      </trkpt>
      <trkpt lat="51.715707974508405" lon="7.122006984427571">
        <ele>33.781999999999996</ele>
      </trkpt>
      <trkpt lat="51.716003017500043" lon="7.12294802069664">
        <ele>33.679000000000002</ele>
      </trkpt>
      <trkpt lat="51.716048028320074" lon="7.123079029843211">
        <ele>33.945</ele>
      </trkpt>
      <trkpt lat="51.716114999726415" lon="7.123237028717995">
        <ele>33.874000000000002</ele>
      </trkpt>
      <trkpt lat="51.716192029416561" lon="7.123441966250539">
        <ele>34.067999999999998</ele>
      </trkpt>
      <trkpt lat="51.716366959735751" lon="7.123686969280243">
        <ele>34.134</ele>
      </trkpt>
      <trkpt lat="51.716438960283995" lon="7.123972959816456">
        <ele>34.040999999999997</ele>
      </trkpt>
      <trkpt lat="51.716434014961123" lon="7.124093994498253">
        <ele>33.000999999999998</ele>
      </trkpt>
      <trkpt lat="51.716493023559451" lon="7.124421978369355">
        <ele>32.430999999999997</ele>
      </trkpt>
      <trkpt lat="51.716561000794172" lon="7.124620964750648">
        <ele>33.128999999999998</ele>
      </trkpt>
      <trkpt lat="51.71668597497046" lon="7.124893041327596">
        <ele>33.845999999999997</ele>
      </trkpt>
      <trkpt lat="51.71685797162354" lon="7.125531993806362">
        <ele>33.677999999999997</ele>
      </trkpt>
      <trkpt lat="51.716948999091983" lon="7.12578403763473">
        <ele>34.265999999999998</ele>
      </trkpt>
      <trkpt lat="51.717141028493643" lon="7.126329028978944">
        <ele>33.661000000000001</ele>
      </trkpt>
      <trkpt lat="51.717303972691298" lon="7.126855999231339">
        <ele>33.875</ele>
      </trkpt>
      <trkpt lat="51.717387037351727" lon="7.127039982005954">
        <ele>33.853999999999999</ele>
      </trkpt>
      <trkpt lat="51.717527015134692" lon="7.127061020582914">
        <ele>33.723999999999997</ele>
      </trkpt>
      <trkpt lat="51.717646960169077" lon="7.127356985583901">
        <ele>32.969000000000001</ele>
      </trkpt>
      <trkpt lat="51.71795398928225" lon="7.128403969109058">
        <ele>33</ele>
      </trkpt>
      <trkpt lat="51.718166973441839" lon="7.129112994298339">
        <ele>33.442999999999998</ele>
      </trkpt>
      <trkpt lat="51.71827501617372" lon="7.12939496152103">
        <ele>33.520000000000003</ele>
      </trkpt>
      <trkpt lat="51.718504009768367" lon="7.130070962011814">
        <ele>34.942</ele>
      </trkpt>
      <trkpt lat="51.718609035015106" lon="7.130623999983072">
        <ele>35.414999999999999</ele>
      </trkpt>
      <trkpt lat="51.718599982559681" lon="7.130762971937656">
        <ele>34.911999999999999</ele>
      </trkpt>
      <trkpt lat="51.718638958409429" lon="7.13087503798306">
        <ele>35.871000000000002</ele>
      </trkpt>
      <trkpt lat="51.71866100281477" lon="7.131044017150998">
        <ele>35.173999999999999</ele>
      </trkpt>
      <trkpt lat="51.718697967007756" lon="7.13134802877903">
        <ele>34.462000000000003</ele>
      </trkpt>
      <trkpt lat="51.718797041103244" lon="7.131869969889522">
        <ele>34.113</ele>
      </trkpt>
      <trkpt lat="51.718969959765673" lon="7.132675973698497">
        <ele>33.915999999999997</ele>
      </trkpt>
      <trkpt lat="51.719121001660824" lon="7.133249966427684">
        <ele>33.993000000000002</ele>
      </trkpt>
      <trkpt lat="51.719255028292537" lon="7.134192008525133">
        <ele>34.939</ele>
      </trkpt>
      <trkpt lat="51.719444962218404" lon="7.135004969313741">
        <ele>35.107999999999997</ele>
      </trkpt>
      <trkpt lat="51.719734976068139" lon="7.135608969256282">
        <ele>35.308999999999997</ele>
      </trkpt>
      <trkpt lat="51.71979901380837" lon="7.135765040293336">
        <ele>34.289000000000001</ele>
      </trkpt>
      <trkpt lat="51.719872020184994" lon="7.135960003361106">
        <ele>33.268000000000001</ele>
      </trkpt>
      <trkpt lat="51.719973022118211" lon="7.136309025809169">
        <ele>30.419</ele>
      </trkpt>
      <trkpt lat="51.720219030976295" lon="7.136862985789776">
        <ele>30.922000000000001</ele>
      </trkpt>
      <trkpt lat="51.720289019867778" lon="7.137005981057882">
        <ele>31.067</ele>
      </trkpt>
      <trkpt lat="51.72035800293088" lon="7.137144031003118">
        <ele>31.428999999999998</ele>
      </trkpt>
      <trkpt lat="51.720608035102487" lon="7.137981969863176">
        <ele>31.949999999999999</ele>
      </trkpt>
      <trkpt lat="51.720726974308491" lon="7.138974973931909">
        <ele>33.595999999999997</ele>
      </trkpt>
      <trkpt lat="51.72074499540031" lon="7.139110006392002">
        <ele>34.192999999999998</ele>
      </trkpt>
      <trkpt lat="51.720992010086775" lon="7.139831017702818">
        <ele>37.012999999999998</ele>
      </trkpt>
      <trkpt lat="51.721178004518151" lon="7.140226978808641">
        <ele>38.191000000000003</ele>
      </trkpt>
      <trkpt lat="51.721301972866058" lon="7.14041699655354">
        <ele>38.042999999999999</ele>
      </trkpt>
      <trkpt lat="51.721502970904112" lon="7.140921000391245">
        <ele>38.662999999999997</ele>
      </trkpt>
      <trkpt lat="51.721722995862365" lon="7.141399020329118">
        <ele>39.530999999999999</ele>
      </trkpt>
      <trkpt lat="51.721862973645329" lon="7.141829011961818">
        <ele>40.305999999999997</ele>
      </trkpt>
      <trkpt lat="51.721945032477379" lon="7.142227990552783">
        <ele>40.167999999999999</ele>
      </trkpt>
      <trkpt lat="51.721966993063688" lon="7.142362017184496">
        <ele>40.314</ele>
      </trkpt>
      <trkpt lat="51.722086016088724" lon="7.142464024946094">
        <ele>41.225999999999999</ele>
      </trkpt>
      <trkpt lat="51.722264969721437" lon="7.142601991072297">
        <ele>41.369</ele>
      </trkpt>
      <trkpt lat="51.722348034381866" lon="7.142604002729058">
        <ele>41.404000000000003</ele>
      </trkpt>
      <trkpt lat="51.722396984696388" lon="7.142647001892328">
        <ele>40.923000000000002</ele>
      </trkpt>
      <trkpt lat="51.722386004403234" lon="7.142945984378457">
        <ele>40.468000000000004</ele>
      </trkpt>
      <trkpt lat="51.722266981378198" lon="7.143604969605804">
        <ele>40.838000000000001</ele>
      </trkpt>
      <trkpt lat="51.722267987206578" lon="7.143662972375751">
        <ele>40.396000000000001</ele>
      </trkpt>
      <trkpt lat="51.722263963893056" lon="7.143876040354371">
        <ele>40.838999999999999</ele>
      </trkpt>
      <trkpt lat="51.722331019118428" lon="7.143972013145685">
        <ele>40.927</ele>
      </trkpt>
      <trkpt lat="51.722343005239964" lon="7.144071003422141">
        <ele>41.103000000000002</ele>
      </trkpt>
      <trkpt lat="51.722416011616588" lon="7.144475011155009">
        <ele>40.752000000000002</ele>
      </trkpt>
      <trkpt lat="51.722540985792875" lon="7.145162997767329">
        <ele>40.161999999999999</ele>
      </trkpt>
      <trkpt lat="51.722676018252969" lon="7.146006971597672">
        <ele>40.457999999999998</ele>
      </trkpt>
      <trkpt lat="51.72285296022892" lon="7.147017996758223">
        <ele>40.756999999999998</ele>
      </trkpt>
      <trkpt lat="51.722998972982168" lon="7.147851996123791">
        <ele>40.298999999999999</ele>
      </trkpt>
      <trkpt lat="51.723144985735416" lon="7.148683983832598">
        <ele>41.116999999999997</ele>
      </trkpt>
      <trkpt lat="51.723242970183492" lon="7.149156974628568">
        <ele>41.369999999999997</ele>
      </trkpt>
      <trkpt lat="51.723316982388496" lon="7.149409018456936">
        <ele>41.670000000000002</ele>
      </trkpt>
      <trkpt lat="51.72336702235043" lon="7.149702971801162">
        <ele>42.006</ele>
      </trkpt>
      <trkpt lat="51.723415972664952" lon="7.149887960404158">
        <ele>41.490000000000002</ele>
      </trkpt>
      <trkpt lat="51.723483027890325" lon="7.150217033922672">
        <ele>40.909999999999997</ele>
      </trkpt>
      <trkpt lat="51.723557040095329" lon="7.150677032768726">
        <ele>41.387999999999998</ele>
      </trkpt>
      <trkpt lat="51.723597021773458" lon="7.15092203579843">
        <ele>40.969000000000001</ele>
      </trkpt>
      <trkpt lat="51.723792990669608" lon="7.151685962453485">
        <ele>40.869999999999997</ele>
      </trkpt>
      <trkpt lat="51.723959036171436" lon="7.152222990989685">
        <ele>40.731000000000002</ele>
      </trkpt>
      <trkpt lat="51.724116029217839" lon="7.152797989547253">
        <ele>40.265000000000001</ele>
      </trkpt>
      <trkpt lat="51.724201021715999" lon="7.153111975640059">
        <ele>40.881999999999998</ele>
      </trkpt>
      <trkpt lat="51.724288025870919" lon="7.153370976448059">
        <ele>40.313000000000002</ele>
      </trkpt>
      <trkpt lat="51.72441802918911" lon="7.153757968917489">
        <ele>39.634999999999998</ele>
      </trkpt>
      <trkpt lat="51.724602011963725" lon="7.154329027980566">
        <ele>39.411999999999999</ele>
      </trkpt>
      <trkpt lat="51.724794041365385" lon="7.154900003224611">
        <ele>39.265999999999998</ele>
      </trkpt>
      <trkpt lat="51.725080031901598" lon="7.155678011476994">
        <ele>39.338999999999999</ele>
      </trkpt>
      <trkpt lat="51.725167036056519" lon="7.155893007293344">
        <ele>38.948</ele>
      </trkpt>
      <trkpt lat="51.725315982475877" lon="7.156216967850924">
        <ele>39.561</ele>
      </trkpt>
      <trkpt lat="51.725527038797736" lon="7.156707979738712">
        <ele>39.042999999999999</ele>
      </trkpt>
      <trkpt lat="51.725812023505569" lon="7.157341986894608">
        <ele>39.606999999999999</ele>
      </trkpt>
      <trkpt lat="51.725973961874843" lon="7.157696038484573">
        <ele>39.700000000000003</ele>
      </trkpt>
      <trkpt lat="51.726892031729221" lon="7.159870974719524">
        <ele>38.527000000000001</ele>
      </trkpt>
      <trkpt lat="51.727048018947244" lon="7.160197030752897">
        <ele>37.957000000000001</ele>
      </trkpt>
      <trkpt lat="51.727281035855412" lon="7.160702962428331">
        <ele>37.588999999999999</ele>
      </trkpt>
      <trkpt lat="51.727373991161585" lon="7.160914018750191">
        <ele>37.316000000000003</ele>
      </trkpt>
      <trkpt lat="51.727767018601298" lon="7.161562023684382">
        <ele>35.835999999999999</ele>
      </trkpt>
      <trkpt lat="51.728190975263715" lon="7.162222014740109">
        <ele>35.206000000000003</ele>
      </trkpt>
      <trkpt lat="51.728570004925132" lon="7.162900026887655">
        <ele>35.869999999999997</ele>
      </trkpt>
      <trkpt lat="51.728763962164521" lon="7.162730041891336">
        <ele>35.283999999999999</ele>
      </trkpt>
      <trkpt lat="51.729339966550469" lon="7.162068961188197">
        <ele>34.682000000000002</ele>
      </trkpt>
      <trkpt lat="51.729697035625577" lon="7.16164299286902">
        <ele>35.027999999999999</ele>
      </trkpt>
      <trkpt lat="51.730081010609865" lon="7.16114804148674">
        <ele>35.057000000000002</ele>
      </trkpt>
      <trkpt lat="51.730265999212861" lon="7.160908989608288">
        <ele>35.503</ele>
      </trkpt>
      <trkpt lat="51.73047998920083" lon="7.161090960726142">
        <ele>35.084000000000003</ele>
      </trkpt>
      <trkpt lat="51.731003019958735" lon="7.161421040073037">
        <ele>35.398000000000003</ele>
      </trkpt>
      <trkpt lat="51.731454972177744" lon="7.161647016182542">
        <ele>34.756</ele>
      </trkpt>
      <trkpt lat="51.731937015429139" lon="7.161904005333781">
        <ele>36.646000000000001</ele>
      </trkpt>
      <trkpt lat="51.732349991798401" lon="7.162427958101034">
        <ele>34.726999999999997</ele>
      </trkpt>
      <trkpt lat="51.732870005071163" lon="7.163124997168779">
        <ele>36.033000000000001</ele>
      </trkpt>
      <trkpt lat="51.733413990586996" lon="7.163846008479595">
        <ele>37.792999999999999</ele>
      </trkpt>
      <trkpt lat="51.734040034934878" lon="7.164692999795079">
        <ele>37.813000000000002</ele>
      </trkpt>
      <trkpt lat="51.734467009082437" lon="7.165241008624435">
        <ele>38.548000000000002</ele>
      </trkpt>
      <trkpt lat="51.734837992116809" lon="7.165792034938932">
        <ele>40.777000000000001</ele>
      </trkpt>
      <trkpt lat="51.734959026798606" lon="7.166104009374976">
        <ele>40.552</ele>
      </trkpt>
      <trkpt lat="51.735048964619637" lon="7.166223032400012">
        <ele>40.911999999999999</ele>
      </trkpt>
      <trkpt lat="51.735105961561203" lon="7.166247004643083">
        <ele>40.448</ele>
      </trkpt>
      <trkpt lat="51.735244011506438" lon="7.166326967999339">
        <ele>40.597000000000001</ele>
      </trkpt>
      <trkpt lat="51.735696969553828" lon="7.166861984878779">
        <ele>40.863999999999997</ele>
      </trkpt>
      <trkpt lat="51.736030988395214" lon="7.167279990389943">
        <ele>41.994999999999997</ele>
      </trkpt>
      <trkpt lat="51.736587965860963" lon="7.168042995035648">
        <ele>41.651000000000003</ele>
      </trkpt>
      <trkpt lat="51.736657032743096" lon="7.168138967826963">
        <ele>42.043999999999997</ele>
      </trkpt>
      <trkpt lat="51.736964983865619" lon="7.168447002768517">
        <ele>42.899999999999999</ele>
      </trkpt>
      <trkpt lat="51.737078977748752" lon="7.168585974723101">
        <ele>43.673999999999999</ele>
      </trkpt>
      <trkpt lat="51.737486002966762" lon="7.169071035459638">
        <ele>43.579999999999998</ele>
      </trkpt>
      <trkpt lat="51.737836031243205" lon="7.169612003490329">
        <ele>43.381999999999998</ele>
      </trkpt>
      <trkpt lat="51.738115986809134" lon="7.170179961249232">
        <ele>43.356000000000002</ele>
      </trkpt>
      <trkpt lat="51.738221012055874" lon="7.170414989814162">
        <ele>43.159999999999997</ele>
      </trkpt>
      <trkpt lat="51.738542038947344" lon="7.171048996970058">
        <ele>42.478000000000002</ele>
      </trkpt>
      <trkpt lat="51.738571962341666" lon="7.171112028881908">
        <ele>42.539000000000001</ele>
      </trkpt>
      <trkpt lat="51.738846972584724" lon="7.171708988025785">
        <ele>42.716999999999999</ele>
      </trkpt>
      <trkpt lat="51.739044031128287" lon="7.172097992151976">
        <ele>43.792999999999999</ele>
      </trkpt>
      <trkpt lat="51.739377966150641" lon="7.172727975994349">
        <ele>43.634</ele>
      </trkpt>
      <trkpt lat="51.739727994427085" lon="7.173429960384965">
        <ele>42.579000000000001</ele>
      </trkpt>
      <trkpt lat="51.74010400660336" lon="7.174194976687431">
        <ele>41.941000000000003</ele>
      </trkpt>
      <trkpt lat="51.740487981587648" lon="7.17505001462996">
        <ele>43.192999999999998</ele>
      </trkpt>
      <trkpt lat="51.740784030407667" lon="7.175671029835939">
        <ele>42.185000000000002</ele>
      </trkpt>
      <trkpt lat="51.741106985136867" lon="7.176344012841582">
        <ele>42.795999999999999</ele>
      </trkpt>
      <trkpt lat="51.741480985656381" lon="7.177129983901978">
        <ele>42.210000000000001</ele>
      </trkpt>
      <trkpt lat="51.741605037823319" lon="7.177325030788779">
        <ele>42.167999999999999</ele>
      </trkpt>
      <trkpt lat="51.741942996159196" lon="7.178023997694254">
        <ele>41.561</ele>
      </trkpt>
      <trkpt lat="51.742281960323453" lon="7.178721036761999">
        <ele>41.188000000000002</ele>
      </trkpt>
      <trkpt lat="51.742310039699078" lon="7.178785996511579">
        <ele>41.735999999999997</ele>
      </trkpt>
      <trkpt lat="51.742698960006237" lon="7.179536009207368">
        <ele>40.582999999999998</ele>
      </trkpt>
      <trkpt lat="51.742770960554481" lon="7.179655032232404">
        <ele>40.579000000000001</ele>
      </trkpt>
      <trkpt lat="51.743146972730756" lon="7.180348969995976">
        <ele>40.643999999999998</ele>
      </trkpt>
      <trkpt lat="51.74326398409903" lon="7.180556003004313">
        <ele>41.658000000000001</ele>
      </trkpt>
      <trkpt lat="51.742540039122105" lon="7.181148016825318">
        <ele>41.531999999999996</ele>
      </trkpt>
      <trkpt lat="51.741662034764886" lon="7.181919990107417">
        <ele>40.926000000000002</ele>
      </trkpt>
      <trkpt lat="51.74089701846242" lon="7.182546034455299">
        <ele>40.622</ele>
      </trkpt>
      <trkpt lat="51.740525029599667" lon="7.182735968381167">
        <ele>38.021000000000001</ele>
      </trkpt>
      <trkpt lat="51.739778034389019" lon="7.183177024126053">
        <ele>38.003</ele>
      </trkpt>
      <trkpt lat="51.738804979249835" lon="7.183675998821855">
        <ele>37.936</ele>
      </trkpt>
      <trkpt lat="51.738280020654202" lon="7.183965006843209">
        <ele>38.633000000000003</ele>
      </trkpt>
      <trkpt lat="51.738168960437179" lon="7.184069026261568">
        <ele>39.107999999999997</ele>
      </trkpt>
      <trkpt lat="51.737994030117989" lon="7.184041030704975">
        <ele>39.377000000000002</ele>
      </trkpt>
    </trkseg>
  </trk>

  <trk>
    <name>NW 2.06 Teil 2*</name>
    <trkseg>
      <trkpt lat="51.673253132030368" lon="6.957965176552534">
        <ele>28.12890625</ele>
      </trkpt>
      <trkpt lat="51.673172246664762" lon="6.959448857232928">
        <ele>27.3671875</ele>
      </trkpt>
      <trkpt lat="51.673172246664762" lon="6.96026592515409">
        <ele>27.84765625</ele>
      </trkpt>
      <trkpt lat="51.673091445118189" lon="6.960760541260243">
        <ele>28</ele>
      </trkpt>
      <trkpt lat="51.67305096052587" lon="6.961255073547363">
        <ele>27.625</ele>
      </trkpt>
      <trkpt lat="51.673131845891476" lon="6.961534610018134">
        <ele>27.03125</ele>
      </trkpt>
      <trkpt lat="51.673185741528869" lon="6.962007684633136">
        <ele>26.83203125</ele>
      </trkpt>
      <trkpt lat="51.673091445118189" lon="6.962330220267177">
        <ele>26.3203125</ele>
      </trkpt>
      <trkpt lat="51.673037549480796" lon="6.962910750880837">
        <ele>28.2734375</ele>
      </trkpt>
      <trkpt lat="51.67305096052587" lon="6.96327636949718">
        <ele>28.875</ele>
      </trkpt>
      <trkpt lat="51.672956664115191" lon="6.965233040973544">
        <ele>28.37890625</ele>
      </trkpt>
      <trkpt lat="51.672875862568617" lon="6.967684412375093">
        <ele>28.58203125</ele>
      </trkpt>
      <trkpt lat="51.672781482338905" lon="6.969834621995688">
        <ele>29</ele>
      </trkpt>
      <trkpt lat="51.672794977203012" lon="6.971253845840693">
        <ele>29.3046875</ele>
      </trkpt>
      <trkpt lat="51.672714091837406" lon="6.971812918782234">
        <ele>29.18359375</ele>
      </trkpt>
      <trkpt lat="51.67260630056262" lon="6.972479280084372">
        <ele>28.5078125</ele>
      </trkpt>
      <trkpt lat="51.672633290290833" lon="6.973274890333414">
        <ele>30.5390625</ele>
      </trkpt>
      <trkpt lat="51.67260630056262" lon="6.973941419273615">
        <ele>31.05859375</ele>
      </trkpt>
    </trkseg>
  </trk>

</gpx>
