<?xml version="1.0" encoding="UTF-8" standalone="no"?>
<gpx xmlns="http://www.topografix.com/GPX/1/1" creator="MapSource 6.16.3" version="1.1">

  <trk>
    <name>NW 4.25 Teil 1</name>
    <trkseg>
 <trkpt lat="51.17554201" lon="7.96602800">
  <ele>244.877</ele>
 </trkpt>
 <trkpt lat="51.17478596" lon="7.96575903">
  <ele>243.654</ele>
 </trkpt>
 <trkpt lat="51.17379698" lon="7.96545804">
  <ele>243.771</ele>
 </trkpt>
 <trkpt lat="51.17321000" lon="7.96530901">
  <ele>244.218</ele>
 </trkpt>
 <trkpt lat="51.17279903" lon="7.96514698">
  <ele>240.764</ele>
 </trkpt>
 <trkpt lat="51.17266802" lon="7.96510097">
  <ele>241.552</ele>
 </trkpt>
 <trkpt lat="51.17208104" lon="7.96491799">
  <ele>241.779</ele>
 </trkpt>
 <trkpt lat="51.17195003" lon="7.96487398">
  <ele>241.264</ele>
 </trkpt>
 <trkpt lat="51.17160603" lon="7.96475898">
  <ele>241.351</ele>
 </trkpt>
 <trkpt lat="51.17141903" lon="7.96472101">
  <ele>241.066</ele>
 </trkpt>
 <trkpt lat="51.17130596" lon="7.96469897">
  <ele>240.706</ele>
 </trkpt>
 <trkpt lat="51.17111502" lon="7.96410603">
  <ele>241.062</ele>
 </trkpt>
 <trkpt lat="51.17093800" lon="7.96330196">
  <ele>241.656</ele>
 </trkpt>
 <trkpt lat="51.17098401" lon="7.96318101">
  <ele>242.217</ele>
 </trkpt>
 <trkpt lat="51.17137603" lon="7.96303600">
  <ele>243.567</ele>
 </trkpt>
 <trkpt lat="51.17170402" lon="7.96294900">
  <ele>244.584</ele>
 </trkpt>
 <trkpt lat="51.17205103" lon="7.96289200">
  <ele>245.289</ele>
 </trkpt>
 <trkpt lat="51.17253802" lon="7.96282000">
  <ele>244.388</ele>
 </trkpt>
 <trkpt lat="51.17341200" lon="7.96266602">
  <ele>241.776</ele>
 </trkpt>
 <trkpt lat="51.17398398" lon="7.96265798">
  <ele>241.576</ele>
 </trkpt>
 <trkpt lat="51.17447399" lon="7.96275898">
  <ele>241.006</ele>
 </trkpt>
 <trkpt lat="51.17529600" lon="7.96290399">
  <ele>240.262</ele>
 </trkpt>
 <trkpt lat="51.17597401" lon="7.96312401">
  <ele>242.676</ele>
 </trkpt>
 <trkpt lat="51.17654096" lon="7.96346297">
  <ele>244.048</ele>
 </trkpt>
 <trkpt lat="51.17701898" lon="7.96371996">
  <ele>243.491</ele>
 </trkpt>
 <trkpt lat="51.17765701" lon="7.96410503">
  <ele>242.140</ele>
 </trkpt>
 <trkpt lat="51.17815498" lon="7.96435297">
  <ele>240.463</ele>
 </trkpt>
 <trkpt lat="51.17854801" lon="7.96451096">
  <ele>239.695</ele>
 </trkpt>
 <trkpt lat="51.17904296" lon="7.96466603">
  <ele>240.239</ele>
 </trkpt>
 <trkpt lat="51.17970203" lon="7.96486200">
  <ele>239.954</ele>
 </trkpt>
 <trkpt lat="51.18032296" lon="7.96490500">
  <ele>241.281</ele>
 </trkpt>
 <trkpt lat="51.18059403" lon="7.96483501">
  <ele>241.550</ele>
 </trkpt>
 <trkpt lat="51.18074600" lon="7.96499301">
  <ele>241.778</ele>
 </trkpt>
 <trkpt lat="51.18086502" lon="7.96529300">
  <ele>241.565</ele>
 </trkpt>
 <trkpt lat="51.18095202" lon="7.96547203">
  <ele>241.759</ele>
 </trkpt>
 <trkpt lat="51.18101799" lon="7.96557899">
  <ele>241.711</ele>
 </trkpt>
 <trkpt lat="51.18108002" lon="7.96568803">
  <ele>241.243</ele>
 </trkpt>
 <trkpt lat="51.18129602" lon="7.96586196">
  <ele>241.165</ele>
 </trkpt>
 <trkpt lat="51.18167899" lon="7.96629103">
  <ele>241.428</ele>
 </trkpt>
 <trkpt lat="51.18200202" lon="7.96664399">
  <ele>240.875</ele>
 </trkpt>
 <trkpt lat="51.18196397" lon="7.96693300">
  <ele>240.461</ele>
 </trkpt>
 <trkpt lat="51.18167798" lon="7.96778301">
  <ele>239.663</ele>
 </trkpt>
 <trkpt lat="51.18140699" lon="7.96862598">
  <ele>240.778</ele>
 </trkpt>
 <trkpt lat="51.18130197" lon="7.96896804">
  <ele>240.739</ele>
 </trkpt>
 <trkpt lat="51.18154303" lon="7.96941304">
  <ele>240.208</ele>
 </trkpt>
 <trkpt lat="51.18209699" lon="7.97024997">
  <ele>240.361</ele>
 </trkpt>
 <trkpt lat="51.18259203" lon="7.97090200">
  <ele>240.049</ele>
 </trkpt>
 <trkpt lat="51.18314398" lon="7.97148496">
  <ele>239.430</ele>
 </trkpt>
 <trkpt lat="51.18341798" lon="7.97174899">
  <ele>240.110</ele>
 </trkpt>
 <trkpt lat="51.18392299" lon="7.97217504">
  <ele>239.255</ele>
 </trkpt>
 <trkpt lat="51.18454099" lon="7.97243496">
  <ele>238.882</ele>
 </trkpt>
 <trkpt lat="51.18521296" lon="7.97254996">
  <ele>239.436</ele>
 </trkpt>
 <trkpt lat="51.18596599" lon="7.97252901">
  <ele>239.509</ele>
 </trkpt>
 <trkpt lat="51.18657100" lon="7.97240697">
  <ele>238.934</ele>
 </trkpt>
 <trkpt lat="51.18712999" lon="7.97206298">
  <ele>238.769</ele>
 </trkpt>
 <trkpt lat="51.18774396" lon="7.97166701">
  <ele>237.984</ele>
 </trkpt>
 <trkpt lat="51.18820597" lon="7.97142897">
  <ele>238.995</ele>
 </trkpt>
 <trkpt lat="51.18877703" lon="7.97122797">
  <ele>238.438</ele>
 </trkpt>
 <trkpt lat="51.18933200" lon="7.97108397">
  <ele>237.284</ele>
 </trkpt>
 <trkpt lat="51.19017396" lon="7.97069899">
  <ele>237.058</ele>
 </trkpt>
 <trkpt lat="51.19083404" lon="7.97018199">
  <ele>237.240</ele>
 </trkpt>
 <trkpt lat="51.19134299" lon="7.96959702">
  <ele>237.069</ele>
 </trkpt>
 <trkpt lat="51.19183299" lon="7.96888003">
  <ele>236.040</ele>
 </trkpt>
 <trkpt lat="51.19213801" lon="7.96830998">
  <ele>235.983</ele>
 </trkpt>
 <trkpt lat="51.19254302" lon="7.96744999">
  <ele>236.278</ele>
 </trkpt>
 <trkpt lat="51.19281099" lon="7.96693199">
  <ele>235.842</ele>
 </trkpt>
 <trkpt lat="51.19290504" lon="7.96700902">
  <ele>235.965</ele>
 </trkpt>
 <trkpt lat="51.19302096" lon="7.96715604">
  <ele>236.784</ele>
 </trkpt>
 <trkpt lat="51.19328801" lon="7.96749098">
  <ele>236.682</ele>
 </trkpt>
 <trkpt lat="51.19342597" lon="7.96732896">
  <ele>236.614</ele>
 </trkpt>
 <trkpt lat="51.19363301" lon="7.96679604">
  <ele>233.106</ele>
 </trkpt>
 <trkpt lat="51.19419099" lon="7.96582500">
  <ele>232.797</ele>
 </trkpt>
 <trkpt lat="51.19472098" lon="7.96508504">
  <ele>233.014</ele>
 </trkpt>
 <trkpt lat="51.19507302" lon="7.96474499">
  <ele>234.295</ele>
 </trkpt>
 <trkpt lat="51.19552002" lon="7.96437803">
  <ele>235.107</ele>
 </trkpt>
 <trkpt lat="51.19623098" lon="7.96391199">
  <ele>235.254</ele>
 </trkpt>
 <trkpt lat="51.19698602" lon="7.96359901">
  <ele>233.869</ele>
 </trkpt>
 <trkpt lat="51.19769697" lon="7.96351402">
  <ele>235.577</ele>
 </trkpt>
 <trkpt lat="51.19851303" lon="7.96358803">
  <ele>234.983</ele>
 </trkpt>
 <trkpt lat="51.19892500" lon="7.96368300">
  <ele>236.471</ele>
 </trkpt>
 <trkpt lat="51.19930596" lon="7.96380697">
  <ele>234.219</ele>
 </trkpt>
 <trkpt lat="51.19994198" lon="7.96416001">
  <ele>234.006</ele>
 </trkpt>
 <trkpt lat="51.20023903" lon="7.96437702">
  <ele>233.994</ele>
 </trkpt>
 <trkpt lat="51.20078696" lon="7.96484297">
  <ele>233.317</ele>
 </trkpt>
 <trkpt lat="51.20116398" lon="7.96528403">
  <ele>233.264</ele>
 </trkpt>
 <trkpt lat="51.20154502" lon="7.96573900">
  <ele>234.400</ele>
 </trkpt>
 <trkpt lat="51.20173302" lon="7.96597998">
  <ele>233.750</ele>
 </trkpt>
 <trkpt lat="51.20218498" lon="7.96657300">
  <ele>233.896</ele>
 </trkpt>
 <trkpt lat="51.20260600" lon="7.96712704">
  <ele>233.921</ele>
 </trkpt>
 <trkpt lat="51.20279199" lon="7.96737196">
  <ele>233.061</ele>
 </trkpt>
 <trkpt lat="51.20305703" lon="7.96763096">
  <ele>233.930</ele>
 </trkpt>
 <trkpt lat="51.20358903" lon="7.96825298">
  <ele>233.585</ele>
 </trkpt>
 <trkpt lat="51.20377804" lon="7.96850796">
  <ele>234.078</ele>
 </trkpt>
 <trkpt lat="51.20367000" lon="7.96887299">
  <ele>232.580</ele>
 </trkpt>
 <trkpt lat="51.20339097" lon="7.96929301">
  <ele>231.530</ele>
 </trkpt>
 <trkpt lat="51.20278697" lon="7.96955897">
  <ele>231.994</ele>
 </trkpt>
 <trkpt lat="51.20242001" lon="7.96937599">
  <ele>232.128</ele>
 </trkpt>
 <trkpt lat="51.20208196" lon="7.96919402">
  <ele>233.220</ele>
 </trkpt>
 <trkpt lat="51.20195297" lon="7.96924800">
  <ele>233.697</ele>
 </trkpt>
 <trkpt lat="51.20182900" lon="7.96934699">
  <ele>233.070</ele>
 </trkpt>
 <trkpt lat="51.20160897" lon="7.96999600">
  <ele>234.603</ele>
 </trkpt>
 <trkpt lat="51.20135802" lon="7.97033404">
  <ele>236.136</ele>
 </trkpt>
 <trkpt lat="51.20101101" lon="7.97039598">
  <ele>238.149</ele>
 </trkpt>
 <trkpt lat="51.20074698" lon="7.97049698">
  <ele>241.557</ele>
 </trkpt>
 <trkpt lat="51.20050499" lon="7.97067300">
  <ele>244.884</ele>
 </trkpt>
 <trkpt lat="51.20024599" lon="7.97091197">
  <ele>246.178</ele>
 </trkpt>
 <trkpt lat="51.19994600" lon="7.97112898">
  <ele>249.265</ele>
 </trkpt>
 <trkpt lat="51.19957100" lon="7.97130500">
  <ele>251.423</ele>
 </trkpt>
 <trkpt lat="51.19938601" lon="7.97140801">
  <ele>251.427</ele>
 </trkpt>
 <trkpt lat="51.19895501" lon="7.97174698">
  <ele>250.249</ele>
 </trkpt>
 <trkpt lat="51.19820198" lon="7.97244502">
  <ele>247.955</ele>
 </trkpt>
 <trkpt lat="51.19748298" lon="7.97299203">
  <ele>246.759</ele>
 </trkpt>
 <trkpt lat="51.19669399" lon="7.97323301">
  <ele>246.071</ele>
 </trkpt>
 <trkpt lat="51.19619602" lon="7.97386701">
  <ele>246.626</ele>
 </trkpt>
 <trkpt lat="51.19578799" lon="7.97487301">
  <ele>246.977</ele>
 </trkpt>
 <trkpt lat="51.19528198" lon="7.97555001">
  <ele>247.703</ele>
 </trkpt>
 <trkpt lat="51.19511199" lon="7.97567197">
  <ele>248.052</ele>
 </trkpt>
 <trkpt lat="51.19445804" lon="7.97596400">
  <ele>249.706</ele>
 </trkpt>
 <trkpt lat="51.19391103" lon="7.97643104">
  <ele>250.479</ele>
 </trkpt>
 <trkpt lat="51.19357299" lon="7.97715004">
  <ele>250.898</ele>
 </trkpt>
 <trkpt lat="51.19339303" lon="7.97797398">
  <ele>251.137</ele>
 </trkpt>
 <trkpt lat="51.19333503" lon="7.97822703">
  <ele>251.056</ele>
 </trkpt>
 <trkpt lat="51.19315197" lon="7.97833800">
  <ele>251.091</ele>
 </trkpt>
 <trkpt lat="51.19293203" lon="7.97819601">
  <ele>249.485</ele>
 </trkpt>
 <trkpt lat="51.19266699" lon="7.97843901">
  <ele>249.373</ele>
 </trkpt>
 <trkpt lat="51.19226298" lon="7.97885299">
  <ele>246.380</ele>
 </trkpt>
 <trkpt lat="51.19213801" lon="7.97899498">
  <ele>244.824</ele>
 </trkpt>
 <trkpt lat="51.19177901" lon="7.97899397">
  <ele>244.189</ele>
 </trkpt>
 <trkpt lat="51.19164004" lon="7.97860396">
  <ele>245.726</ele>
 </trkpt>
 <trkpt lat="51.19166200" lon="7.97854696">
  <ele>246.504</ele>
 </trkpt>
 <trkpt lat="51.19174004" lon="7.97827899">
  <ele>248.752</ele>
 </trkpt>
 <trkpt lat="51.19166200" lon="7.97825402">
  <ele>249.191</ele>
 </trkpt>
 <trkpt lat="51.19162998" lon="7.97838796">
  <ele>249.753</ele>
 </trkpt>
 <trkpt lat="51.19137199" lon="7.97907301">
  <ele>250.288</ele>
 </trkpt>
 <trkpt lat="51.19097997" lon="7.97973401">
  <ele>250.188</ele>
 </trkpt>
 <trkpt lat="51.19071702" lon="7.98008203">
  <ele>250.655</ele>
 </trkpt>
 <trkpt lat="51.19036297" lon="7.98051302">
  <ele>250.965</ele>
 </trkpt>
 <trkpt lat="51.19008101" lon="7.98081804">
  <ele>251.636</ele>
 </trkpt>
 <trkpt lat="51.18963098" lon="7.98112800">
  <ele>252.533</ele>
 </trkpt>
 <trkpt lat="51.18907400" lon="7.98134300">
  <ele>252.885</ele>
 </trkpt>
 <trkpt lat="51.18882297" lon="7.98136999">
  <ele>253.702</ele>
 </trkpt>
 <trkpt lat="51.18843799" lon="7.98136303">
  <ele>254.151</ele>
 </trkpt>
 <trkpt lat="51.18804504" lon="7.98137502">
  <ele>254.309</ele>
 </trkpt>
 <trkpt lat="51.18751296" lon="7.98137804">
  <ele>254.917</ele>
 </trkpt>
 <trkpt lat="51.18716402" lon="7.98144098">
  <ele>255.509</ele>
 </trkpt>
 <trkpt lat="51.18700803" lon="7.98150703">
  <ele>255.580</ele>
 </trkpt>
 <trkpt lat="51.18658198" lon="7.98174298">
  <ele>256.194</ele>
 </trkpt>
 <trkpt lat="51.18633698" lon="7.98194901">
  <ele>255.794</ele>
 </trkpt>
 <trkpt lat="51.18613204" lon="7.98215596">
  <ele>256.549</ele>
 </trkpt>
 <trkpt lat="51.18593699" lon="7.98236702">
  <ele>256.167</ele>
 </trkpt>
 <trkpt lat="51.18591503" lon="7.98267899">
  <ele>254.172</ele>
 </trkpt>
 <trkpt lat="51.18595200" lon="7.98288502">
  <ele>250.410</ele>
 </trkpt>
 <trkpt lat="51.18592903" lon="7.98295802">
  <ele>250.245</ele>
 </trkpt>
 <trkpt lat="51.18584303" lon="7.98307998">
  <ele>250.407</ele>
 </trkpt>
 <trkpt lat="51.18519302" lon="7.98388598">
  <ele>251.881</ele>
 </trkpt>
 <trkpt lat="51.18470997" lon="7.98440399">
  <ele>252.485</ele>
 </trkpt>
 <trkpt lat="51.18416799" lon="7.98509901">
  <ele>253.805</ele>
 </trkpt>
 <trkpt lat="51.18369701" lon="7.98596403">
  <ele>255.014</ele>
 </trkpt>
 <trkpt lat="51.18321103" lon="7.98714202">
  <ele>256.163</ele>
 </trkpt>
 <trkpt lat="51.18288799" lon="7.98794299">
  <ele>257.150</ele>
 </trkpt>
 <trkpt lat="51.18280903" lon="7.98808297">
  <ele>257.434</ele>
 </trkpt>
 <trkpt lat="51.18269898" lon="7.98817601">
  <ele>257.449</ele>
 </trkpt>
 <trkpt lat="51.18231299" lon="7.98856401">
  <ele>258.373</ele>
 </trkpt>
 <trkpt lat="51.18192600" lon="7.98921101">
  <ele>259.562</ele>
 </trkpt>
 <trkpt lat="51.18142401" lon="7.98990796">
  <ele>259.712</ele>
 </trkpt>
 <trkpt lat="51.18103299" lon="7.99029898">
  <ele>260.397</ele>
 </trkpt>
 <trkpt lat="51.18052698" lon="7.99063903">
  <ele>261.074</ele>
 </trkpt>
 <trkpt lat="51.18001803" lon="7.99093299">
  <ele>261.650</ele>
 </trkpt>
 <trkpt lat="51.17961000" lon="7.99115502">
  <ele>262.078</ele>
 </trkpt>
 <trkpt lat="51.17928000" lon="7.99133800">
  <ele>262.186</ele>
 </trkpt>
 <trkpt lat="51.17883903" lon="7.99147496">
  <ele>264.047</ele>
 </trkpt>
 <trkpt lat="51.17828197" lon="7.99152500">
  <ele>264.198</ele>
 </trkpt>
 <trkpt lat="51.17767797" lon="7.99152299">
  <ele>265.848</ele>
 </trkpt>
 <trkpt lat="51.17713901" lon="7.99156699">
  <ele>265.327</ele>
 </trkpt>
 <trkpt lat="51.17663601" lon="7.99174796">
  <ele>265.941</ele>
 </trkpt>
 <trkpt lat="51.17632303" lon="7.99194803">
  <ele>266.557</ele>
 </trkpt>
 <trkpt lat="51.17582196" lon="7.99240300">
  <ele>266.858</ele>
 </trkpt>
 <trkpt lat="51.17565198" lon="7.99259797">
  <ele>266.967</ele>
 </trkpt>
 <trkpt lat="51.17551804" lon="7.99277097">
  <ele>267.381</ele>
 </trkpt>
 <trkpt lat="51.17518301" lon="7.99328403">
  <ele>267.791</ele>
 </trkpt>
 <trkpt lat="51.17480901" lon="7.99412197">
  <ele>268.416</ele>
 </trkpt>
 <trkpt lat="51.17455001" lon="7.99516099">
  <ele>269.496</ele>
 </trkpt>
 <trkpt lat="51.17447399" lon="7.99562601">
  <ele>269.340</ele>
 </trkpt>
 <trkpt lat="51.17440802" lon="7.99674299">
  <ele>270.160</ele>
 </trkpt>
 <trkpt lat="51.17438899" lon="7.99774102">
  <ele>270.794</ele>
 </trkpt>
 <trkpt lat="51.17443199" lon="7.99836103">
  <ele>271.456</ele>
 </trkpt>
 <trkpt lat="51.17443501" lon="7.99857602">
  <ele>272.185</ele>
 </trkpt>
 <trkpt lat="51.17454004" lon="7.99911004">
  <ele>271.551</ele>
 </trkpt>
 <trkpt lat="51.17460701" lon="7.99955201">
  <ele>272.399</ele>
 </trkpt>
 <trkpt lat="51.17472704" lon="7.99983398">
  <ele>272.217</ele>
 </trkpt>
 <trkpt lat="51.17479501" lon="7.99994403">
  <ele>272.445</ele>
 </trkpt>
 <trkpt lat="51.17510296" lon="8.00072003">
  <ele>273.010</ele>
 </trkpt>
 <trkpt lat="51.17528401" lon="8.00121901">
  <ele>273.861</ele>
 </trkpt>
 <trkpt lat="51.17535199" lon="8.00140601">
  <ele>274.296</ele>
 </trkpt>
 <trkpt lat="51.17562097" lon="8.00212501">
  <ele>274.800</ele>
 </trkpt>
 <trkpt lat="51.17567997" lon="8.00230002">
  <ele>275.474</ele>
 </trkpt>
 <trkpt lat="51.17573404" lon="8.00247797">
  <ele>274.556</ele>
 </trkpt>
 <trkpt lat="51.17582004" lon="8.00274502">
  <ele>274.452</ele>
 </trkpt>
 <trkpt lat="51.17595599" lon="8.00320803">
  <ele>274.671</ele>
 </trkpt>
 <trkpt lat="51.17607703" lon="8.00342697">
  <ele>274.739</ele>
 </trkpt>
 <trkpt lat="51.17628196" lon="8.00422702">
  <ele>274.251</ele>
 </trkpt>
 <trkpt lat="51.17649503" lon="8.00519798">
  <ele>274.911</ele>
 </trkpt>
 <trkpt lat="51.17665797" lon="8.00572797">
  <ele>274.583</ele>
 </trkpt>
 <trkpt lat="51.17683500" lon="8.00615402">
  <ele>274.889</ele>
 </trkpt>
 <trkpt lat="51.17735904" lon="8.00699598">
  <ele>274.814</ele>
 </trkpt>
 <trkpt lat="51.17785298" lon="8.00767299">
  <ele>275.674</ele>
 </trkpt>
 <trkpt lat="51.17792004" lon="8.00778698">
  <ele>275.427</ele>
 </trkpt>
 <trkpt lat="51.17833603" lon="8.00887797">
  <ele>276.769</ele>
 </trkpt>
 <trkpt lat="51.17835799" lon="8.00894997">
  <ele>277.031</ele>
 </trkpt>
 <trkpt lat="51.17879704" lon="8.00982202">
  <ele>276.983</ele>
 </trkpt>
 <trkpt lat="51.17931202" lon="8.01101301">
  <ele>277.318</ele>
 </trkpt>
 <trkpt lat="51.17958602" lon="8.01179001">
  <ele>277.647</ele>
 </trkpt>
 <trkpt lat="51.17963598" lon="8.01199403">
  <ele>277.537</ele>
 </trkpt>
 <trkpt lat="51.17987302" lon="8.01268101">
  <ele>277.264</ele>
 </trkpt>
 <trkpt lat="51.17996103" lon="8.01296901">
  <ele>277.197</ele>
 </trkpt>
 <trkpt lat="51.18009900" lon="8.01345298">
  <ele>277.562</ele>
 </trkpt>
 <trkpt lat="51.18020000" lon="8.01374702">
  <ele>277.651</ele>
 </trkpt>
 <trkpt lat="51.18046604" lon="8.01461496">
  <ele>277.539</ele>
 </trkpt>
 <trkpt lat="51.18064801" lon="8.01566698">
  <ele>278.529</ele>
 </trkpt>
 <trkpt lat="51.18064399" lon="8.01682997">
  <ele>279.261</ele>
 </trkpt>
 <trkpt lat="51.18054299" lon="8.01788600">
  <ele>279.988</ele>
 </trkpt>
 <trkpt lat="51.18046897" lon="8.01850199">
  <ele>279.501</ele>
 </trkpt>
 <trkpt lat="51.18041198" lon="8.01907900">
  <ele>279.449</ele>
 </trkpt>
 <trkpt lat="51.18048096" lon="8.01987796">
  <ele>278.628</ele>
 </trkpt>
 <trkpt lat="51.18075597" lon="8.02081699">
  <ele>278.516</ele>
 </trkpt>
 <trkpt lat="51.18114204" lon="8.02132803">
  <ele>278.765</ele>
 </trkpt>
 <trkpt lat="51.18111698" lon="8.02165098">
  <ele>277.069</ele>
 </trkpt>
 <trkpt lat="51.18101103" lon="8.02172500">
  <ele>276.532</ele>
 </trkpt>
 <trkpt lat="51.18095697" lon="8.02190102">
  <ele>277.490</ele>
 </trkpt>
 <trkpt lat="51.18105697" lon="8.02230502">
  <ele>276.663</ele>
 </trkpt>
 <trkpt lat="51.18120901" lon="8.02266796">
  <ele>279.640</ele>
 </trkpt>
 <trkpt lat="51.18129401" lon="8.02281104">
  <ele>281.162</ele>
 </trkpt>
 <trkpt lat="51.18136601" lon="8.02318504">
  <ele>282.489</ele>
 </trkpt>
 <trkpt lat="51.18143801" lon="8.02374403">
  <ele>282.581</ele>
 </trkpt>
 <trkpt lat="51.18143901" lon="8.02437703">
  <ele>282.972</ele>
 </trkpt>
 <trkpt lat="51.18140398" lon="8.02503501">
  <ele>283.475</ele>
 </trkpt>
 <trkpt lat="51.18132996" lon="8.02565200">
  <ele>283.938</ele>
 </trkpt>
 <trkpt lat="51.18124003" lon="8.02636698">
  <ele>284.390</ele>
 </trkpt>
 <trkpt lat="51.18116803" lon="8.02701297">
  <ele>285.245</ele>
 </trkpt>
 <trkpt lat="51.18108102" lon="8.02787103">
  <ele>286.112</ele>
 </trkpt>
 <trkpt lat="51.18104196" lon="8.02860403">
  <ele>286.154</ele>
 </trkpt>
 <trkpt lat="51.18100198" lon="8.02931598">
  <ele>286.812</ele>
 </trkpt>
 <trkpt lat="51.18103199" lon="8.03020203">
  <ele>288.100</ele>
 </trkpt>
 <trkpt lat="51.18111002" lon="8.03067997">
  <ele>287.537</ele>
 </trkpt>
 <trkpt lat="51.18120901" lon="8.03120099">
  <ele>289.094</ele>
 </trkpt>
 <trkpt lat="51.18141999" lon="8.03188403">
  <ele>290.380</ele>
 </trkpt>
 <trkpt lat="51.18165501" lon="8.03248703">
  <ele>291.405</ele>
 </trkpt>
 <trkpt lat="51.18174797" lon="8.03273404">
  <ele>291.609</ele>
 </trkpt>
 <trkpt lat="51.18181502" lon="8.03290998">
  <ele>291.648</ele>
 </trkpt>
 <trkpt lat="51.18195500" lon="8.03338003">
  <ele>292.447</ele>
 </trkpt>
 <trkpt lat="51.18209498" lon="8.03379402">
  <ele>293.062</ele>
 </trkpt>
 <trkpt lat="51.18227100" lon="8.03430003">
  <ele>293.292</ele>
 </trkpt>
 <trkpt lat="51.18256202" lon="8.03489800">
  <ele>294.961</ele>
 </trkpt>
 <trkpt lat="51.18285899" lon="8.03543997">
  <ele>295.712</ele>
 </trkpt>
 <trkpt lat="51.18324297" lon="8.03588396">
  <ele>296.086</ele>
 </trkpt>
 <trkpt lat="51.18331304" lon="8.03596199">
  <ele>296.665</ele>
 </trkpt>
 <trkpt lat="51.18374999" lon="8.03640598">
  <ele>297.048</ele>
 </trkpt>
 <trkpt lat="51.18398401" lon="8.03668502">
  <ele>297.207</ele>
 </trkpt>
 <trkpt lat="51.18420797" lon="8.03697201">
  <ele>297.610</ele>
 </trkpt>
 <trkpt lat="51.18446203" lon="8.03734702">
  <ele>298.108</ele>
 </trkpt>
 <trkpt lat="51.18487903" lon="8.03788397">
  <ele>298.983</ele>
 </trkpt>
 <trkpt lat="51.18512797" lon="8.03825000">
  <ele>299.394</ele>
 </trkpt>
 <trkpt lat="51.18519302" lon="8.03832997">
  <ele>299.878</ele>
 </trkpt>
 <trkpt lat="51.18560499" lon="8.03881402">
  <ele>300.127</ele>
 </trkpt>
 <trkpt lat="51.18591998" lon="8.03933797">
  <ele>301.219</ele>
 </trkpt>
 <trkpt lat="51.18602199" lon="8.03954903">
  <ele>301.999</ele>
 </trkpt>
 <trkpt lat="51.18626799" lon="8.03993401">
  <ele>303.079</ele>
 </trkpt>
 <trkpt lat="51.18657402" lon="8.04049199">
  <ele>303.538</ele>
 </trkpt>
 <trkpt lat="51.18687099" lon="8.04103497">
  <ele>304.314</ele>
 </trkpt>
 <trkpt lat="51.18723099" lon="8.04159304">
  <ele>304.658</ele>
 </trkpt>
 <trkpt lat="51.18739301" lon="8.04191499">
  <ele>304.639</ele>
 </trkpt>
 <trkpt lat="51.18741296" lon="8.04214600">
  <ele>304.590</ele>
 </trkpt>
 <trkpt lat="51.18747097" lon="8.04246099">
  <ele>300.719</ele>
 </trkpt>
 <trkpt lat="51.18752796" lon="8.04268898">
  <ele>299.643</ele>
 </trkpt>
 <trkpt lat="51.18776802" lon="8.04241899">
  <ele>298.373</ele>
 </trkpt>
 <trkpt lat="51.18791403" lon="8.04233802">
  <ele>297.908</ele>
 </trkpt>
 <trkpt lat="51.18846104" lon="8.04212001">
  <ele>297.118</ele>
 </trkpt>
 <trkpt lat="51.18871601" lon="8.04212999">
  <ele>296.632</ele>
 </trkpt>
 <trkpt lat="51.18905598" lon="8.04230399">
  <ele>296.693</ele>
 </trkpt>
 <trkpt lat="51.18954599" lon="8.04271999">
  <ele>295.310</ele>
 </trkpt>
 <trkpt lat="51.18981203" lon="8.04311100">
  <ele>295.072</ele>
 </trkpt>
 <trkpt lat="51.18988101" lon="8.04326599">
  <ele>294.826</ele>
 </trkpt>
 <trkpt lat="51.19001898" lon="8.04359799">
  <ele>294.665</ele>
 </trkpt>
 <trkpt lat="51.19038602" lon="8.04472804">
  <ele>294.883</ele>
 </trkpt>
 <trkpt lat="51.19053002" lon="8.04524001">
  <ele>295.489</ele>
 </trkpt>
 <trkpt lat="51.19054704" lon="8.04539097">
  <ele>295.123</ele>
 </trkpt>
 <trkpt lat="51.19065399" lon="8.04572398">
  <ele>295.250</ele>
 </trkpt>
 <trkpt lat="51.19111399" lon="8.04661900">
  <ele>295.984</ele>
 </trkpt>
 <trkpt lat="51.19151004" lon="8.04778500">
  <ele>296.430</ele>
 </trkpt>
 <trkpt lat="51.19176703" lon="8.04866997">
  <ele>296.714</ele>
 </trkpt>
 <trkpt lat="51.19187004" lon="8.04888002">
  <ele>297.377</ele>
 </trkpt>
 <trkpt lat="51.19193299" lon="8.04896300">
  <ele>297.343</ele>
 </trkpt>
 <trkpt lat="51.19208101" lon="8.04910800">
  <ele>296.492</ele>
 </trkpt>
 <trkpt lat="51.19225100" lon="8.04917900">
  <ele>297.292</ele>
 </trkpt>
 <trkpt lat="51.19238704" lon="8.04916802">
  <ele>297.163</ele>
 </trkpt>
 <trkpt lat="51.19252802" lon="8.04925603">
  <ele>296.703</ele>
 </trkpt>
 <trkpt lat="51.19302498" lon="8.04972801">
  <ele>298.841</ele>
 </trkpt>
 <trkpt lat="51.19316404" lon="8.05024602">
  <ele>298.435</ele>
 </trkpt>
 <trkpt lat="51.19327401" lon="8.05084297">
  <ele>299.073</ele>
 </trkpt>
 <trkpt lat="51.19334701" lon="8.05104397">
  <ele>298.187</ele>
 </trkpt>
 <trkpt lat="51.19347098" lon="8.05099896">
  <ele>298.984</ele>
 </trkpt>
 <trkpt lat="51.19364298" lon="8.05088899">
  <ele>300.006</ele>
 </trkpt>
 <trkpt lat="51.19375597" lon="8.05127297">
  <ele>300.842</ele>
 </trkpt>
 <trkpt lat="51.19395596" lon="8.05241299">
  <ele>300.511</ele>
 </trkpt>
 <trkpt lat="51.19418504" lon="8.05349702">
  <ele>301.058</ele>
 </trkpt>
 <trkpt lat="51.19448997" lon="8.05434703">
  <ele>301.803</ele>
 </trkpt>
 <trkpt lat="51.19484201" lon="8.05489303">
  <ele>302.537</ele>
 </trkpt>
 <trkpt lat="51.19500898" lon="8.05552200">
  <ele>302.272</ele>
 </trkpt>
 <trkpt lat="51.19501501" lon="8.05574203">
  <ele>302.630</ele>
 </trkpt>
 <trkpt lat="51.19498601" lon="8.05602500">
  <ele>301.783</ele>
 </trkpt>
 <trkpt lat="51.19485601" lon="8.05667703">
  <ele>304.804</ele>
 </trkpt>
 <trkpt lat="51.19474604" lon="8.05724499">
  <ele>305.868</ele>
 </trkpt>
 <trkpt lat="51.19477697" lon="8.05757004">
  <ele>305.407</ele>
 </trkpt>
 <trkpt lat="51.19483598" lon="8.05794404">
  <ele>305.981</ele>
 </trkpt>
 <trkpt lat="51.19503102" lon="8.05803901">
  <ele>308.114</ele>
 </trkpt>
 <trkpt lat="51.19514200" lon="8.05803498">
  <ele>309.491</ele>
 </trkpt>
 <trkpt lat="51.19522699" lon="8.05802803">
  <ele>309.967</ele>
 </trkpt>
 <trkpt lat="51.19557199" lon="8.05796600">
  <ele>312.613</ele>
 </trkpt>
 <trkpt lat="51.19588899" lon="8.05782996">
  <ele>314.902</ele>
 </trkpt>
 <trkpt lat="51.19611799" lon="8.05768202">
  <ele>317.001</ele>
 </trkpt>
 <trkpt lat="51.19631597" lon="8.05754196">
  <ele>317.785</ele>
 </trkpt>
 <trkpt lat="51.19667698" lon="8.05726896">
  <ele>319.237</ele>
 </trkpt>
 <trkpt lat="51.19689901" lon="8.05711096">
  <ele>320.057</ele>
 </trkpt>
 <trkpt lat="51.19724301" lon="8.05689001">
  <ele>321.424</ele>
 </trkpt>
 <trkpt lat="51.19756001" lon="8.05670704">
  <ele>321.837</ele>
 </trkpt>
 <trkpt lat="51.19801900" lon="8.05655901">
  <ele>323.036</ele>
 </trkpt>
 <trkpt lat="51.19834900" lon="8.05652599">
  <ele>323.676</ele>
 </trkpt>
 <trkpt lat="51.19864698" lon="8.05656102">
  <ele>324.043</ele>
 </trkpt>
 <trkpt lat="51.19910697" lon="8.05671098">
  <ele>324.739</ele>
 </trkpt>
 <trkpt lat="51.19919398" lon="8.05674300">
  <ele>324.552</ele>
 </trkpt>
 <trkpt lat="51.19929800" lon="8.05678398">
  <ele>324.934</ele>
 </trkpt>
 <trkpt lat="51.19970100" lon="8.05709403">
  <ele>325.521</ele>
 </trkpt>
 <trkpt lat="51.20013703" lon="8.05762997">
  <ele>326.464</ele>
 </trkpt>
 <trkpt lat="51.20043299" lon="8.05812601">
  <ele>327.616</ele>
 </trkpt>
 <trkpt lat="51.20068202" lon="8.05857704">
  <ele>328.432</ele>
 </trkpt>
 <trkpt lat="51.20086198" lon="8.05911700">
  <ele>329.344</ele>
 </trkpt>
 <trkpt lat="51.20106901" lon="8.05963702">
  <ele>330.136</ele>
 </trkpt>
 <trkpt lat="51.20127403" lon="8.06019299">
  <ele>330.968</ele>
 </trkpt>
 <trkpt lat="51.20138501" lon="8.06066397">
  <ele>331.238</ele>
 </trkpt>
 <trkpt lat="51.20150596" lon="8.06107501">
  <ele>331.932</ele>
 </trkpt>
 <trkpt lat="51.20163596" lon="8.06165203">
  <ele>332.353</ele>
 </trkpt>
 <trkpt lat="51.20177703" lon="8.06210498">
  <ele>333.379</ele>
 </trkpt>
 <trkpt lat="51.20194299" lon="8.06275299">
  <ele>334.653</ele>
 </trkpt>
 <trkpt lat="51.20210803" lon="8.06331298">
  <ele>335.211</ele>
 </trkpt>
 <trkpt lat="51.20222596" lon="8.06377198">
  <ele>336.354</ele>
 </trkpt>
 <trkpt lat="51.20241598" lon="8.06485198">
  <ele>338.404</ele>
 </trkpt>
 <trkpt lat="51.20243602" lon="8.06494603">
  <ele>337.907</ele>
 </trkpt>
 <trkpt lat="51.20246200" lon="8.06526597">
  <ele>339.562</ele>
 </trkpt>
 <trkpt lat="51.20248798" lon="8.06559596">
  <ele>340.216</ele>
 </trkpt>
 <trkpt lat="51.20254800" lon="8.06605697">
  <ele>340.968</ele>
 </trkpt>
 <trkpt lat="51.20264003" lon="8.06660799">
  <ele>341.283</ele>
 </trkpt>
 <trkpt lat="51.20273299" lon="8.06717201">
  <ele>342.843</ele>
 </trkpt>
 <trkpt lat="51.20282200" lon="8.06779697">
  <ele>343.609</ele>
 </trkpt>
 <trkpt lat="51.20293398" lon="8.06857397">
  <ele>344.300</ele>
 </trkpt>
 <trkpt lat="51.20304999" lon="8.06939900">
  <ele>345.807</ele>
 </trkpt>
 <trkpt lat="51.20315996" lon="8.07014197">
  <ele>347.182</ele>
 </trkpt>
 <trkpt lat="51.20328401" lon="8.07099600">
  <ele>348.698</ele>
 </trkpt>
 <trkpt lat="51.20340404" lon="8.07183403">
  <ele>350.429</ele>
 </trkpt>
 <trkpt lat="51.20352197" lon="8.07247398">
  <ele>351.191</ele>
 </trkpt>
 <trkpt lat="51.20370797" lon="8.07326800">
  <ele>352.280</ele>
 </trkpt>
 <trkpt lat="51.20392799" lon="8.07383797">
  <ele>352.345</ele>
 </trkpt>
 <trkpt lat="51.20428104" lon="8.07443703">
  <ele>353.885</ele>
 </trkpt>
 <trkpt lat="51.20469502" lon="8.07491597">
  <ele>354.465</ele>
 </trkpt>
 <trkpt lat="51.20511102" lon="8.07525703">
  <ele>355.408</ele>
 </trkpt>
 <trkpt lat="51.20518503" lon="8.07529198">
  <ele>355.781</ele>
 </trkpt>
 <trkpt lat="51.20552299" lon="8.07543296">
  <ele>356.025</ele>
 </trkpt>
 <trkpt lat="51.20582297" lon="8.07555299">
  <ele>357.468</ele>
 </trkpt>
 <trkpt lat="51.20605398" lon="8.07565500">
  <ele>358.438</ele>
 </trkpt>
 <trkpt lat="51.20645204" lon="8.07583303">
  <ele>359.403</ele>
 </trkpt>
 <trkpt lat="51.20677801" lon="8.07598097">
  <ele>360.197</ele>
 </trkpt>
 <trkpt lat="51.20705402" lon="8.07618700">
  <ele>360.853</ele>
 </trkpt>
 <trkpt lat="51.20736902" lon="8.07640501">
  <ele>361.398</ele>
 </trkpt>
 <trkpt lat="51.20787000" lon="8.07688102">
  <ele>362.606</ele>
 </trkpt>
 <trkpt lat="51.20820897" lon="8.07736700">
  <ele>363.858</ele>
 </trkpt>
 <trkpt lat="51.20851801" lon="8.07805298">
  <ele>364.859</ele>
 </trkpt>
 <trkpt lat="51.20851901" lon="8.07835699">
  <ele>364.884</ele>
 </trkpt>
 <trkpt lat="51.20859001" lon="8.07866301">
  <ele>366.925</ele>
 </trkpt>
 <trkpt lat="51.20875304" lon="8.07918102">
  <ele>370.531</ele>
 </trkpt>
 <trkpt lat="51.20888103" lon="8.07960397">
  <ele>370.859</ele>
 </trkpt>
 <trkpt lat="51.20907398" lon="8.08013203">
  <ele>371.182</ele>
 </trkpt>
 <trkpt lat="51.20931697" lon="8.08076603">
  <ele>370.191</ele>
 </trkpt>
 <trkpt lat="51.20958502" lon="8.08149903">
  <ele>367.737</ele>
 </trkpt>
 <trkpt lat="51.20976398" lon="8.08197102">
  <ele>365.582</ele>
 </trkpt>
 <trkpt lat="51.20990102" lon="8.08236203">
  <ele>364.507</ele>
 </trkpt>
 <trkpt lat="51.21026597" lon="8.08338596">
  <ele>364.535</ele>
 </trkpt>
 <trkpt lat="51.21040000" lon="8.08377103">
  <ele>364.671</ele>
 </trkpt>
 <trkpt lat="51.21045096" lon="8.08408703">
  <ele>364.528</ele>
 </trkpt>
 <trkpt lat="51.21046403" lon="8.08433698">
  <ele>364.525</ele>
 </trkpt>
 <trkpt lat="51.21059102" lon="8.08469597">
  <ele>362.949</ele>
 </trkpt>
 <trkpt lat="51.21071398" lon="8.08498498">
  <ele>362.051</ele>
 </trkpt>
 <trkpt lat="51.21083200" lon="8.08530198">
  <ele>363.241</ele>
 </trkpt>
 <trkpt lat="51.21088204" lon="8.08529100">
  <ele>363.309</ele>
 </trkpt>
 <trkpt lat="51.21104800" lon="8.08548798">
  <ele>364.114</ele>
 </trkpt>
 <trkpt lat="51.21122796" lon="8.08575201">
  <ele>364.986</ele>
 </trkpt>
 <trkpt lat="51.21145000" lon="8.08600598">
  <ele>366.401</ele>
 </trkpt>
 <trkpt lat="51.21172803" lon="8.08636104">
  <ele>368.192</ele>
 </trkpt>
 <trkpt lat="51.21210597" lon="8.08689396">
  <ele>369.959</ele>
 </trkpt>
 <trkpt lat="51.21259002" lon="8.08758304">
  <ele>370.699</ele>
 </trkpt>
 <trkpt lat="51.21308799" lon="8.08828401">
  <ele>371.102</ele>
 </trkpt>
 <trkpt lat="51.21357104" lon="8.08898499">
  <ele>373.488</ele>
 </trkpt>
 <trkpt lat="51.21397899" lon="8.08956401">
  <ele>375.008</ele>
 </trkpt>
 <trkpt lat="51.21434997" lon="8.09009199">
  <ele>376.981</ele>
 </trkpt>
 <trkpt lat="51.21463998" lon="8.09049298">
  <ele>378.374</ele>
 </trkpt>
 <trkpt lat="51.21491399" lon="8.09078601">
  <ele>378.881</ele>
 </trkpt>
 <trkpt lat="51.21532202" lon="8.09110796">
  <ele>379.376</ele>
 </trkpt>
 <trkpt lat="51.21573701" lon="8.09132497">
  <ele>380.240</ele>
 </trkpt>
 <trkpt lat="51.21608804" lon="8.09142396">
  <ele>381.138</ele>
 </trkpt>
 <trkpt lat="51.21651803" lon="8.09143301">
  <ele>381.477</ele>
 </trkpt>
 <trkpt lat="51.21688197" lon="8.09135598">
  <ele>381.964</ele>
 </trkpt>
 <trkpt lat="51.21737500" lon="8.09110402">
  <ele>382.385</ele>
 </trkpt>
 <trkpt lat="51.21760902" lon="8.09094602">
  <ele>383.495</ele>
 </trkpt>
 <trkpt lat="51.21815803" lon="8.09053296">
  <ele>385.704</ele>
 </trkpt>
 <trkpt lat="51.21852600" lon="8.09037496">
  <ele>386.177</ele>
 </trkpt>
 <trkpt lat="51.21897502" lon="8.09017698">
  <ele>386.672</ele>
 </trkpt>
 <trkpt lat="51.21944399" lon="8.09005997">
  <ele>388.315</ele>
 </trkpt>
 <trkpt lat="51.21996802" lon="8.08993097">
  <ele>389.143</ele>
 </trkpt>
 <trkpt lat="51.22040598" lon="8.08990097">
  <ele>390.651</ele>
 </trkpt>
 <trkpt lat="51.22086598" lon="8.08993500">
  <ele>392.191</ele>
 </trkpt>
 <trkpt lat="51.22116898" lon="8.08993600">
  <ele>393.425</ele>
 </trkpt>
 <trkpt lat="51.22153703" lon="8.08999099">
  <ele>394.603</ele>
 </trkpt>
 <trkpt lat="51.22196099" lon="8.09008604">
  <ele>395.186</ele>
 </trkpt>
 <trkpt lat="51.22244596" lon="8.09022099">
  <ele>396.322</ele>
 </trkpt>
 <trkpt lat="51.22283396" lon="8.09037404">
  <ele>397.476</ele>
 </trkpt>
 <trkpt lat="51.22335196" lon="8.09074402">
  <ele>397.960</ele>
 </trkpt>
 <trkpt lat="51.22372999" lon="8.09118398">
  <ele>399.362</ele>
 </trkpt>
 <trkpt lat="51.22408002" lon="8.09176502">
  <ele>400.256</ele>
 </trkpt>
 <trkpt lat="51.22431102" lon="8.09225804">
  <ele>400.978</ele>
 </trkpt>
 <trkpt lat="51.22458997" lon="8.09323596">
  <ele>402.329</ele>
 </trkpt>
 <trkpt lat="51.22466700" lon="8.09360099">
  <ele>402.360</ele>
 </trkpt>
 <trkpt lat="51.22473900" lon="8.09397097">
  <ele>403.072</ele>
 </trkpt>
 <trkpt lat="51.22485300" lon="8.09475300">
  <ele>404.132</ele>
 </trkpt>
 <trkpt lat="51.22504896" lon="8.09579403">
  <ele>405.627</ele>
 </trkpt>
 <trkpt lat="51.22515902" lon="8.09618404">
  <ele>405.685</ele>
 </trkpt>
 <trkpt lat="51.22522297" lon="8.09636501">
  <ele>405.729</ele>
 </trkpt>
 <trkpt lat="51.22531199" lon="8.09659802">
  <ele>405.578</ele>
 </trkpt>
 <trkpt lat="51.22568004" lon="8.09745398">
  <ele>407.184</ele>
 </trkpt>
 <trkpt lat="51.22610299" lon="8.09817600">
  <ele>407.716</ele>
 </trkpt>
 <trkpt lat="51.22661303" lon="8.09902702">
  <ele>408.840</ele>
 </trkpt>
 <trkpt lat="51.22690899" lon="8.09952498">
  <ele>410.096</ele>
 </trkpt>
 <trkpt lat="51.22704897" lon="8.09960403">
  <ele>410.189</ele>
 </trkpt>
 <trkpt lat="51.22715701" lon="8.09948802">
  <ele>410.539</ele>
 </trkpt>
 <trkpt lat="51.22717403" lon="8.09946799">
  <ele>410.760</ele>
 </trkpt>
 <trkpt lat="51.22721904" lon="8.09944502">
  <ele>410.889</ele>
 </trkpt>
 <trkpt lat="51.22734896" lon="8.09969304">
  <ele>411.157</ele>
 </trkpt>
 <trkpt lat="51.22767099" lon="8.10017198">
  <ele>411.363</ele>
 </trkpt>
 <trkpt lat="51.22805899" lon="8.10074103">
  <ele>411.662</ele>
 </trkpt>
 <trkpt lat="51.22821104" lon="8.10088000">
  <ele>413.667</ele>
 </trkpt>
 <trkpt lat="51.22840500" lon="8.10127596">
  <ele>412.630</ele>
 </trkpt>
 <trkpt lat="51.22882501" lon="8.10222496">
  <ele>412.985</ele>
 </trkpt>
 <trkpt lat="51.22905903" lon="8.10278596">
  <ele>414.055</ele>
 </trkpt>
 <trkpt lat="51.22905803" lon="8.10307397">
  <ele>412.085</ele>
 </trkpt>
 <trkpt lat="51.22904101" lon="8.10323599">
  <ele>412.086</ele>
 </trkpt>
 <trkpt lat="51.22904202" lon="8.10359004">
  <ele>411.717</ele>
 </trkpt>
 <trkpt lat="51.22910597" lon="8.10405800">
  <ele>412.371</ele>
 </trkpt>
 <trkpt lat="51.22933103" lon="8.10497800">
  <ele>412.043</ele>
 </trkpt>
 <trkpt lat="51.22960000" lon="8.10592499">
  <ele>412.782</ele>
 </trkpt>
 <trkpt lat="51.22967997" lon="8.10632103">
  <ele>411.913</ele>
 </trkpt>
 <trkpt lat="51.22976672" lon="8.10700432">
  <ele>411.523</ele>
 </trkpt>
 <trkpt lat="51.22978474" lon="8.10784964">
  <ele>410.773</ele>
 </trkpt>
 <trkpt lat="51.22964996" lon="8.10892412">
  <ele>409.809</ele>
 </trkpt>
 <trkpt lat="51.22923673" lon="8.11197580">
  <ele>408.230</ele>
 </trkpt>
 <trkpt lat="51.22882350" lon="8.11464066">
  <ele>407.816</ele>
 </trkpt>
 <trkpt lat="51.22872468" lon="8.11555755">
  <ele>405.473</ele>
 </trkpt>
 <trkpt lat="51.22870674" lon="8.11624529">
  <ele>403.254</ele>
 </trkpt>
 <trkpt lat="51.22875603" lon="8.11678500">
  <ele>402.919</ele>
 </trkpt>
 <trkpt lat="51.22881101" lon="8.11728397">
  <ele>401.804</ele>
 </trkpt>
 <trkpt lat="51.22892400" lon="8.11784699">
  <ele>400.820</ele>
 </trkpt>
 <trkpt lat="51.22926196" lon="8.11880797">
  <ele>399.637</ele>
 </trkpt>
 <trkpt lat="51.22950101" lon="8.11936302">
  <ele>398.316</ele>
 </trkpt>
 <trkpt lat="51.22995799" lon="8.12046700">
  <ele>397.294</ele>
 </trkpt>
 <trkpt lat="51.23037298" lon="8.12145296">
  <ele>395.009</ele>
 </trkpt>
 <trkpt lat="51.23050801" lon="8.12177198">
  <ele>394.524</ele>
 </trkpt>
 <trkpt lat="51.23052704" lon="8.12181196">
  <ele>394.566</ele>
 </trkpt>
 <trkpt lat="51.23069099" lon="8.12219602">
  <ele>393.762</ele>
 </trkpt>
 <trkpt lat="51.23103800" lon="8.12300404">
  <ele>391.980</ele>
 </trkpt>
 <trkpt lat="51.23139901" lon="8.12383301">
  <ele>390.493</ele>
 </trkpt>
 <trkpt lat="51.23150596" lon="8.12409301">
  <ele>390.288</ele>
 </trkpt>
 <trkpt lat="51.23198901" lon="8.12522097">
  <ele>389.497</ele>
 </trkpt>
 <trkpt lat="51.23240501" lon="8.12613904">
  <ele>386.965</ele>
 </trkpt>
 <trkpt lat="51.23269896" lon="8.12672602">
  <ele>385.970</ele>
 </trkpt>
 <trkpt lat="51.23298202" lon="8.12721804">
  <ele>385.238</ele>
 </trkpt>
 <trkpt lat="51.23307296" lon="8.12735198">
  <ele>384.697</ele>
 </trkpt>
 <trkpt lat="51.23344503" lon="8.12785003">
  <ele>383.831</ele>
 </trkpt>
 <trkpt lat="51.23419899" lon="8.12836703">
  <ele>381.562</ele>
 </trkpt>
 <trkpt lat="51.23498898" lon="8.12854104">
  <ele>380.303</ele>
 </trkpt>
 <trkpt lat="51.23567898" lon="8.12862201">
  <ele>377.439</ele>
 </trkpt>
 <trkpt lat="51.23641097" lon="8.12882803">
  <ele>376.165</ele>
 </trkpt>
 <trkpt lat="51.23710097" lon="8.12938099">
  <ele>374.648</ele>
 </trkpt>
 <trkpt lat="51.23714799" lon="8.12942902">
  <ele>374.721</ele>
 </trkpt>
 <trkpt lat="51.23763599" lon="8.13013201">
  <ele>374.413</ele>
 </trkpt>
 <trkpt lat="51.23802398" lon="8.13092703">
  <ele>373.173</ele>
 </trkpt>
 <trkpt lat="51.23851198" lon="8.13192297">
  <ele>369.685</ele>
 </trkpt>
 <trkpt lat="51.23917004" lon="8.13298102">
  <ele>368.435</ele>
 </trkpt>
 <trkpt lat="51.23975501" lon="8.13364796">
  <ele>367.723</ele>
 </trkpt>
 <trkpt lat="51.23980396" lon="8.13369901">
  <ele>367.700</ele>
 </trkpt>
 <trkpt lat="51.24019699" lon="8.13372499">
  <ele>364.811</ele>
 </trkpt>
 <trkpt lat="51.24034996" lon="8.13352400">
  <ele>361.929</ele>
 </trkpt>
 <trkpt lat="51.24043101" lon="8.13338603">
  <ele>359.490</ele>
 </trkpt>
 <trkpt lat="51.24063201" lon="8.13336298">
  <ele>358.433</ele>
 </trkpt>
 <trkpt lat="51.24064601" lon="8.13344898">
  <ele>358.387</ele>
 </trkpt>
 <trkpt lat="51.24061097" lon="8.13369901">
  <ele>357.077</ele>
 </trkpt>
 <trkpt lat="51.24054803" lon="8.13385399">
  <ele>355.599</ele>
 </trkpt>
 <trkpt lat="51.24052498" lon="8.13389196">
  <ele>355.405</ele>
 </trkpt>
 <trkpt lat="51.24052498" lon="8.13420402">
  <ele>353.737</ele>
 </trkpt>
 <trkpt lat="51.24046496" lon="8.13437602">
  <ele>352.079</ele>
 </trkpt>
 <trkpt lat="51.24042297" lon="8.13496099">
  <ele>349.732</ele>
 </trkpt>
 <trkpt lat="51.24053998" lon="8.13521203">
  <ele>349.477</ele>
 </trkpt>
 <trkpt lat="51.24107198" lon="8.13612901">
  <ele>349.665</ele>
 </trkpt>
 <trkpt lat="51.24154304" lon="8.13736098">
  <ele>347.727</ele>
 </trkpt>
 <trkpt lat="51.24191101" lon="8.13801804">
  <ele>345.166</ele>
 </trkpt>
 <trkpt lat="51.24263202" lon="8.13906100">
  <ele>344.365</ele>
 </trkpt>
 <trkpt lat="51.24319403" lon="8.13954103">
  <ele>347.321</ele>
 </trkpt>
 <trkpt lat="51.24361396" lon="8.13972501">
  <ele>350.123</ele>
 </trkpt>
 <trkpt lat="51.24410698" lon="8.13995602">
  <ele>350.337</ele>
 </trkpt>
 <trkpt lat="51.24418401" lon="8.13999499">
  <ele>349.601</ele>
 </trkpt>
 <trkpt lat="51.24480302" lon="8.13997597">
  <ele>348.933</ele>
 </trkpt>
 <trkpt lat="51.24538296" lon="8.13991897">
  <ele>351.046</ele>
 </trkpt>
 <trkpt lat="51.24550902" lon="8.13998803">
  <ele>351.913</ele>
 </trkpt>
 <trkpt lat="51.24583399" lon="8.14021803">
  <ele>355.174</ele>
 </trkpt>
 <trkpt lat="51.24614596" lon="8.14045197">
  <ele>356.844</ele>
 </trkpt>
 <trkpt lat="51.24651996" lon="8.14081499">
  <ele>356.970</ele>
 </trkpt>
 <trkpt lat="51.24709496" lon="8.14147599">
  <ele>356.189</ele>
 </trkpt>
 <trkpt lat="51.24770198" lon="8.14235701">
  <ele>353.963</ele>
 </trkpt>
 <trkpt lat="51.24838200" lon="8.14329302">
  <ele>351.360</ele>
 </trkpt>
 <trkpt lat="51.24905901" lon="8.14381102">
  <ele>350.137</ele>
 </trkpt>
 <trkpt lat="51.24984398" lon="8.14402903">
  <ele>348.221</ele>
 </trkpt>
 <trkpt lat="51.25107997" lon="8.14423498">
  <ele>345.904</ele>
 </trkpt>
 <trkpt lat="51.25177902" lon="8.14448400">
  <ele>342.964</ele>
 </trkpt>
 <trkpt lat="51.25234002" lon="8.14478299">
  <ele>341.318</ele>
 </trkpt>
 <trkpt lat="51.25317503" lon="8.14529303">
  <ele>340.649</ele>
 </trkpt>
 <trkpt lat="51.25376604" lon="8.14563601">
  <ele>338.033</ele>
 </trkpt>
 <trkpt lat="51.25455997" lon="8.14613901">
  <ele>336.614</ele>
 </trkpt>
 <trkpt lat="51.25545298" lon="8.14714802">
  <ele>335.274</ele>
 </trkpt>
 <trkpt lat="51.25597601" lon="8.14820901">
  <ele>334.206</ele>
 </trkpt>
 <trkpt lat="51.25645503" lon="8.14916798">
  <ele>330.717</ele>
 </trkpt>
 <trkpt lat="51.25714998" lon="8.15003500">
  <ele>328.944</ele>
 </trkpt>
 <trkpt lat="51.25771400" lon="8.15042099">
  <ele>328.232</ele>
 </trkpt>
 <trkpt lat="51.25853802" lon="8.15096003">
  <ele>325.741</ele>
 </trkpt>
 <trkpt lat="51.25937101" lon="8.15153201">
  <ele>323.880</ele>
 </trkpt>
 <trkpt lat="51.26012899" lon="8.15212503">
  <ele>321.117</ele>
 </trkpt>
 <trkpt lat="51.26075101" lon="8.15296104">
  <ele>320.438</ele>
 </trkpt>
 <trkpt lat="51.26111998" lon="8.15392002">
  <ele>317.543</ele>
 </trkpt>
 <trkpt lat="51.26133397" lon="8.15505501">
  <ele>317.036</ele>
 </trkpt>
 <trkpt lat="51.26137303" lon="8.15550202">
  <ele>316.456</ele>
 </trkpt>
 <trkpt lat="51.26153598" lon="8.15714504">
  <ele>314.333</ele>
 </trkpt>
 <trkpt lat="51.26167302" lon="8.15848203">
  <ele>311.372</ele>
 </trkpt>
 <trkpt lat="51.26172096" lon="8.15945098">
  <ele>313.812</ele>
 </trkpt>
 <trkpt lat="51.26160596" lon="8.15994099">
  <ele>315.282</ele>
 </trkpt>
 <trkpt lat="51.26152801" lon="8.16037701">
  <ele>314.600</ele>
 </trkpt>
 <trkpt lat="51.26161904" lon="8.16102703">
  <ele>312.963</ele>
 </trkpt>
 <trkpt lat="51.26170998" lon="8.16209304">
  <ele>311.179</ele>
 </trkpt>
 <trkpt lat="51.26182096" lon="8.16315503">
  <ele>310.396</ele>
 </trkpt>
 <trkpt lat="51.26184904" lon="8.16331797">
  <ele>310.691</ele>
 </trkpt>
 <trkpt lat="51.26186103" lon="8.16352098">
  <ele>310.450</ele>
 </trkpt>
 <trkpt lat="51.26189900" lon="8.16390303">
  <ele>310.752</ele>
 </trkpt>
 <trkpt lat="51.26194200" lon="8.16417896">
  <ele>310.290</ele>
 </trkpt>
 <trkpt lat="51.26208499" lon="8.16437401">
  <ele>310.437</ele>
 </trkpt>
 <trkpt lat="51.26216898" lon="8.16453896">
  <ele>310.007</ele>
 </trkpt>
 <trkpt lat="51.26229303" lon="8.16529702">
  <ele>309.935</ele>
 </trkpt>
 <trkpt lat="51.26238196" lon="8.16609004">
  <ele>309.650</ele>
 </trkpt>
 <trkpt lat="51.26244801" lon="8.16663603">
  <ele>309.817</ele>
 </trkpt>
 <trkpt lat="51.26238297" lon="8.16714398">
  <ele>308.368</ele>
 </trkpt>
 <trkpt lat="51.26237098" lon="8.16723601">
  <ele>308.069</ele>
 </trkpt>
 <trkpt lat="51.26232999" lon="8.16780103">
  <ele>310.214</ele>
 </trkpt>
 <trkpt lat="51.26223000" lon="8.16815299">
  <ele>313.005</ele>
 </trkpt>
 <trkpt lat="51.26201198" lon="8.16848600">
  <ele>313.783</ele>
 </trkpt>
 <trkpt lat="51.26160303" lon="8.16874903">
  <ele>311.008</ele>
 </trkpt>
 <trkpt lat="51.26150899" lon="8.16884500">
  <ele>310.270</ele>
 </trkpt>
 <trkpt lat="51.26136096" lon="8.16902404">
  <ele>308.861</ele>
 </trkpt>
 <trkpt lat="51.26108604" lon="8.16942603">
  <ele>305.257</ele>
 </trkpt>
 <trkpt lat="51.26100398" lon="8.16954799">
  <ele>304.293</ele>
 </trkpt>
 <trkpt lat="51.26098000" lon="8.16980900">
  <ele>304.343</ele>
 </trkpt>
 <trkpt lat="51.26120003" lon="8.17010304">
  <ele>303.874</ele>
 </trkpt>
 <trkpt lat="51.26152298" lon="8.17010798">
  <ele>303.095</ele>
 </trkpt>
 <trkpt lat="51.26233703" lon="8.16951597">
  <ele>299.686</ele>
 </trkpt>
 <trkpt lat="51.26296501" lon="8.16947096">
  <ele>299.627</ele>
 </trkpt>
 <trkpt lat="51.26366397" lon="8.16967196">
  <ele>298.539</ele>
 </trkpt>
 <trkpt lat="51.26443603" lon="8.17017898">
  <ele>297.399</ele>
 </trkpt>
 <trkpt lat="51.26508404" lon="8.17030404">
  <ele>298.062</ele>
 </trkpt>
 <trkpt lat="51.26565199" lon="8.17040797">
  <ele>299.416</ele>
 </trkpt>
 <trkpt lat="51.26627100" lon="8.17074199">
  <ele>300.812</ele>
 </trkpt>
 <trkpt lat="51.26638901" lon="8.17083604">
  <ele>300.548</ele>
 </trkpt>
 <trkpt lat="51.26673602" lon="8.17122001">
  <ele>298.051</ele>
 </trkpt>
 <trkpt lat="51.26695496" lon="8.17174003">
  <ele>296.920</ele>
 </trkpt>
 <trkpt lat="51.26694398" lon="8.17220002">
  <ele>294.879</ele>
 </trkpt>
 <trkpt lat="51.26667299" lon="8.17284099">
  <ele>293.630</ele>
 </trkpt>
 <trkpt lat="51.26663804" lon="8.17331800">
  <ele>292.309</ele>
 </trkpt>
 <trkpt lat="51.26689302" lon="8.17419802">
  <ele>291.735</ele>
 </trkpt>
 <trkpt lat="51.26716702" lon="8.17524601">
  <ele>291.020</ele>
 </trkpt>
 <trkpt lat="51.26747397" lon="8.17669800">
  <ele>289.943</ele>
 </trkpt>
 <trkpt lat="51.26772802" lon="8.17841697">
  <ele>290.744</ele>
 </trkpt>
 <trkpt lat="51.26801100" lon="8.18030499">
  <ele>289.746</ele>
 </trkpt>
 <trkpt lat="51.26823798" lon="8.18180401">
  <ele>289.684</ele>
 </trkpt>
 <trkpt lat="51.26839497" lon="8.18336698">
  <ele>289.790</ele>
 </trkpt>
 <trkpt lat="51.26830503" lon="8.18496097">
  <ele>289.849</ele>
 </trkpt>
 <trkpt lat="51.26827897" lon="8.18530798">
  <ele>289.958</ele>
 </trkpt>
 <trkpt lat="51.26826396" lon="8.18555701">
  <ele>289.816</ele>
 </trkpt>
 <trkpt lat="51.26819598" lon="8.18584199">
  <ele>289.682</ele>
 </trkpt>
 <trkpt lat="51.26789600" lon="8.18641104">
  <ele>290.121</ele>
 </trkpt>
 <trkpt lat="51.26782299" lon="8.18649896">
  <ele>290.199</ele>
 </trkpt>
 <trkpt lat="51.26754697" lon="8.18630903">
  <ele>289.863</ele>
 </trkpt>
 <trkpt lat="51.26694297" lon="8.18602799">
  <ele>292.616</ele>
 </trkpt>
 <trkpt lat="51.26657099" lon="8.18593402">
  <ele>294.735</ele>
 </trkpt>
 <trkpt lat="51.26593597" lon="8.18589999">
  <ele>296.927</ele>
 </trkpt>
 <trkpt lat="51.26540003" lon="8.18590703">
  <ele>299.314</ele>
 </trkpt>
 <trkpt lat="51.26493400" lon="8.18591801">
  <ele>300.016</ele>
 </trkpt>
 <trkpt lat="51.26438004" lon="8.18595598">
  <ele>301.801</ele>
 </trkpt>
 <trkpt lat="51.26398802" lon="8.18609102">
  <ele>304.970</ele>
 </trkpt>
 <trkpt lat="51.26341000" lon="8.18650299">
  <ele>305.354</ele>
 </trkpt>
 <trkpt lat="51.26285202" lon="8.18688797">
  <ele>307.368</ele>
 </trkpt>
 <trkpt lat="51.26248003" lon="8.18702199">
  <ele>308.686</ele>
 </trkpt>
 <trkpt lat="51.26233502" lon="8.18724001">
  <ele>309.668</ele>
 </trkpt>
 <trkpt lat="51.26206999" lon="8.18763698">
  <ele>309.207</ele>
 </trkpt>
 <trkpt lat="51.26155701" lon="8.18806102">
  <ele>308.180</ele>
 </trkpt>
 <trkpt lat="51.26110900" lon="8.18846804">
  <ele>306.686</ele>
 </trkpt>
 <trkpt lat="51.26043501" lon="8.18907699">
  <ele>305.467</ele>
 </trkpt>
 <trkpt lat="51.25987602" lon="8.18957102">
  <ele>303.342</ele>
 </trkpt>
 <trkpt lat="51.25945500" lon="8.18995398">
  <ele>303.944</ele>
 </trkpt>
 <trkpt lat="51.25893599" lon="8.19043603">
  <ele>300.904</ele>
 </trkpt>
 <trkpt lat="51.25814902" lon="8.19118797">
  <ele>300.916</ele>
 </trkpt>
 <trkpt lat="51.25740898" lon="8.19188702">
  <ele>300.580</ele>
 </trkpt>
 <trkpt lat="51.25672502" lon="8.19253201">
  <ele>300.741</ele>
 </trkpt>
 <trkpt lat="51.25610098" lon="8.19312402">
  <ele>300.640</ele>
 </trkpt>
 <trkpt lat="51.25532499" lon="8.19385501">
  <ele>300.229</ele>
 </trkpt>
 <trkpt lat="51.25473004" lon="8.19448499">
  <ele>300.820</ele>
 </trkpt>
 <trkpt lat="51.25424900" lon="8.19509100">
  <ele>299.882</ele>
 </trkpt>
 <trkpt lat="51.25360804" lon="8.19606297">
  <ele>297.320</ele>
 </trkpt>
 <trkpt lat="51.25315701" lon="8.19689797">
  <ele>297.098</ele>
 </trkpt>
 <trkpt lat="51.25263599" lon="8.19785904">
  <ele>298.086</ele>
 </trkpt>
 <trkpt lat="51.25212603" lon="8.19881097">
  <ele>299.886</ele>
 </trkpt>
 <trkpt lat="51.25173703" lon="8.19962000">
  <ele>300.831</ele>
 </trkpt>
 <trkpt lat="51.25148398" lon="8.20041301">
  <ele>301.331</ele>
 </trkpt>
 <trkpt lat="51.25138801" lon="8.20070302">
  <ele>301.615</ele>
 </trkpt>
 <trkpt lat="51.25127099" lon="8.20066798">
  <ele>301.091</ele>
 </trkpt>
 <trkpt lat="51.25093999" lon="8.20175403">
  <ele>301.258</ele>
 </trkpt>
 <trkpt lat="51.25058100" lon="8.20302699">
  <ele>300.055</ele>
 </trkpt>
 <trkpt lat="51.25039400" lon="8.20369997">
  <ele>299.828</ele>
 </trkpt>
 <trkpt lat="51.25038796" lon="8.20437396">
  <ele>300.820</ele>
 </trkpt>
 <trkpt lat="51.25040799" lon="8.20452802">
  <ele>300.673</ele>
 </trkpt>
 <trkpt lat="51.25062902" lon="8.20531097">
  <ele>301.208</ele>
 </trkpt>
 <trkpt lat="51.25080597" lon="8.20581699">
  <ele>300.643</ele>
 </trkpt>
 <trkpt lat="51.25111098" lon="8.20691502">
  <ele>300.209</ele>
 </trkpt>
 <trkpt lat="51.25144500" lon="8.20809100">
  <ele>299.790</ele>
 </trkpt>
 <trkpt lat="51.25162002" lon="8.20876901">
  <ele>300.731</ele>
 </trkpt>
 <trkpt lat="51.25159001" lon="8.20880396">
  <ele>300.644</ele>
 </trkpt>
 <trkpt lat="51.25152798" lon="8.20883296">
  <ele>300.781</ele>
 </trkpt>
 <trkpt lat="51.25153896" lon="8.20904897">
  <ele>302.727</ele>
 </trkpt>
 <trkpt lat="51.25143402" lon="8.20913899">
  <ele>302.871</ele>
 </trkpt>
 <trkpt lat="51.25125499" lon="8.20948097">
  <ele>304.791</ele>
 </trkpt>
 <trkpt lat="51.25117301" lon="8.20959203">
  <ele>305.282</ele>
 </trkpt>
 <trkpt lat="51.25105399" lon="8.20974399">
  <ele>305.844</ele>
 </trkpt>
 <trkpt lat="51.25059701" lon="8.21020500">
  <ele>306.124</ele>
 </trkpt>
 <trkpt lat="51.25039701" lon="8.21036099">
  <ele>305.453</ele>
 </trkpt>
 <trkpt lat="51.24987398" lon="8.21058897">
  <ele>307.887</ele>
 </trkpt>
 <trkpt lat="51.24915599" lon="8.21072702">
  <ele>308.361</ele>
 </trkpt>
 <trkpt lat="51.24866498" lon="8.21080497">
  <ele>308.896</ele>
 </trkpt>
 <trkpt lat="51.24823297" lon="8.21087798">
  <ele>308.999</ele>
 </trkpt>
 <trkpt lat="51.24735497" lon="8.21100396">
  <ele>309.719</ele>
 </trkpt>
 <trkpt lat="51.24662298" lon="8.21118199">
  <ele>310.908</ele>
 </trkpt>
 <trkpt lat="51.24604404" lon="8.21134200">
  <ele>311.063</ele>
 </trkpt>
 <trkpt lat="51.24526201" lon="8.21156303">
  <ele>311.410</ele>
 </trkpt>
 <trkpt lat="51.24486303" lon="8.21165096">
  <ele>311.735</ele>
 </trkpt>
 <trkpt lat="51.24469397" lon="8.21166202">
  <ele>311.823</ele>
 </trkpt>
 <trkpt lat="51.24416197" lon="8.21154200">
  <ele>312.101</ele>
 </trkpt>
 <trkpt lat="51.24398503" lon="8.21144703">
  <ele>312.364</ele>
 </trkpt>
 <trkpt lat="51.24388503" lon="8.21138400">
  <ele>312.549</ele>
 </trkpt>
 <trkpt lat="51.24339603" lon="8.21101704">
  <ele>312.789</ele>
 </trkpt>
 <trkpt lat="51.24286604" lon="8.21036501">
  <ele>313.400</ele>
 </trkpt>
 <trkpt lat="51.24247503" lon="8.20957803">
  <ele>313.697</ele>
 </trkpt>
 <trkpt lat="51.24210698" lon="8.20875099">
  <ele>314.319</ele>
 </trkpt>
 <trkpt lat="51.24177002" lon="8.20808999">
  <ele>315.675</ele>
 </trkpt>
 <trkpt lat="51.24167003" lon="8.20793803">
  <ele>315.864</ele>
 </trkpt>
 <trkpt lat="51.24123098" lon="8.20743000">
  <ele>316.389</ele>
 </trkpt>
 <trkpt lat="51.24074601" lon="8.20706899">
  <ele>316.236</ele>
 </trkpt>
 <trkpt lat="51.24059203" lon="8.20698501">
  <ele>316.622</ele>
 </trkpt>
 <trkpt lat="51.24011401" lon="8.20684503">
  <ele>316.896</ele>
 </trkpt>
 <trkpt lat="51.23946902" lon="8.20687403">
  <ele>317.203</ele>
 </trkpt>
 <trkpt lat="51.23931999" lon="8.20691803">
  <ele>316.866</ele>
 </trkpt>
 <trkpt lat="51.23889201" lon="8.20709598">
  <ele>314.584</ele>
 </trkpt>
 <trkpt lat="51.23861700" lon="8.20714996">
  <ele>312.839</ele>
 </trkpt>
 <trkpt lat="51.23858096" lon="8.20722297">
  <ele>312.679</ele>
 </trkpt>
 <trkpt lat="51.23857602" lon="8.20732397">
  <ele>313.179</ele>
 </trkpt>
 <trkpt lat="51.23852204" lon="8.20735498">
  <ele>311.975</ele>
 </trkpt>
 <trkpt lat="51.23847200" lon="8.20732900">
  <ele>312.371</ele>
 </trkpt>
 <trkpt lat="51.23837996" lon="8.20731400">
  <ele>312.608</ele>
 </trkpt>
 <trkpt lat="51.23834803" lon="8.20736596">
  <ele>312.557</ele>
 </trkpt>
 <trkpt lat="51.23820897" lon="8.20733998">
  <ele>313.254</ele>
 </trkpt>
 <trkpt lat="51.23787797" lon="8.20762597">
  <ele>316.924</ele>
 </trkpt>
 <trkpt lat="51.23769801" lon="8.20779604">
  <ele>317.003</ele>
 </trkpt>
 <trkpt lat="51.23756097" lon="8.20794004">
  <ele>317.486</ele>
 </trkpt>
 <trkpt lat="51.23704699" lon="8.20841303">
  <ele>317.741</ele>
 </trkpt>
 <trkpt lat="51.23652304" lon="8.20903597">
  <ele>318.504</ele>
 </trkpt>
 <trkpt lat="51.23592499" lon="8.20976302">
  <ele>318.058</ele>
 </trkpt>
 <trkpt lat="51.23547404" lon="8.21045000">
  <ele>317.361</ele>
 </trkpt>
 <trkpt lat="51.23495202" lon="8.21107596">
  <ele>317.813</ele>
 </trkpt>
 <trkpt lat="51.23430502" lon="8.21190200">
  <ele>318.267</ele>
 </trkpt>
 <trkpt lat="51.23398801" lon="8.21250499">
  <ele>319.369</ele>
 </trkpt>
 <trkpt lat="51.23386396" lon="8.21281998">
  <ele>319.348</ele>
 </trkpt>
 <trkpt lat="51.23380696" lon="8.21301403">
  <ele>319.262</ele>
 </trkpt>
 <trkpt lat="51.23361100" lon="8.21369497">
  <ele>319.732</ele>
 </trkpt>
 <trkpt lat="51.23339600" lon="8.21452503">
  <ele>322.238</ele>
 </trkpt>
 <trkpt lat="51.23316902" lon="8.21521704">
  <ele>323.245</ele>
 </trkpt>
 <trkpt lat="51.23287498" lon="8.21583102">
  <ele>324.154</ele>
 </trkpt>
 <trkpt lat="51.23263501" lon="8.21620996">
  <ele>324.889</ele>
 </trkpt>
 <trkpt lat="51.23241599" lon="8.21652696">
  <ele>325.252</ele>
 </trkpt>
 <trkpt lat="51.23213100" lon="8.21693298">
  <ele>325.915</ele>
 </trkpt>
 <trkpt lat="51.23180302" lon="8.21740304">
  <ele>326.331</ele>
 </trkpt>
 <trkpt lat="51.23146699" lon="8.21791300">
  <ele>327.649</ele>
 </trkpt>
 <trkpt lat="51.23115602" lon="8.21834802">
  <ele>328.220</ele>
 </trkpt>
 <trkpt lat="51.23075704" lon="8.21891698">
  <ele>329.279</ele>
 </trkpt>
 <trkpt lat="51.23060399" lon="8.21913902">
  <ele>329.088</ele>
 </trkpt>
 <trkpt lat="51.23014198" lon="8.21980597">
  <ele>330.448</ele>
 </trkpt>
 <trkpt lat="51.22967603" lon="8.22048004">
  <ele>331.284</ele>
 </trkpt>
 <trkpt lat="51.22932097" lon="8.22099100">
  <ele>332.007</ele>
 </trkpt>
 <trkpt lat="51.22893398" lon="8.22158000">
  <ele>333.669</ele>
 </trkpt>
 <trkpt lat="51.22852301" lon="8.22217000">
  <ele>334.031</ele>
 </trkpt>
 <trkpt lat="51.22807802" lon="8.22279302">
  <ele>335.432</ele>
 </trkpt>
 <trkpt lat="51.22789303" lon="8.22307197">
  <ele>335.788</ele>
 </trkpt>
 <trkpt lat="51.22777501" lon="8.22327800">
  <ele>336.720</ele>
 </trkpt>
 <trkpt lat="51.22739296" lon="8.22376600">
  <ele>337.191</ele>
 </trkpt>
 <trkpt lat="51.22695903" lon="8.22413203">
  <ele>337.658</ele>
 </trkpt>
 <trkpt lat="51.22680900" lon="8.22421602">
  <ele>338.187</ele>
 </trkpt>
 <trkpt lat="51.22637901" lon="8.22443504">
  <ele>339.104</ele>
 </trkpt>
 <trkpt lat="51.22617600" lon="8.22452297">
  <ele>340.272</ele>
 </trkpt>
 <trkpt lat="51.22602697" lon="8.22459899">
  <ele>340.059</ele>
 </trkpt>
 <trkpt lat="51.22537603" lon="8.22489998">
  <ele>341.635</ele>
 </trkpt>
 <trkpt lat="51.22471897" lon="8.22520601">
  <ele>343.351</ele>
 </trkpt>
 <trkpt lat="51.22408798" lon="8.22554103">
  <ele>344.252</ele>
 </trkpt>
 <trkpt lat="51.22350301" lon="8.22613296">
  <ele>345.897</ele>
 </trkpt>
 <trkpt lat="51.22290404" lon="8.22701298">
  <ele>346.123</ele>
 </trkpt>
 <trkpt lat="51.22224103" lon="8.22800699">
  <ele>345.621</ele>
 </trkpt>
 <trkpt lat="51.22160501" lon="8.22904802">
  <ele>345.982</ele>
 </trkpt>
 <trkpt lat="51.22111601" lon="8.22995100">
  <ele>345.840</ele>
 </trkpt>
 <trkpt lat="51.22096002" lon="8.23023498">
  <ele>345.744</ele>
 </trkpt>
 <trkpt lat="51.22087603" lon="8.23039399">
  <ele>345.050</ele>
 </trkpt>
 <trkpt lat="51.22074000" lon="8.23064603">
  <ele>344.820</ele>
 </trkpt>
 <trkpt lat="51.22064603" lon="8.23085901">
  <ele>343.433</ele>
 </trkpt>
 <trkpt lat="51.22055400" lon="8.23108600">
  <ele>341.988</ele>
 </trkpt>
 <trkpt lat="51.22043196" lon="8.23134399">
  <ele>340.313</ele>
 </trkpt>
 <trkpt lat="51.22014999" lon="8.23177499">
  <ele>341.514</ele>
 </trkpt>
 <trkpt lat="51.21999099" lon="8.23198898">
  <ele>342.887</ele>
 </trkpt>
 <trkpt lat="51.21987800" lon="8.23215603">
  <ele>344.139</ele>
 </trkpt>
 <trkpt lat="51.21959796" lon="8.23253397">
  <ele>346.163</ele>
 </trkpt>
 <trkpt lat="51.21931700" lon="8.23291702">
  <ele>343.863</ele>
 </trkpt>
 <trkpt lat="51.21907401" lon="8.23326596">
  <ele>341.560</ele>
 </trkpt>
 <trkpt lat="51.21886002" lon="8.23355899">
  <ele>339.858</ele>
 </trkpt>
 <trkpt lat="51.21865097" lon="8.23376996">
  <ele>341.214</ele>
 </trkpt>
 <trkpt lat="51.21854201" lon="8.23390701">
  <ele>341.986</ele>
 </trkpt>
 <trkpt lat="51.21843397" lon="8.23406802">
  <ele>343.771</ele>
 </trkpt>
 <trkpt lat="51.21808302" lon="8.23446801">
  <ele>344.966</ele>
 </trkpt>
 <trkpt lat="51.21770700" lon="8.23480203">
  <ele>345.039</ele>
 </trkpt>
 <trkpt lat="51.21714701" lon="8.23526898">
  <ele>346.024</ele>
 </trkpt>
 <trkpt lat="51.21667000" lon="8.23565899">
  <ele>346.644</ele>
 </trkpt>
 <trkpt lat="51.21621603" lon="8.23604297">
  <ele>345.753</ele>
 </trkpt>
 <trkpt lat="51.21588302" lon="8.23634002">
  <ele>347.789</ele>
 </trkpt>
 <trkpt lat="51.21573499" lon="8.23643700">
  <ele>347.838</ele>
 </trkpt>
 <trkpt lat="51.21534599" lon="8.23677102">
  <ele>348.040</ele>
 </trkpt>
 <trkpt lat="51.21497802" lon="8.23716497">
  <ele>348.425</ele>
 </trkpt>
 <trkpt lat="51.21491600" lon="8.23724602">
  <ele>348.266</ele>
 </trkpt>
 <trkpt lat="51.21459103" lon="8.23769102">
  <ele>348.505</ele>
 </trkpt>
 <trkpt lat="51.21418904" lon="8.23831103">
  <ele>348.740</ele>
 </trkpt>
 <trkpt lat="51.21381998" lon="8.23890002">
  <ele>348.921</ele>
 </trkpt>
 <trkpt lat="51.21377799" lon="8.23897596">
  <ele>349.367</ele>
 </trkpt>
 <trkpt lat="51.21365796" lon="8.23917503">
  <ele>349.772</ele>
 </trkpt>
 <trkpt lat="51.21331497" lon="8.23973997">
  <ele>350.517</ele>
 </trkpt>
 <trkpt lat="51.21286998" lon="8.24035202">
  <ele>351.610</ele>
 </trkpt>
 <trkpt lat="51.21233697" lon="8.24093498">
  <ele>353.141</ele>
 </trkpt>
 <trkpt lat="51.21172300" lon="8.24140202">
  <ele>354.719</ele>
 </trkpt>
 <trkpt lat="51.21102202" lon="8.24189102">
  <ele>355.395</ele>
 </trkpt>
 <trkpt lat="51.21033797" lon="8.24244498">
  <ele>355.369</ele>
 </trkpt>
 <trkpt lat="51.20975099" lon="8.24301202">
  <ele>356.555</ele>
 </trkpt>
 <trkpt lat="51.20920398" lon="8.24356799">
  <ele>357.632</ele>
 </trkpt>
 <trkpt lat="51.20876603" lon="8.24400301">
  <ele>358.107</ele>
 </trkpt>
 <trkpt lat="51.20819899" lon="8.24457097">
  <ele>358.112</ele>
 </trkpt>
 <trkpt lat="51.20768401" lon="8.24514404">
  <ele>359.680</ele>
 </trkpt>
 <trkpt lat="51.20721797" lon="8.24595599">
  <ele>360.187</ele>
 </trkpt>
 <trkpt lat="51.20694003" lon="8.24676200">
  <ele>361.600</ele>
 </trkpt>
 <trkpt lat="51.20682302" lon="8.24727103">
  <ele>362.043</ele>
 </trkpt>
 <trkpt lat="51.20670198" lon="8.24769096">
  <ele>362.392</ele>
 </trkpt>
 <trkpt lat="51.20666100" lon="8.24788299">
  <ele>362.364</ele>
 </trkpt>
 <trkpt lat="51.20640501" lon="8.24883199">
  <ele>363.211</ele>
 </trkpt>
 <trkpt lat="51.20617099" lon="8.24941797">
  <ele>363.495</ele>
 </trkpt>
 <trkpt lat="51.20585298" lon="8.24993103">
  <ele>364.094</ele>
 </trkpt>
 <trkpt lat="51.20551402" lon="8.25034099">
  <ele>364.910</ele>
 </trkpt>
 <trkpt lat="51.20486400" lon="8.25085899">
  <ele>364.765</ele>
 </trkpt>
 <trkpt lat="51.20439998" lon="8.25109201">
  <ele>365.550</ele>
 </trkpt>
 <trkpt lat="51.20367402" lon="8.25128001">
  <ele>365.452</ele>
 </trkpt>
 <trkpt lat="51.20306097" lon="8.25137104">
  <ele>366.164</ele>
 </trkpt>
 <trkpt lat="51.20231004" lon="8.25149300">
  <ele>365.923</ele>
 </trkpt>
 <trkpt lat="51.20155499" lon="8.25162300">
  <ele>366.380</ele>
 </trkpt>
 <trkpt lat="51.20084899" lon="8.25174697">
  <ele>365.928</ele>
 </trkpt>
 <trkpt lat="51.20046702" lon="8.25181101">
  <ele>365.862</ele>
 </trkpt>
 <trkpt lat="51.20031598" lon="8.25184403">
  <ele>365.690</ele>
 </trkpt>
 <trkpt lat="51.19955197" lon="8.25195299">
  <ele>365.883</ele>
 </trkpt>
 <trkpt lat="51.19891402" lon="8.25214704">
  <ele>366.177</ele>
 </trkpt>
 <trkpt lat="51.19842100" lon="8.25249799">
  <ele>367.631</ele>
 </trkpt>
 <trkpt lat="51.19815798" lon="8.25276696">
  <ele>367.424</ele>
 </trkpt>
 <trkpt lat="51.19807902" lon="8.25287601">
  <ele>368.193</ele>
 </trkpt>
 <trkpt lat="51.19775103" lon="8.25332302">
  <ele>368.258</ele>
 </trkpt>
 <trkpt lat="51.19772698" lon="8.25339200">
  <ele>368.475</ele>
 </trkpt>
 <trkpt lat="51.19764199" lon="8.25360004">
  <ele>368.412</ele>
 </trkpt>
 <trkpt lat="51.19740201" lon="8.25420102">
  <ele>369.397</ele>
 </trkpt>
 <trkpt lat="51.19722398" lon="8.25465700">
  <ele>370.754</ele>
 </trkpt>
 <trkpt lat="51.19684403" lon="8.25565897">
  <ele>371.894</ele>
 </trkpt>
 <trkpt lat="51.19661101" lon="8.25626104">
  <ele>372.387</ele>
 </trkpt>
 <trkpt lat="51.19638101" lon="8.25687401">
  <ele>372.742</ele>
 </trkpt>
 <trkpt lat="51.19616602" lon="8.25738396">
  <ele>373.767</ele>
 </trkpt>
 <trkpt lat="51.19597198" lon="8.25791303">
  <ele>375.342</ele>
 </trkpt>
 <trkpt lat="51.19570300" lon="8.25863698">
  <ele>375.959</ele>
 </trkpt>
 <trkpt lat="51.19551902" lon="8.25909999">
  <ele>373.528</ele>
 </trkpt>
 <trkpt lat="51.19541701" lon="8.25959503">
  <ele>375.134</ele>
 </trkpt>
 <trkpt lat="51.19538499" lon="8.25978203">
  <ele>376.806</ele>
 </trkpt>
 <trkpt lat="51.19532598" lon="8.26028997">
  <ele>378.395</ele>
 </trkpt>
 <trkpt lat="51.19530302" lon="8.26078702">
  <ele>379.609</ele>
 </trkpt>
 <trkpt lat="51.19530402" lon="8.26102397">
  <ele>379.722</ele>
 </trkpt>
 <trkpt lat="51.19533797" lon="8.26188496">
  <ele>380.287</ele>
 </trkpt>
 <trkpt lat="51.19537401" lon="8.26262701">
  <ele>381.185</ele>
 </trkpt>
 <trkpt lat="51.19543402" lon="8.26351801">
  <ele>382.094</ele>
 </trkpt>
 <trkpt lat="51.19551499" lon="8.26436701">
  <ele>383.408</ele>
 </trkpt>
 <trkpt lat="51.19558699" lon="8.26522004">
  <ele>384.458</ele>
 </trkpt>
 <trkpt lat="51.19559202" lon="8.26596997">
  <ele>385.155</ele>
 </trkpt>
 <trkpt lat="51.19552899" lon="8.26670699">
  <ele>385.407</ele>
 </trkpt>
 <trkpt lat="51.19534400" lon="8.26765699">
  <ele>386.930</ele>
 </trkpt>
 <trkpt lat="51.19510101" lon="8.26845897">
  <ele>387.813</ele>
 </trkpt>
 <trkpt lat="51.19484603" lon="8.26907203">
  <ele>387.500</ele>
 </trkpt>
 <trkpt lat="51.19476297" lon="8.26922801">
  <ele>387.935</ele>
 </trkpt>
 <trkpt lat="51.19427497" lon="8.27001700">
  <ele>387.417</ele>
 </trkpt>
 <trkpt lat="51.19415000" lon="8.27021004">
  <ele>387.399</ele>
 </trkpt>
 <trkpt lat="51.19386703" lon="8.27062796">
  <ele>387.505</ele>
 </trkpt>
 <trkpt lat="51.19380701" lon="8.27072301">
  <ele>387.612</ele>
 </trkpt>
 <trkpt lat="51.19368296" lon="8.27091797">
  <ele>387.478</ele>
 </trkpt>
 <trkpt lat="51.19327904" lon="8.27151996">
  <ele>387.505</ele>
 </trkpt>
 <trkpt lat="51.19271602" lon="8.27215204">
  <ele>387.362</ele>
 </trkpt>
 <trkpt lat="51.19223096" lon="8.27255999">
  <ele>388.366</ele>
 </trkpt>
 <trkpt lat="51.19172897" lon="8.27299803">
  <ele>388.717</ele>
 </trkpt>
 <trkpt lat="51.19106102" lon="8.27357202">
  <ele>389.642</ele>
 </trkpt>
 <trkpt lat="51.19044897" lon="8.27409002">
  <ele>390.730</ele>
 </trkpt>
 <trkpt lat="51.19013197" lon="8.27435598">
  <ele>392.069</ele>
 </trkpt>
 <trkpt lat="51.18999098" lon="8.27443804">
  <ele>392.867</ele>
 </trkpt>
 <trkpt lat="51.18961598" lon="8.27476401">
  <ele>393.431</ele>
 </trkpt>
 <trkpt lat="51.18917601" lon="8.27513499">
  <ele>394.660</ele>
 </trkpt>
 <trkpt lat="51.18877301" lon="8.27547798">
  <ele>395.508</ele>
 </trkpt>
 <trkpt lat="51.18835199" lon="8.27584997">
  <ele>395.665</ele>
 </trkpt>
 <trkpt lat="51.18802601" lon="8.27612900">
  <ele>397.048</ele>
 </trkpt>
 <trkpt lat="51.18751698" lon="8.27656101">
  <ele>398.187</ele>
 </trkpt>
 <trkpt lat="51.18704198" lon="8.27706099">
  <ele>399.208</ele>
 </trkpt>
 <trkpt lat="51.18659598" lon="8.27783103">
  <ele>400.126</ele>
 </trkpt>
 <trkpt lat="51.18639003" lon="8.27834501">
  <ele>400.474</ele>
 </trkpt>
 <trkpt lat="51.18633698" lon="8.27852799">
  <ele>400.852</ele>
 </trkpt>
 <trkpt lat="51.18617001" lon="8.27919996">
  <ele>401.548</ele>
 </trkpt>
 <trkpt lat="51.18608602" lon="8.27990698">
  <ele>402.914</ele>
 </trkpt>
 <trkpt lat="51.18608904" lon="8.28090099">
  <ele>405.431</ele>
 </trkpt>
 <trkpt lat="51.18621896" lon="8.28174898">
  <ele>406.311</ele>
 </trkpt>
 <trkpt lat="51.18645399" lon="8.28255298">
  <ele>406.860</ele>
 </trkpt>
 <trkpt lat="51.18684903" lon="8.28348001">
  <ele>407.681</ele>
 </trkpt>
 <trkpt lat="51.18709797" lon="8.28404001">
  <ele>408.648</ele>
 </trkpt>
 <trkpt lat="51.18743400" lon="8.28476002">
  <ele>409.476</ele>
 </trkpt>
 <trkpt lat="51.18779602" lon="8.28555504">
  <ele>410.544</ele>
 </trkpt>
 <trkpt lat="51.18808896" lon="8.28651401">
  <ele>411.197</ele>
 </trkpt>
 <trkpt lat="51.18823498" lon="8.28729403">
  <ele>411.796</ele>
 </trkpt>
 <trkpt lat="51.18830002" lon="8.28823800">
  <ele>412.404</ele>
 </trkpt>
 <trkpt lat="51.18826096" lon="8.28926001">
  <ele>414.425</ele>
 </trkpt>
 <trkpt lat="51.18817203" lon="8.29013097">
  <ele>415.114</ele>
 </trkpt>
 <trkpt lat="51.18808804" lon="8.29093597">
  <ele>417.401</ele>
 </trkpt>
 <trkpt lat="51.18801001" lon="8.29174197">
  <ele>417.973</ele>
 </trkpt>
 <trkpt lat="51.18794697" lon="8.29238201">
  <ele>418.417</ele>
 </trkpt>
 <trkpt lat="51.18791697" lon="8.29322699">
  <ele>419.355</ele>
 </trkpt>
 <trkpt lat="51.18792401" lon="8.29369797">
  <ele>420.106</ele>
 </trkpt>
 <trkpt lat="51.18794102" lon="8.29402302">
  <ele>420.769</ele>
 </trkpt>
 <trkpt lat="51.18797899" lon="8.29444103">
  <ele>421.039</ele>
 </trkpt>
 <trkpt lat="51.18807103" lon="8.29530202">
  <ele>422.464</ele>
 </trkpt>
 <trkpt lat="51.18817203" lon="8.29617499">
  <ele>423.093</ele>
 </trkpt>
 <trkpt lat="51.18825400" lon="8.29697303">
  <ele>423.649</ele>
 </trkpt>
 <trkpt lat="51.18833598" lon="8.29774300">
  <ele>424.660</ele>
 </trkpt>
 <trkpt lat="51.18842298" lon="8.29847298">
  <ele>425.440</ele>
 </trkpt>
 <trkpt lat="51.18850102" lon="8.29930698">
  <ele>426.630</ele>
 </trkpt>
 <trkpt lat="51.18850303" lon="8.30014600">
  <ele>427.841</ele>
 </trkpt>
 <trkpt lat="51.18839700" lon="8.30111898">
  <ele>428.744</ele>
 </trkpt>
 <trkpt lat="51.18834101" lon="8.30136800">
  <ele>428.660</ele>
 </trkpt>
 <trkpt lat="51.18828200" lon="8.30159297">
  <ele>429.849</ele>
 </trkpt>
 <trkpt lat="51.18808896" lon="8.30221902">
  <ele>430.122</ele>
 </trkpt>
 <trkpt lat="51.18773097" lon="8.30303499">
  <ele>431.301</ele>
 </trkpt>
 <trkpt lat="51.18732696" lon="8.30364604">
  <ele>432.464</ele>
 </trkpt>
 <trkpt lat="51.18687904" lon="8.30415004">
  <ele>433.632</ele>
 </trkpt>
 <trkpt lat="51.18650202" lon="8.30452798">
  <ele>433.987</ele>
 </trkpt>
 <trkpt lat="51.18633304" lon="8.30472504">
  <ele>434.094</ele>
 </trkpt>
 <trkpt lat="51.18619700" lon="8.30486602">
  <ele>434.543</ele>
 </trkpt>
 <trkpt lat="51.18574304" lon="8.30533599">
  <ele>435.047</ele>
 </trkpt>
 <trkpt lat="51.18551899" lon="8.30565400">
  <ele>434.984</ele>
 </trkpt>
 <trkpt lat="51.18539703" lon="8.30587998">
  <ele>434.807</ele>
 </trkpt>
 <trkpt lat="51.18503996" lon="8.30665103">
  <ele>435.357</ele>
 </trkpt>
 <trkpt lat="51.18484399" lon="8.30736601">
  <ele>436.869</ele>
 </trkpt>
 <trkpt lat="51.18480200" lon="8.30757304">
  <ele>436.114</ele>
 </trkpt>
 <trkpt lat="51.18477903" lon="8.30781704">
  <ele>436.887</ele>
 </trkpt>
 <trkpt lat="51.18467996" lon="8.30873201">
  <ele>437.070</ele>
 </trkpt>
 <trkpt lat="51.18460502" lon="8.30941396">
  <ele>437.731</ele>
 </trkpt>
 <trkpt lat="51.18458399" lon="8.30963197">
  <ele>437.870</ele>
 </trkpt>
 <trkpt lat="51.18453898" lon="8.31014402">
  <ele>437.557</ele>
 </trkpt>
 <trkpt lat="51.18450000" lon="8.31033999">
  <ele>437.551</ele>
 </trkpt>
 <trkpt lat="51.18443504" lon="8.31092999">
  <ele>437.942</ele>
 </trkpt>
 <trkpt lat="51.18438098" lon="8.31154103">
  <ele>436.940</ele>
 </trkpt>
 <trkpt lat="51.18433102" lon="8.31193398">
  <ele>437.707</ele>
 </trkpt>
 <trkpt lat="51.18423002" lon="8.31303896">
  <ele>438.486</ele>
 </trkpt>
 <trkpt lat="51.18414997" lon="8.31402099">
  <ele>438.085</ele>
 </trkpt>
 <trkpt lat="51.18408199" lon="8.31513402">
  <ele>438.000</ele>
 </trkpt>
 <trkpt lat="51.18402902" lon="8.31598604">
  <ele>438.512</ele>
 </trkpt>
 <trkpt lat="51.18400899" lon="8.31616801">
  <ele>438.106</ele>
 </trkpt>
 <trkpt lat="51.18397001" lon="8.31635401">
  <ele>444.502</ele>
 </trkpt>
 <trkpt lat="51.18389499" lon="8.31700000">
  <ele>445.117</ele>
 </trkpt>
 <trkpt lat="51.18383699" lon="8.31733603">
  <ele>445.900</ele>
 </trkpt>
 <trkpt lat="51.18380799" lon="8.31759604">
  <ele>445.895</ele>
 </trkpt>
 <trkpt lat="51.18370598" lon="8.31812100">
  <ele>446.693</ele>
 </trkpt>
 <trkpt lat="51.18366097" lon="8.31827799">
  <ele>447.351</ele>
 </trkpt>
 <trkpt lat="51.18360297" lon="8.31846801">
  <ele>446.800</ele>
 </trkpt>
 <trkpt lat="51.18340901" lon="8.31915800">
  <ele>447.381</ele>
 </trkpt>
 <trkpt lat="51.18335604" lon="8.31933604">
  <ele>448.141</ele>
 </trkpt>
 <trkpt lat="51.18305001" lon="8.32010399">
  <ele>449.748</ele>
 </trkpt>
 <trkpt lat="51.18285203" lon="8.32046701">
  <ele>450.735</ele>
 </trkpt>
 <trkpt lat="51.18261499" lon="8.32079097">
  <ele>450.882</ele>
 </trkpt>
 <trkpt lat="51.18231199" lon="8.32106698">
  <ele>452.795</ele>
 </trkpt>
 <trkpt lat="51.18197101" lon="8.32123403">
  <ele>453.005</ele>
 </trkpt>
 <trkpt lat="51.18179801" lon="8.32130603">
  <ele>453.263</ele>
 </trkpt>
 <trkpt lat="51.18170497" lon="8.32134300">
  <ele>453.133</ele>
 </trkpt>
 <trkpt lat="51.18140901" lon="8.32136303">
  <ele>453.228</ele>
 </trkpt>
 <trkpt lat="51.18104297" lon="8.32126404">
  <ele>453.331</ele>
 </trkpt>
 <trkpt lat="51.18067903" lon="8.32113898">
  <ele>452.821</ele>
 </trkpt>
 <trkpt lat="51.17998903" lon="8.32085299">
  <ele>452.647</ele>
 </trkpt>
 <trkpt lat="51.17973003" lon="8.32066800">
  <ele>450.873</ele>
 </trkpt>
 <trkpt lat="51.17964604" lon="8.32061604">
  <ele>450.877</ele>
 </trkpt>
 <trkpt lat="51.17914103" lon="8.32018697">
  <ele>450.368</ele>
 </trkpt>
 <trkpt lat="51.17882302" lon="8.31990299">
  <ele>450.579</ele>
 </trkpt>
 <trkpt lat="51.17871598" lon="8.31980601">
  <ele>450.928</ele>
 </trkpt>
 <trkpt lat="51.17849596" lon="8.31966503">
  <ele>449.943</ele>
 </trkpt>
 <trkpt lat="51.17810301" lon="8.31952798">
  <ele>449.980</ele>
 </trkpt>
 <trkpt lat="51.17767202" lon="8.31960199">
  <ele>448.621</ele>
 </trkpt>
 <trkpt lat="51.17714404" lon="8.31982898">
  <ele>447.864</ele>
 </trkpt>
 <trkpt lat="51.17689200" lon="8.31993802">
  <ele>447.055</ele>
 </trkpt>
 <trkpt lat="51.17667499" lon="8.32005101">
  <ele>446.590</ele>
 </trkpt>
 <trkpt lat="51.17655102" lon="8.32011497">
  <ele>446.611</ele>
 </trkpt>
 <trkpt lat="51.17619898" lon="8.32029300">
  <ele>446.284</ele>
 </trkpt>
 <trkpt lat="51.17585901" lon="8.32043700">
  <ele>445.293</ele>
 </trkpt>
 <trkpt lat="51.17567201" lon="8.32045997">
  <ele>444.930</ele>
 </trkpt>
 <trkpt lat="51.17520598" lon="8.32043298">
  <ele>444.595</ele>
 </trkpt>
 <trkpt lat="51.17510699" lon="8.32038897">
  <ele>443.876</ele>
 </trkpt>
 <trkpt lat="51.17487104" lon="8.32028001">
  <ele>444.047</ele>
 </trkpt>
 <trkpt lat="51.17464498" lon="8.32015604">
  <ele>444.254</ele>
 </trkpt>
 <trkpt lat="51.17445303" lon="8.31994196">
  <ele>443.795</ele>
 </trkpt>
 <trkpt lat="51.17433200" lon="8.31978497">
  <ele>443.073</ele>
 </trkpt>
 <trkpt lat="51.17391500" lon="8.31892901">
  <ele>440.344</ele>
 </trkpt>
 <trkpt lat="51.17369799" lon="8.31801203">
  <ele>439.453</ele>
 </trkpt>
 <trkpt lat="51.17356497" lon="8.31738397">
  <ele>439.080</ele>
 </trkpt>
 <trkpt lat="51.17352197" lon="8.31714501">
  <ele>438.328</ele>
 </trkpt>
 <trkpt lat="51.17336296" lon="8.31639198">
  <ele>437.013</ele>
 </trkpt>
 <trkpt lat="51.17321402" lon="8.31580298">
  <ele>436.239</ele>
 </trkpt>
 <trkpt lat="51.17307496" lon="8.31536503">
  <ele>436.545</ele>
 </trkpt>
 <trkpt lat="51.17276198" lon="8.31454896">
  <ele>435.891</ele>
 </trkpt>
 <trkpt lat="51.17250198" lon="8.31392200">
  <ele>435.539</ele>
 </trkpt>
 <trkpt lat="51.17221196" lon="8.31349896">
  <ele>433.841</ele>
 </trkpt>
 <trkpt lat="51.17183100" lon="8.31317500">
  <ele>432.440</ele>
 </trkpt>
 <trkpt lat="51.17137704" lon="8.31298004">
  <ele>432.090</ele>
 </trkpt>
 <trkpt lat="51.17118300" lon="8.31294500">
  <ele>431.890</ele>
 </trkpt>
 <trkpt lat="51.17082098" lon="8.31287602">
  <ele>431.060</ele>
 </trkpt>
 <trkpt lat="51.17028899" lon="8.31288398">
  <ele>429.691</ele>
 </trkpt>
 <trkpt lat="51.16982899" lon="8.31307702">
  <ele>428.135</ele>
 </trkpt>
 <trkpt lat="51.16970904" lon="8.31316603">
  <ele>428.619</ele>
 </trkpt>
 <trkpt lat="51.16911300" lon="8.31368697">
  <ele>428.553</ele>
 </trkpt>
 <trkpt lat="51.16897998" lon="8.31378998">
  <ele>428.368</ele>
 </trkpt>
 <trkpt lat="51.16873498" lon="8.31388503">
  <ele>428.220</ele>
 </trkpt>
 <trkpt lat="51.16857497" lon="8.31390901">
  <ele>427.759</ele>
 </trkpt>
 <trkpt lat="51.16783803" lon="8.31388302">
  <ele>426.265</ele>
 </trkpt>
 <trkpt lat="51.16723303" lon="8.31345898">
  <ele>423.940</ele>
 </trkpt>
 <trkpt lat="51.16676599" lon="8.31271701">
  <ele>422.848</ele>
 </trkpt>
 <trkpt lat="51.16661897" lon="8.31227403">
  <ele>422.790</ele>
 </trkpt>
 <trkpt lat="51.16658896" lon="8.31212198">
  <ele>421.902</ele>
 </trkpt>
 <trkpt lat="51.16649701" lon="8.31170700">
  <ele>421.755</ele>
 </trkpt>
 <trkpt lat="51.16644496" lon="8.31147599">
  <ele>421.979</ele>
 </trkpt>
 <trkpt lat="51.16639601" lon="8.31095799">
  <ele>421.897</ele>
 </trkpt>
 <trkpt lat="51.16632300" lon="8.31035902">
  <ele>422.565</ele>
 </trkpt>
 <trkpt lat="51.16629400" lon="8.31013396">
  <ele>421.800</ele>
 </trkpt>
 <trkpt lat="51.16624204" lon="8.30978301">
  <ele>421.604</ele>
 </trkpt>
 <trkpt lat="51.16620004" lon="8.30942402">
  <ele>421.614</ele>
 </trkpt>
 <trkpt lat="51.16617003" lon="8.30923299">
  <ele>421.448</ele>
 </trkpt>
 <trkpt lat="51.16614003" lon="8.30899998">
  <ele>421.759</ele>
 </trkpt>
 <trkpt lat="51.16601204" lon="8.30800496">
  <ele>421.246</ele>
 </trkpt>
 <trkpt lat="51.16578598" lon="8.30689101">
  <ele>420.760</ele>
 </trkpt>
 <trkpt lat="51.16547199" lon="8.30599699">
  <ele>419.684</ele>
 </trkpt>
 <trkpt lat="51.16513202" lon="8.30547698">
  <ele>420.154</ele>
 </trkpt>
 <trkpt lat="51.16483002" lon="8.30518303">
  <ele>419.406</ele>
 </trkpt>
 <trkpt lat="51.16468904" lon="8.30507699">
  <ele>421.144</ele>
 </trkpt>
 <trkpt lat="51.16447496" lon="8.30489201">
  <ele>420.722</ele>
 </trkpt>
 <trkpt lat="51.16404396" lon="8.30461004">
  <ele>419.728</ele>
 </trkpt>
 <trkpt lat="51.16389602" lon="8.30452203">
  <ele>419.557</ele>
 </trkpt>
 <trkpt lat="51.16335296" lon="8.30415800">
  <ele>418.189</ele>
 </trkpt>
 <trkpt lat="51.16293403" lon="8.30387302">
  <ele>418.489</ele>
 </trkpt>
 <trkpt lat="51.16279799" lon="8.30374100">
  <ele>417.005</ele>
 </trkpt>
 <trkpt lat="51.16236297" lon="8.30344001">
  <ele>416.994</ele>
 </trkpt>
 <trkpt lat="51.16178102" lon="8.30298697">
  <ele>417.843</ele>
 </trkpt>
 <trkpt lat="51.16108096" lon="8.30272101">
  <ele>417.858</ele>
 </trkpt>
 <trkpt lat="51.16063597" lon="8.30246997">
  <ele>417.090</ele>
 </trkpt>
 <trkpt lat="51.16005301" lon="8.30175801">
  <ele>417.569</ele>
 </trkpt>
 <trkpt lat="51.15969996" lon="8.30085302">
  <ele>414.958</ele>
 </trkpt>
 <trkpt lat="51.15956501" lon="8.29976798">
  <ele>414.538</ele>
 </trkpt>
 <trkpt lat="51.15958898" lon="8.29854498">
  <ele>413.481</ele>
 </trkpt>
 <trkpt lat="51.15968596" lon="8.29800501">
  <ele>413.797</ele>
 </trkpt>
 <trkpt lat="51.15981597" lon="8.29725601">
  <ele>412.481</ele>
 </trkpt>
 <trkpt lat="51.15992996" lon="8.29617600">
  <ele>411.750</ele>
 </trkpt>
 <trkpt lat="51.15995502" lon="8.29506498">
  <ele>411.253</ele>
 </trkpt>
 <trkpt lat="51.15997204" lon="8.29475602">
  <ele>410.911</ele>
 </trkpt>
 <trkpt lat="51.15999400" lon="8.29412302">
  <ele>410.663</ele>
 </trkpt>
 <trkpt lat="51.15998997" lon="8.29396703">
  <ele>410.697</ele>
 </trkpt>
 <trkpt lat="51.15999903" lon="8.29379797">
  <ele>409.692</ele>
 </trkpt>
 <trkpt lat="51.16001302" lon="8.29344199">
  <ele>410.130</ele>
 </trkpt>
 <trkpt lat="51.16004102" lon="8.29248704">
  <ele>408.679</ele>
 </trkpt>
 <trkpt lat="51.16003800" lon="8.29166997">
  <ele>408.563</ele>
 </trkpt>
 <trkpt lat="51.15992602" lon="8.29093304">
  <ele>408.074</ele>
 </trkpt>
 <trkpt lat="51.15960399" lon="8.29013399">
  <ele>408.297</ele>
 </trkpt>
 <trkpt lat="51.15911499" lon="8.28952404">
  <ele>408.672</ele>
 </trkpt>
 <trkpt lat="51.15864200" lon="8.28905096">
  <ele>407.440</ele>
 </trkpt>
 <trkpt lat="51.15818703" lon="8.28858904">
  <ele>406.437</ele>
 </trkpt>
 <trkpt lat="51.15751304" lon="8.28808403">
  <ele>406.414</ele>
 </trkpt>
 <trkpt lat="51.15676998" lon="8.28772201">
  <ele>406.462</ele>
 </trkpt>
 <trkpt lat="51.15664903" lon="8.28767901">
  <ele>407.026</ele>
 </trkpt>
 <trkpt lat="51.15652800" lon="8.28764800">
  <ele>407.287</ele>
 </trkpt>
 <trkpt lat="51.15601100" lon="8.28736402">
  <ele>407.091</ele>
 </trkpt>
 <trkpt lat="51.15582903" lon="8.28721298">
  <ele>407.455</ele>
 </trkpt>
 <trkpt lat="51.15563499" lon="8.28689396">
  <ele>407.991</ele>
 </trkpt>
 <trkpt lat="51.15508799" lon="8.28643899">
  <ele>407.260</ele>
 </trkpt>
 <trkpt lat="51.15486997" lon="8.28624998">
  <ele>406.135</ele>
 </trkpt>
 <trkpt lat="51.15474600" lon="8.28618603">
  <ele>405.962</ele>
 </trkpt>
 <trkpt lat="51.15465799" lon="8.28614202">
  <ele>406.258</ele>
 </trkpt>
 <trkpt lat="51.15456001" lon="8.28601898">
  <ele>406.139</ele>
 </trkpt>
 <trkpt lat="51.15453696" lon="8.28594999">
  <ele>406.329</ele>
 </trkpt>
 <trkpt lat="51.15455699" lon="8.28558102">
  <ele>406.165</ele>
 </trkpt>
 <trkpt lat="51.15440201" lon="8.28542001">
  <ele>406.043</ele>
 </trkpt>
 <trkpt lat="51.15426597" lon="8.28532998">
  <ele>406.013</ele>
 </trkpt>
 <trkpt lat="51.15388602" lon="8.28514801">
  <ele>407.090</ele>
 </trkpt>
 <trkpt lat="51.15382701" lon="8.28509596">
  <ele>407.637</ele>
 </trkpt>
 <trkpt lat="51.15360296" lon="8.28473403">
  <ele>408.158</ele>
 </trkpt>
 <trkpt lat="51.15328898" lon="8.28430496">
  <ele>409.609</ele>
 </trkpt>
 <trkpt lat="51.15300701" lon="8.28390699">
  <ele>410.244</ele>
 </trkpt>
 <trkpt lat="51.15301799" lon="8.28365897">
  <ele>411.087</ele>
 </trkpt>
 <trkpt lat="51.15293602" lon="8.28344003">
  <ele>411.461</ele>
 </trkpt>
 <trkpt lat="51.15278699" lon="8.28348001">
  <ele>411.430</ele>
 </trkpt>
 <trkpt lat="51.15275002" lon="8.28350902">
  <ele>411.862</ele>
 </trkpt>
 <trkpt lat="51.15267601" lon="8.28351304">
  <ele>411.279</ele>
 </trkpt>
 <trkpt lat="51.15258196" lon="8.28334699">
  <ele>411.867</ele>
 </trkpt>
 <trkpt lat="51.15247300" lon="8.28278398">
  <ele>410.949</ele>
 </trkpt>
 <trkpt lat="51.15236102" lon="8.28254904">
  <ele>410.419</ele>
 </trkpt>
 <trkpt lat="51.15237602" lon="8.28247301">
  <ele>410.678</ele>
 </trkpt>
 <trkpt lat="51.15245800" lon="8.28241903">
  <ele>409.647</ele>
 </trkpt>
 <trkpt lat="51.15250703" lon="8.28225902">
  <ele>408.224</ele>
 </trkpt>
 <trkpt lat="51.15258398" lon="8.28208300">
  <ele>408.243</ele>
 </trkpt>
 <trkpt lat="51.15261499" lon="8.28168796">
  <ele>406.986</ele>
 </trkpt>
 <trkpt lat="51.15266897" lon="8.28097098">
  <ele>406.741</ele>
 </trkpt>
 <trkpt lat="51.15268699" lon="8.28076696">
  <ele>405.251</ele>
 </trkpt>
 <trkpt lat="51.15272697" lon="8.28021401">
  <ele>404.570</ele>
 </trkpt>
 <trkpt lat="51.15273099" lon="8.27974697">
  <ele>401.223</ele>
 </trkpt>
 <trkpt lat="51.15272898" lon="8.27968301">
  <ele>401.222</ele>
 </trkpt>
 <trkpt lat="51.15265497" lon="8.27909703">
  <ele>396.882</ele>
 </trkpt>
 <trkpt lat="51.15236001" lon="8.27866998">
  <ele>394.335</ele>
 </trkpt>
 <trkpt lat="51.15223202" lon="8.27862103">
  <ele>393.482</ele>
 </trkpt>
 <trkpt lat="51.15188199" lon="8.27873996">
  <ele>389.696</ele>
 </trkpt>
 <trkpt lat="51.15168602" lon="8.27896301">
  <ele>389.587</ele>
 </trkpt>
 <trkpt lat="51.15155996" lon="8.27890199">
  <ele>387.716</ele>
 </trkpt>
 <trkpt lat="51.15140498" lon="8.27870300">
  <ele>385.404</ele>
 </trkpt>
 <trkpt lat="51.15113701" lon="8.27846101">
  <ele>383.463</ele>
 </trkpt>
 <trkpt lat="51.15100902" lon="8.27837099">
  <ele>382.187</ele>
 </trkpt>
 <trkpt lat="51.15056301" lon="8.27814904">
  <ele>379.153</ele>
 </trkpt>
 <trkpt lat="51.15010603" lon="8.27802499">
  <ele>375.764</ele>
 </trkpt>
 <trkpt lat="51.14987997" lon="8.27799104">
  <ele>375.058</ele>
 </trkpt>
 <trkpt lat="51.14964997" lon="8.27791401">
  <ele>373.425</ele>
 </trkpt>
 <trkpt lat="51.14910599" lon="8.27791099">
  <ele>375.061</ele>
 </trkpt>
 <trkpt lat="51.14895201" lon="8.27790404">
  <ele>373.896</ele>
 </trkpt>
 <trkpt lat="51.14874397" lon="8.27793597">
  <ele>374.181</ele>
 </trkpt>
 <trkpt lat="51.14807501" lon="8.27769600">
  <ele>374.914</ele>
 </trkpt>
 <trkpt lat="51.14767796" lon="8.27732803">
  <ele>372.399</ele>
 </trkpt>
 <trkpt lat="51.14756204" lon="8.27717003">
  <ele>371.434</ele>
 </trkpt>
 <trkpt lat="51.14735400" lon="8.27687298">
  <ele>371.836</ele>
 </trkpt>
 <trkpt lat="51.14703499" lon="8.27636797">
  <ele>372.336</ele>
 </trkpt>
 <trkpt lat="51.14658203" lon="8.27529903">
  <ele>372.239</ele>
 </trkpt>
 <trkpt lat="51.14606403" lon="8.27409103">
  <ele>371.384</ele>
 </trkpt>
 <trkpt lat="51.14565801" lon="8.27309400">
  <ele>369.859</ele>
 </trkpt>
 <trkpt lat="51.14550998" lon="8.27275302">
  <ele>369.187</ele>
 </trkpt>
 <trkpt lat="51.14544402" lon="8.27264900">
  <ele>369.844</ele>
 </trkpt>
 <trkpt lat="51.14493096" lon="8.27159900">
  <ele>368.794</ele>
 </trkpt>
 <trkpt lat="51.14436300" lon="8.27077498">
  <ele>368.364</ele>
 </trkpt>
 <trkpt lat="51.14365599" lon="8.26997300">
  <ele>366.643</ele>
 </trkpt>
 <trkpt lat="51.14333597" lon="8.26966899">
  <ele>367.088</ele>
 </trkpt>
 <trkpt lat="51.14286097" lon="8.26914000">
  <ele>365.064</ele>
 </trkpt>
 <trkpt lat="51.14224599" lon="8.26852502">
  <ele>365.389</ele>
 </trkpt>
 <trkpt lat="51.14213501" lon="8.26839200">
  <ele>363.943</ele>
 </trkpt>
 <trkpt lat="51.14135197" lon="8.26756798">
  <ele>363.632</ele>
 </trkpt>
 <trkpt lat="51.14096196" lon="8.26716104">
  <ele>363.359</ele>
 </trkpt>
 <trkpt lat="51.14039702" lon="8.26658998">
  <ele>363.552</ele>
 </trkpt>
 <trkpt lat="51.13984499" lon="8.26597902">
  <ele>362.058</ele>
 </trkpt>
 <trkpt lat="51.13887001" lon="8.26499096">
  <ele>362.598</ele>
 </trkpt>
 <trkpt lat="51.13831999" lon="8.26438797">
  <ele>362.254</ele>
 </trkpt>
 <trkpt lat="51.13792101" lon="8.26400802">
  <ele>362.127</ele>
 </trkpt>
 <trkpt lat="51.13745598" lon="8.26347199">
  <ele>361.906</ele>
 </trkpt>
 <trkpt lat="51.13690403" lon="8.26284897">
  <ele>362.358</ele>
 </trkpt>
 <trkpt lat="51.13666599" lon="8.26260002">
  <ele>370.070</ele>
 </trkpt>
 <trkpt lat="51.13630699" lon="8.26220398">
  <ele>369.192</ele>
 </trkpt>
 <trkpt lat="51.13595998" lon="8.26179603">
  <ele>368.692</ele>
 </trkpt>
 <trkpt lat="51.13581103" lon="8.26158900">
  <ele>368.318</ele>
 </trkpt>
 <trkpt lat="51.13567298" lon="8.26135104">
  <ele>368.335</ele>
 </trkpt>
 <trkpt lat="51.13561498" lon="8.26103303">
  <ele>368.053</ele>
 </trkpt>
 <trkpt lat="51.13558598" lon="8.26092901">
  <ele>366.550</ele>
 </trkpt>
 <trkpt lat="51.13558698" lon="8.26074997">
  <ele>365.911</ele>
 </trkpt>
 <trkpt lat="51.13550199" lon="8.26082398">
  <ele>367.960</ele>
 </trkpt>
 <trkpt lat="51.13531600" lon="8.26078802">
  <ele>367.555</ele>
 </trkpt>
 <trkpt lat="51.13477897" lon="8.26000197">
  <ele>365.428</ele>
 </trkpt>
 <trkpt lat="51.13445702" lon="8.25941700">
  <ele>366.192</ele>
 </trkpt>
 <trkpt lat="51.13423599" lon="8.25869699">
  <ele>366.757</ele>
 </trkpt>
 <trkpt lat="51.13417597" lon="8.25821604">
  <ele>369.116</ele>
 </trkpt>
 <trkpt lat="51.13427597" lon="8.25808796">
  <ele>370.275</ele>
 </trkpt>
 <trkpt lat="51.13436800" lon="8.25801202">
  <ele>370.258</ele>
 </trkpt>
 <trkpt lat="51.13460303" lon="8.25770399">
  <ele>370.571</ele>
 </trkpt>
 <trkpt lat="51.13481803" lon="8.25736502">
  <ele>369.152</ele>
 </trkpt>
 <trkpt lat="51.13489699" lon="8.25725002">
  <ele>369.087</ele>
 </trkpt>
 <trkpt lat="51.13497997" lon="8.25699999">
  <ele>367.870</ele>
 </trkpt>
 <trkpt lat="51.13502003" lon="8.25655499">
  <ele>367.767</ele>
 </trkpt>
 <trkpt lat="51.13476103" lon="8.25552704">
  <ele>364.301</ele>
 </trkpt>
 <trkpt lat="51.13457303" lon="8.25429297">
  <ele>362.436</ele>
 </trkpt>
 <trkpt lat="51.13453799" lon="8.25392500">
  <ele>362.265</ele>
 </trkpt>
 <trkpt lat="51.13462198" lon="8.25346299">
  <ele>361.985</ele>
 </trkpt>
 <trkpt lat="51.13472197" lon="8.25289303">
  <ele>362.382</ele>
 </trkpt>
 <trkpt lat="51.13459700" lon="8.25187001">
  <ele>363.193</ele>
 </trkpt>
 <trkpt lat="51.13457001" lon="8.25162501">
  <ele>363.144</ele>
 </trkpt>
 <trkpt lat="51.13453799" lon="8.25135897">
  <ele>363.316</ele>
 </trkpt>
 <trkpt lat="51.13439600" lon="8.25083996">
  <ele>363.255</ele>
 </trkpt>
 <trkpt lat="51.13428100" lon="8.25010898">
  <ele>364.000</ele>
 </trkpt>
 <trkpt lat="51.13424596" lon="8.24983204">
  <ele>363.621</ele>
 </trkpt>
 <trkpt lat="51.13419500" lon="8.24961101">
  <ele>363.423</ele>
 </trkpt>
 <trkpt lat="51.13409098" lon="8.24893802">
  <ele>363.269</ele>
 </trkpt>
 <trkpt lat="51.13410599" lon="8.24797897">
  <ele>361.917</ele>
 </trkpt>
 <trkpt lat="51.13415703" lon="8.24756700">
  <ele>361.856</ele>
 </trkpt>
 <trkpt lat="51.13418402" lon="8.24742601">
  <ele>361.522</ele>
 </trkpt>
 <trkpt lat="51.13426298" lon="8.24712996">
  <ele>359.336</ele>
 </trkpt>
 <trkpt lat="51.13448200" lon="8.24636201">
  <ele>358.281</ele>
 </trkpt>
 <trkpt lat="51.13466296" lon="8.24564402">
  <ele>359.055</ele>
 </trkpt>
 <trkpt lat="51.13480898" lon="8.24518503">
  <ele>358.547</ele>
 </trkpt>
 <trkpt lat="51.13507804" lon="8.24466602">
  <ele>358.374</ele>
 </trkpt>
 <trkpt lat="51.13538498" lon="8.24381199">
  <ele>357.946</ele>
 </trkpt>
 <trkpt lat="51.13567198" lon="8.24250801">
  <ele>358.557</ele>
 </trkpt>
 <trkpt lat="51.13591103" lon="8.24152499">
  <ele>358.699</ele>
 </trkpt>
 <trkpt lat="51.13622803" lon="8.24056903">
  <ele>359.769</ele>
 </trkpt>
 <trkpt lat="51.13629702" lon="8.23990099">
  <ele>360.524</ele>
 </trkpt>
 <trkpt lat="51.13624002" lon="8.23920798">
  <ele>361.293</ele>
 </trkpt>
 <trkpt lat="51.13613600" lon="8.23879500">
  <ele>363.926</ele>
 </trkpt>
 <trkpt lat="51.13607003" lon="8.23858696">
  <ele>365.670</ele>
 </trkpt>
 <trkpt lat="51.13594003" lon="8.23830700">
  <ele>366.739</ele>
 </trkpt>
 <trkpt lat="51.13586300" lon="8.23811296">
  <ele>367.794</ele>
 </trkpt>
 <trkpt lat="51.13582302" lon="8.23769898">
  <ele>367.607</ele>
 </trkpt>
 <trkpt lat="51.13583400" lon="8.23688904">
  <ele>365.132</ele>
 </trkpt>
 <trkpt lat="51.13582402" lon="8.23584197">
  <ele>362.365</ele>
 </trkpt>
 <trkpt lat="51.13581397" lon="8.23546998">
  <ele>359.799</ele>
 </trkpt>
 <trkpt lat="51.13576996" lon="8.23458301">
  <ele>356.744</ele>
 </trkpt>
 <trkpt lat="51.13577901" lon="8.23342103">
  <ele>353.833</ele>
 </trkpt>
 <trkpt lat="51.13585697" lon="8.23306496">
  <ele>352.347</ele>
 </trkpt>
 <trkpt lat="51.13603399" lon="8.23212300">
  <ele>351.988</ele>
 </trkpt>
 <trkpt lat="51.13602100" lon="8.23169000">
  <ele>350.943</ele>
 </trkpt>
 <trkpt lat="51.13597901" lon="8.23090000">
  <ele>351.537</ele>
 </trkpt>
 <trkpt lat="51.13601396" lon="8.23056296">
  <ele>350.767</ele>
 </trkpt>
 <trkpt lat="51.13604899" lon="8.23029801">
  <ele>350.993</ele>
 </trkpt>
 <trkpt lat="51.13612502" lon="8.23004496">
  <ele>351.296</ele>
 </trkpt>
 <trkpt lat="51.13611697" lon="8.22965998">
  <ele>352.603</ele>
 </trkpt>
 <trkpt lat="51.13610700" lon="8.22947298">
  <ele>350.093</ele>
 </trkpt>
 <trkpt lat="51.13608696" lon="8.22910904">
  <ele>350.419</ele>
 </trkpt>
 <trkpt lat="51.13608504" lon="8.22896403">
  <ele>350.834</ele>
 </trkpt>
 <trkpt lat="51.13605201" lon="8.22824696">
  <ele>349.703</ele>
 </trkpt>
 <trkpt lat="51.13598898" lon="8.22789199">
  <ele>349.034</ele>
 </trkpt>
 <trkpt lat="51.13589603" lon="8.22755604">
  <ele>349.537</ele>
 </trkpt>
 <trkpt lat="51.13584498" lon="8.22716502">
  <ele>348.847</ele>
 </trkpt>
 <trkpt lat="51.13565798" lon="8.22636497">
  <ele>348.984</ele>
 </trkpt>
 <trkpt lat="51.13536998" lon="8.22564899">
  <ele>349.291</ele>
 </trkpt>
 <trkpt lat="51.13515196" lon="8.22521699">
  <ele>348.730</ele>
 </trkpt>
 <trkpt lat="51.13491601" lon="8.22476403">
  <ele>349.815</ele>
 </trkpt>
 <trkpt lat="51.13472499" lon="8.22446899">
  <ele>351.215</ele>
 </trkpt>
 <trkpt lat="51.13457403" lon="8.22426204">
  <ele>353.281</ele>
 </trkpt>
 <trkpt lat="51.13441503" lon="8.22406104">
  <ele>355.118</ele>
 </trkpt>
 <trkpt lat="51.13418603" lon="8.22379097">
  <ele>356.283</ele>
 </trkpt>
 <trkpt lat="51.13403197" lon="8.22362401">
  <ele>356.735</ele>
 </trkpt>
 <trkpt lat="51.13381597" lon="8.22338001">
  <ele>356.756</ele>
 </trkpt>
 <trkpt lat="51.13358497" lon="8.22294197">
  <ele>355.547</ele>
 </trkpt>
 <trkpt lat="51.13349402" lon="8.22275698">
  <ele>354.758</ele>
 </trkpt>
 <trkpt lat="51.13345102" lon="8.22261197">
  <ele>352.755</ele>
 </trkpt>
 <trkpt lat="51.13342001" lon="8.22242397">
  <ele>351.415</ele>
 </trkpt>
 <trkpt lat="51.13329504" lon="8.22169097">
  <ele>347.367</ele>
 </trkpt>
 <trkpt lat="51.13313100" lon="8.22121102">
  <ele>347.964</ele>
 </trkpt>
 <trkpt lat="51.13318196" lon="8.22102997">
  <ele>348.238</ele>
 </trkpt>
 <trkpt lat="51.13336603" lon="8.22078899">
  <ele>347.644</ele>
 </trkpt>
 <trkpt lat="51.13365596" lon="8.22038197">
  <ele>348.190</ele>
 </trkpt>
 <trkpt lat="51.13376099" lon="8.22014803">
  <ele>350.253</ele>
 </trkpt>
 <trkpt lat="51.13369301" lon="8.21994301">
  <ele>350.191</ele>
 </trkpt>
 <trkpt lat="51.13360902" lon="8.21981200">
  <ele>350.037</ele>
 </trkpt>
 <trkpt lat="51.13338003" lon="8.21920599">
  <ele>349.205</ele>
 </trkpt>
 <trkpt lat="51.13332597" lon="8.21900901">
  <ele>349.076</ele>
 </trkpt>
 <trkpt lat="51.13328598" lon="8.21887901">
  <ele>350.442</ele>
 </trkpt>
 <trkpt lat="51.13284803" lon="8.21786103">
  <ele>349.532</ele>
 </trkpt>
 <trkpt lat="51.13227404" lon="8.21693198">
  <ele>349.013</ele>
 </trkpt>
 <trkpt lat="51.13172603" lon="8.21604199">
  <ele>348.556</ele>
 </trkpt>
 <trkpt lat="51.13160801" lon="8.21577000">
  <ele>347.864</ele>
 </trkpt>
 <trkpt lat="51.13141397" lon="8.21467901">
  <ele>347.538</ele>
 </trkpt>
 <trkpt lat="51.13124197" lon="8.21291797">
  <ele>346.590</ele>
 </trkpt>
 <trkpt lat="51.13132797" lon="8.21172397">
  <ele>346.969</ele>
 </trkpt>
 <trkpt lat="51.13149100" lon="8.21099097">
  <ele>346.674</ele>
 </trkpt>
 <trkpt lat="51.13171396" lon="8.21012302">
  <ele>346.314</ele>
 </trkpt>
 <trkpt lat="51.13199299" lon="8.20912197">
  <ele>345.682</ele>
 </trkpt>
 <trkpt lat="51.13232399" lon="8.20780098">
  <ele>345.584</ele>
 </trkpt>
 <trkpt lat="51.13241896" lon="8.20654403">
  <ele>344.828</ele>
 </trkpt>
 <trkpt lat="51.13240999" lon="8.20512297">
  <ele>345.782</ele>
 </trkpt>
 <trkpt lat="51.13240496" lon="8.20467101">
  <ele>345.177</ele>
 </trkpt>
 <trkpt lat="51.13236900" lon="8.20391497">
  <ele>344.210</ele>
 </trkpt>
 <trkpt lat="51.13215996" lon="8.20264402">
  <ele>343.579</ele>
 </trkpt>
 <trkpt lat="51.13208603" lon="8.20240899">
  <ele>342.080</ele>
 </trkpt>
 <trkpt lat="51.13196500" lon="8.20210498">
  <ele>341.837</ele>
 </trkpt>
 <trkpt lat="51.13146200" lon="8.20145798">
  <ele>341.784</ele>
 </trkpt>
 <trkpt lat="51.13078097" lon="8.20089396">
  <ele>341.147</ele>
 </trkpt>
 <trkpt lat="51.13000103" lon="8.20031997">
  <ele>341.220</ele>
 </trkpt>
 <trkpt lat="51.12926200" lon="8.19975603">
  <ele>340.584</ele>
 </trkpt>
 <trkpt lat="51.12844996" lon="8.19903997">
  <ele>340.344</ele>
 </trkpt>
 <trkpt lat="51.12717398" lon="8.19886998">
  <ele>340.198</ele>
 </trkpt>
 <trkpt lat="51.12662497" lon="8.19857804">
  <ele>339.957</ele>
 </trkpt>
 <trkpt lat="51.12624502" lon="8.19802299">
  <ele>340.075</ele>
 </trkpt>
 <trkpt lat="51.12600798" lon="8.19723400">
  <ele>340.235</ele>
 </trkpt>
 <trkpt lat="51.12598199" lon="8.19621803">
  <ele>340.235</ele>
 </trkpt>
 <trkpt lat="51.12607503" lon="8.19473896">
  <ele>339.357</ele>
 </trkpt>
 <trkpt lat="51.12599499" lon="8.19377303">
  <ele>338.743</ele>
 </trkpt>
 <trkpt lat="51.12567304" lon="8.19262303">
  <ele>337.620</ele>
 </trkpt>
 <trkpt lat="51.12535302" lon="8.19168401">
  <ele>337.360</ele>
 </trkpt>
 <trkpt lat="51.12507197" lon="8.19058699">
  <ele>336.413</ele>
 </trkpt>
 <trkpt lat="51.12501497" lon="8.19029303">
  <ele>336.371</ele>
 </trkpt>
 <trkpt lat="51.12482001" lon="8.19015398">
  <ele>336.423</ele>
 </trkpt>
 <trkpt lat="51.12478397" lon="8.19018700">
  <ele>336.570</ele>
 </trkpt>
 <trkpt lat="51.12420000" lon="8.19079000">
  <ele>338.322</ele>
 </trkpt>
 <trkpt lat="51.12412901" lon="8.19084196">
  <ele>338.728</ele>
 </trkpt>
 <trkpt lat="51.12406304" lon="8.19074800">
  <ele>337.883</ele>
 </trkpt>
 <trkpt lat="51.12395500" lon="8.19036897">
  <ele>337.510</ele>
 </trkpt>
 <trkpt lat="51.12382500" lon="8.18986899">
  <ele>337.086</ele>
 </trkpt>
 <trkpt lat="51.12373900" lon="8.18953598">
  <ele>336.508</ele>
 </trkpt>
 <trkpt lat="51.12378501" lon="8.18902904">
  <ele>335.263</ele>
 </trkpt>
 <trkpt lat="51.12386900" lon="8.18883399">
  <ele>334.520</ele>
 </trkpt>
 <trkpt lat="51.12394402" lon="8.18856301">
  <ele>333.606</ele>
 </trkpt>
 <trkpt lat="51.12395500" lon="8.18782599">
  <ele>331.166</ele>
 </trkpt>
 <trkpt lat="51.12382902" lon="8.18670298">
  <ele>331.073</ele>
 </trkpt>
 <trkpt lat="51.12357102" lon="8.18564602">
  <ele>330.861</ele>
 </trkpt>
 <trkpt lat="51.12331001" lon="8.18466601">
  <ele>330.337</ele>
 </trkpt>
 <trkpt lat="51.12284096" lon="8.18368399">
  <ele>329.828</ele>
 </trkpt>
 <trkpt lat="51.12258900" lon="8.18289600">
  <ele>330.697</ele>
 </trkpt>
 <trkpt lat="51.12245900" lon="8.18239803">
  <ele>331.914</ele>
 </trkpt>
 <trkpt lat="51.12238398" lon="8.18193401">
  <ele>333.763</ele>
 </trkpt>
 <trkpt lat="51.12231399" lon="8.18160603">
  <ele>332.053</ele>
 </trkpt>
 <trkpt lat="51.12207100" lon="8.18078100">
  <ele>329.762</ele>
 </trkpt>
 <trkpt lat="51.12184603" lon="8.18032502">
  <ele>328.214</ele>
 </trkpt>
 <trkpt lat="51.12138896" lon="8.17917000">
  <ele>327.220</ele>
 </trkpt>
 <trkpt lat="51.12107799" lon="8.17758900">
  <ele>327.361</ele>
 </trkpt>
 <trkpt lat="51.12098797" lon="8.17639802">
  <ele>326.994</ele>
 </trkpt>
 <trkpt lat="51.12092804" lon="8.17559998">
  <ele>327.783</ele>
 </trkpt>
 <trkpt lat="51.12093098" lon="8.17459096">
  <ele>327.189</ele>
 </trkpt>
 <trkpt lat="51.12093701" lon="8.17355697">
  <ele>326.795</ele>
 </trkpt>
 <trkpt lat="51.12089904" lon="8.17238501">
  <ele>325.297</ele>
 </trkpt>
 <trkpt lat="51.12082000" lon="8.17130199">
  <ele>323.874</ele>
 </trkpt>
 <trkpt lat="51.12059000" lon="8.17095003">
  <ele>323.247</ele>
 </trkpt>
 <trkpt lat="51.11986597" lon="8.17060696">
  <ele>323.622</ele>
 </trkpt>
 <trkpt lat="51.11931402" lon="8.17058902">
  <ele>323.544</ele>
 </trkpt>
 <trkpt lat="51.11858396" lon="8.17074099">
  <ele>323.471</ele>
 </trkpt>
 <trkpt lat="51.11809303" lon="8.17074702">
  <ele>323.965</ele>
 </trkpt>
 <trkpt lat="51.11801701" lon="8.17067502">
  <ele>324.286</ele>
 </trkpt>
 <trkpt lat="51.11809999" lon="8.17023698">
  <ele>323.537</ele>
 </trkpt>
 <trkpt lat="51.11812497" lon="8.16957800">
  <ele>323.519</ele>
 </trkpt>
 <trkpt lat="51.11799899" lon="8.16953500">
  <ele>322.544</ele>
 </trkpt>
 <trkpt lat="51.11789103" lon="8.16951203">
  <ele>321.992</ele>
 </trkpt>
 <trkpt lat="51.11748501" lon="8.16937398">
  <ele>321.377</ele>
 </trkpt>
 <trkpt lat="51.11725400" lon="8.16926703">
  <ele>320.893</ele>
 </trkpt>
 <trkpt lat="51.11712199" lon="8.16905396">
  <ele>320.197</ele>
 </trkpt>
 <trkpt lat="51.11703699" lon="8.16876001">
  <ele>320.158</ele>
 </trkpt>
 <trkpt lat="51.11695603" lon="8.16819800">
  <ele>319.941</ele>
 </trkpt>
 <trkpt lat="51.11686802" lon="8.16790304">
  <ele>320.432</ele>
 </trkpt>
 <trkpt lat="51.11671002" lon="8.16780900">
  <ele>321.213</ele>
 </trkpt>
 <trkpt lat="51.11611297" lon="8.16802198">
  <ele>322.033</ele>
 </trkpt>
 <trkpt lat="51.11602798" lon="8.16799197">
  <ele>322.432</ele>
 </trkpt>
 <trkpt lat="51.11602002" lon="8.16761596">
  <ele>321.447</ele>
 </trkpt>
 <trkpt lat="51.11613401" lon="8.16698003">
  <ele>320.320</ele>
 </trkpt>
 <trkpt lat="51.11617802" lon="8.16647099">
  <ele>319.953</ele>
 </trkpt>
 <trkpt lat="51.11622697" lon="8.16582601">
  <ele>319.626</ele>
 </trkpt>
 <trkpt lat="51.11618204" lon="8.16537397">
  <ele>319.451</ele>
 </trkpt>
 <trkpt lat="51.11597300" lon="8.16504297">
  <ele>319.561</ele>
 </trkpt>
 <trkpt lat="51.11582799" lon="8.16496099">
  <ele>319.404</ele>
 </trkpt>
 <trkpt lat="51.11566697" lon="8.16489603">
  <ele>319.415</ele>
 </trkpt>
 <trkpt lat="51.11546396" lon="8.16458900">
  <ele>319.816</ele>
 </trkpt>
 <trkpt lat="51.11533103" lon="8.16381401">
  <ele>319.484</ele>
 </trkpt>
 <trkpt lat="51.11518099" lon="8.16315302">
  <ele>320.131</ele>
 </trkpt>
 <trkpt lat="51.11497102" lon="8.16261398">
  <ele>319.426</ele>
 </trkpt>
 <trkpt lat="51.11477003" lon="8.16233201">
  <ele>318.743</ele>
 </trkpt>
 <trkpt lat="51.11460800" lon="8.16200201">
  <ele>318.851</ele>
 </trkpt>
 <trkpt lat="51.11451597" lon="8.16115402">
  <ele>318.688</ele>
 </trkpt>
 <trkpt lat="51.11452502" lon="8.16062604">
  <ele>318.561</ele>
 </trkpt>
 <trkpt lat="51.11454103" lon="8.16047902">
  <ele>318.652</ele>
 </trkpt>
 <trkpt lat="51.11468101" lon="8.15989397">
  <ele>319.741</ele>
 </trkpt>
 <trkpt lat="51.11472401" lon="8.15920204">
  <ele>321.400</ele>
 </trkpt>
 <trkpt lat="51.11474203" lon="8.15879200">
  <ele>321.625</ele>
 </trkpt>
 <trkpt lat="51.11470096" lon="8.15802103">
  <ele>322.600</ele>
 </trkpt>
 <trkpt lat="51.11469199" lon="8.15745098">
  <ele>323.338</ele>
 </trkpt>
 <trkpt lat="51.11475804" lon="8.15696700">
  <ele>324.689</ele>
 </trkpt>
 <trkpt lat="51.11487698" lon="8.15650902">
  <ele>325.463</ele>
 </trkpt>
 <trkpt lat="51.11499399" lon="8.15604902">
  <ele>326.036</ele>
 </trkpt>
 <trkpt lat="51.11507697" lon="8.15562800">
  <ele>326.699</ele>
 </trkpt>
 <trkpt lat="51.11511201" lon="8.15548802">
  <ele>328.208</ele>
 </trkpt>
 <trkpt lat="51.11521603" lon="8.15494101">
  <ele>327.967</ele>
 </trkpt>
 <trkpt lat="51.11526498" lon="8.15461404">
  <ele>329.587</ele>
 </trkpt>
 <trkpt lat="51.11529197" lon="8.15412001">
  <ele>329.868</ele>
 </trkpt>
 <trkpt lat="51.11535299" lon="8.15327603">
  <ele>331.072</ele>
 </trkpt>
 <trkpt lat="51.11530504" lon="8.15258997">
  <ele>332.933</ele>
 </trkpt>
 <trkpt lat="51.11528400" lon="8.15219996">
  <ele>334.651</ele>
 </trkpt>
 <trkpt lat="51.11517403" lon="8.15169596">
  <ele>335.382</ele>
 </trkpt>
 <trkpt lat="51.11494898" lon="8.15113203">
  <ele>338.629</ele>
 </trkpt>
 <trkpt lat="51.11485803" lon="8.15058402">
  <ele>339.903</ele>
 </trkpt>
 <trkpt lat="51.11477497" lon="8.15013098">
  <ele>340.676</ele>
 </trkpt>
 <trkpt lat="51.11457003" lon="8.14964700">
  <ele>342.177</ele>
 </trkpt>
 <trkpt lat="51.11451002" lon="8.14912104">
  <ele>342.184</ele>
 </trkpt>
 <trkpt lat="51.11452100" lon="8.14846398">
  <ele>339.004</ele>
 </trkpt>
 <trkpt lat="51.11452603" lon="8.14821797">
  <ele>336.451</ele>
 </trkpt>
 <trkpt lat="51.11437700" lon="8.14745002">
  <ele>335.618</ele>
 </trkpt>
 <trkpt lat="51.11422503" lon="8.14685499">
  <ele>333.343</ele>
 </trkpt>
 <trkpt lat="51.11391398" lon="8.14575504">
  <ele>329.532</ele>
 </trkpt>
 <trkpt lat="51.11387098" lon="8.14554297">
  <ele>328.492</ele>
 </trkpt>
 <trkpt lat="51.11383997" lon="8.14533602">
  <ele>328.063</ele>
 </trkpt>
 <trkpt lat="51.11390200" lon="8.14484401">
  <ele>324.464</ele>
 </trkpt>
 <trkpt lat="51.11405798" lon="8.14471803">
  <ele>319.421</ele>
 </trkpt>
 <trkpt lat="51.11416100" lon="8.14468701">
  <ele>318.272</ele>
 </trkpt>
 <trkpt lat="51.11456802" lon="8.14444100">
  <ele>314.320</ele>
 </trkpt>
 <trkpt lat="51.11466299" lon="8.14435299">
  <ele>314.360</ele>
 </trkpt>
 <trkpt lat="51.11531904" lon="8.14395804">
  <ele>312.827</ele>
 </trkpt>
 <trkpt lat="51.11593100" lon="8.14370600">
  <ele>310.597</ele>
 </trkpt>
 <trkpt lat="51.11635303" lon="8.14347901">
  <ele>313.771</ele>
 </trkpt>
 <trkpt lat="51.11657901" lon="8.14322898">
  <ele>314.052</ele>
 </trkpt>
 <trkpt lat="51.11658697" lon="8.14306604">
  <ele>314.426</ele>
 </trkpt>
 <trkpt lat="51.11653701" lon="8.14282799">
  <ele>314.625</ele>
 </trkpt>
 <trkpt lat="51.11639603" lon="8.14181202">
  <ele>314.509</ele>
 </trkpt>
 <trkpt lat="51.11643702" lon="8.14068801">
  <ele>313.543</ele>
 </trkpt>
 <trkpt lat="51.11654900" lon="8.13939401">
  <ele>311.710</ele>
 </trkpt>
 <trkpt lat="51.11680599" lon="8.13847301">
  <ele>310.555</ele>
 </trkpt>
 <trkpt lat="51.11728996" lon="8.13754102">
  <ele>309.783</ele>
 </trkpt>
 <trkpt lat="51.11742902" lon="8.13727599">
  <ele>309.655</ele>
 </trkpt>
 <trkpt lat="51.11763496" lon="8.13697499">
  <ele>308.569</ele>
 </trkpt>
 <trkpt lat="51.11840500" lon="8.13578602">
  <ele>308.019</ele>
 </trkpt>
 <trkpt lat="51.11861397" lon="8.13526500">
  <ele>307.612</ele>
 </trkpt>
 <trkpt lat="51.11874799" lon="8.13443201">
  <ele>306.625</ele>
 </trkpt>
 <trkpt lat="51.11868798" lon="8.13337999">
  <ele>307.424</ele>
 </trkpt>
 <trkpt lat="51.11836100" lon="8.13255304">
  <ele>307.195</ele>
 </trkpt>
 <trkpt lat="51.11782699" lon="8.13199103">
  <ele>307.203</ele>
 </trkpt>
 <trkpt lat="51.11707698" lon="8.13172499">
  <ele>306.686</ele>
 </trkpt>
 <trkpt lat="51.11604701" lon="8.13137898">
  <ele>305.276</ele>
 </trkpt>
 <trkpt lat="51.11497798" lon="8.13090398">
  <ele>304.822</ele>
 </trkpt>
 <trkpt lat="51.11433299" lon="8.13026796">
  <ele>305.121</ele>
 </trkpt>
 <trkpt lat="51.11378800" lon="8.12934897">
  <ele>305.287</ele>
 </trkpt>
 <trkpt lat="51.11338601" lon="8.12871597">
  <ele>304.892</ele>
 </trkpt>
 <trkpt lat="51.11334099" lon="8.12836803">
  <ele>305.541</ele>
 </trkpt>
 <trkpt lat="51.11322700" lon="8.12824901">
  <ele>305.184</ele>
 </trkpt>
 <trkpt lat="51.11289298" lon="8.12791499">
  <ele>305.282</ele>
 </trkpt>
 <trkpt lat="51.11252502" lon="8.12751400">
  <ele>304.893</ele>
 </trkpt>
 <trkpt lat="51.11203501" lon="8.12693398">
  <ele>304.876</ele>
 </trkpt>
 <trkpt lat="51.11183099" lon="8.12668604">
  <ele>305.088</ele>
 </trkpt>
 <trkpt lat="51.11121903" lon="8.12543102">
  <ele>303.563</ele>
 </trkpt>
 <trkpt lat="51.11115198" lon="8.12443198">
  <ele>303.917</ele>
 </trkpt>
 <trkpt lat="51.11134702" lon="8.12339203">
  <ele>303.030</ele>
 </trkpt>
 <trkpt lat="51.11151097" lon="8.12276800">
  <ele>302.326</ele>
 </trkpt>
 <trkpt lat="51.11196502" lon="8.12174600">
  <ele>302.566</ele>
 </trkpt>
 <trkpt lat="51.11237397" lon="8.12101602">
  <ele>302.158</ele>
 </trkpt>
 <trkpt lat="51.11281998" lon="8.12012703">
  <ele>301.238</ele>
 </trkpt>
 <trkpt lat="51.11294998" lon="8.11984196">
  <ele>301.169</ele>
 </trkpt>
 <trkpt lat="51.11323002" lon="8.11908600">
  <ele>301.359</ele>
 </trkpt>
 <trkpt lat="51.11340302" lon="8.11830598">
  <ele>301.030</ele>
 </trkpt>
 <trkpt lat="51.11344904" lon="8.11747902">
  <ele>299.643</ele>
 </trkpt>
 <trkpt lat="51.11349103" lon="8.11640999">
  <ele>300.000</ele>
 </trkpt>
 <trkpt lat="51.11342004" lon="8.11519302">
  <ele>299.579</ele>
 </trkpt>
 <trkpt lat="51.11327603" lon="8.11407404">
  <ele>299.160</ele>
 </trkpt>
 <trkpt lat="51.11307998" lon="8.11280401">
  <ele>298.423</ele>
 </trkpt>
 <trkpt lat="51.11284797" lon="8.11171596">
  <ele>298.364</ele>
 </trkpt>
 <trkpt lat="51.11249601" lon="8.11044401">
  <ele>298.560</ele>
 </trkpt>
 <trkpt lat="51.11197701" lon="8.10910198">
  <ele>298.407</ele>
 </trkpt>
 <trkpt lat="51.11174097" lon="8.10850896">
  <ele>297.872</ele>
 </trkpt>
 <trkpt lat="51.11150301" lon="8.10748402">
  <ele>297.786</ele>
 </trkpt>
 <trkpt lat="51.11139396" lon="8.10675002">
  <ele>297.623</ele>
 </trkpt>
 <trkpt lat="51.11119498" lon="8.10580404">
  <ele>297.388</ele>
 </trkpt>
 <trkpt lat="51.11087102" lon="8.10469000">
  <ele>297.300</ele>
 </trkpt>
 <trkpt lat="51.11064797" lon="8.10377201">
  <ele>297.916</ele>
 </trkpt>
 <trkpt lat="51.11064504" lon="8.10265797">
  <ele>297.052</ele>
 </trkpt>
 <trkpt lat="51.11085299" lon="8.10140597">
  <ele>295.681</ele>
 </trkpt>
 <trkpt lat="51.11107503" lon="8.10015698">
  <ele>295.269</ele>
 </trkpt>
 <trkpt lat="51.11123999" lon="8.09913397">
  <ele>294.430</ele>
 </trkpt>
 <trkpt lat="51.11146202" lon="8.09790501">
  <ele>293.522</ele>
 </trkpt>
 <trkpt lat="51.11169898" lon="8.09634799">
  <ele>294.045</ele>
 </trkpt>
 <trkpt lat="51.11173603" lon="8.09580702">
  <ele>292.756</ele>
 </trkpt>
 <trkpt lat="51.11166503" lon="8.09500999">
  <ele>290.862</ele>
 </trkpt>
 <trkpt lat="51.11160904" lon="8.09476599">
  <ele>291.430</ele>
 </trkpt>
 <trkpt lat="51.11152103" lon="8.09447103">
  <ele>291.517</ele>
 </trkpt>
 <trkpt lat="51.11110202" lon="8.09368498">
  <ele>292.473</ele>
 </trkpt>
 <trkpt lat="51.11055996" lon="8.09298702">
  <ele>292.525</ele>
 </trkpt>
 <trkpt lat="51.10999100" lon="8.09235200">
  <ele>289.711</ele>
 </trkpt>
 <trkpt lat="51.10994599" lon="8.09230397">
  <ele>290.088</ele>
 </trkpt>
 <trkpt lat="51.10917402" lon="8.09180500">
  <ele>289.970</ele>
 </trkpt>
 <trkpt lat="51.10880203" lon="8.09157601">
  <ele>290.055</ele>
 </trkpt>
 <trkpt lat="51.10817900" lon="8.09084200">
  <ele>289.925</ele>
 </trkpt>
 <trkpt lat="51.10805897" lon="8.09069197">
  <ele>290.048</ele>
 </trkpt>
 <trkpt lat="51.10766402" lon="8.08984498">
  <ele>289.823</ele>
 </trkpt>
 <trkpt lat="51.10725104" lon="8.08844796">
  <ele>289.684</ele>
 </trkpt>
 <trkpt lat="51.10714803" lon="8.08804697">
  <ele>289.409</ele>
 </trkpt>
 <trkpt lat="51.10690403" lon="8.08696202">
  <ele>289.323</ele>
 </trkpt>
 <trkpt lat="51.10667998" lon="8.08578797">
  <ele>287.968</ele>
 </trkpt>
 <trkpt lat="51.10653397" lon="8.08456496">
  <ele>287.496</ele>
 </trkpt>
 <trkpt lat="51.10645602" lon="8.08333701">
  <ele>287.724</ele>
 </trkpt>
 <trkpt lat="51.10638804" lon="8.08234502">
  <ele>287.399</ele>
 </trkpt>
 <trkpt lat="51.10633297" lon="8.08136500">
  <ele>286.788</ele>
 </trkpt>
 <trkpt lat="51.10627497" lon="8.08040704">
  <ele>287.158</ele>
 </trkpt>
 <trkpt lat="51.10624798" lon="8.07996900">
  <ele>286.640</ele>
 </trkpt>
 <trkpt lat="51.10617799" lon="8.07887600">
  <ele>285.287</ele>
 </trkpt>
 <trkpt lat="51.10615502" lon="8.07787696">
  <ele>285.624</ele>
 </trkpt>
 <trkpt lat="51.10617296" lon="8.07759298">
  <ele>285.650</ele>
 </trkpt>
 <trkpt lat="51.10618704" lon="8.07745602">
  <ele>284.552</ele>
 </trkpt>
 <trkpt lat="51.10631101" lon="8.07685898">
  <ele>284.032</ele>
 </trkpt>
 <trkpt lat="51.10663899" lon="8.07622204">
  <ele>284.896</ele>
 </trkpt>
 <trkpt lat="51.10699598" lon="8.07581199">
  <ele>286.525</ele>
 </trkpt>
 <trkpt lat="51.10710100" lon="8.07573899">
  <ele>286.156</ele>
 </trkpt>
 <trkpt lat="51.10752496" lon="8.07565902">
  <ele>283.460</ele>
 </trkpt>
 <trkpt lat="51.10820297" lon="8.07542701">
  <ele>280.405</ele>
 </trkpt>
 <trkpt lat="51.10883103" lon="8.07507799">
  <ele>280.012</ele>
 </trkpt>
 <trkpt lat="51.10946202" lon="8.07464004">
  <ele>280.509</ele>
 </trkpt>
 <trkpt lat="51.10987198" lon="8.07426201">
  <ele>283.861</ele>
 </trkpt>
 <trkpt lat="51.11007398" lon="8.07397996">
  <ele>286.475</ele>
 </trkpt>
 <trkpt lat="51.11022997" lon="8.07362499">
  <ele>286.470</ele>
 </trkpt>
 <trkpt lat="51.11047002" lon="8.07296500">
  <ele>284.621</ele>
 </trkpt>
 <trkpt lat="51.11078301" lon="8.07204701">
  <ele>282.690</ele>
 </trkpt>
 <trkpt lat="51.11088602" lon="8.07166102">
  <ele>282.004</ele>
 </trkpt>
 <trkpt lat="51.11096003" lon="8.07128099">
  <ele>281.987</ele>
 </trkpt>
 <trkpt lat="51.11090496" lon="8.07110899">
  <ele>281.244</ele>
 </trkpt>
 <trkpt lat="51.11094503" lon="8.07089198">
  <ele>280.514</ele>
 </trkpt>
 <trkpt lat="51.11098501" lon="8.07066500">
  <ele>280.268</ele>
 </trkpt>
 <trkpt lat="51.11104301" lon="8.07024197">
  <ele>279.888</ele>
 </trkpt>
 <trkpt lat="51.11115399" lon="8.06950402">
  <ele>279.139</ele>
 </trkpt>
 <trkpt lat="51.11125398" lon="8.06892903">
  <ele>279.208</ele>
 </trkpt>
 <trkpt lat="51.11121099" lon="8.06872702">
  <ele>278.499</ele>
 </trkpt>
 <trkpt lat="51.11107000" lon="8.06839803">
  <ele>277.547</ele>
 </trkpt>
 <trkpt lat="51.11100798" lon="8.06807701">
  <ele>277.673</ele>
 </trkpt>
 <trkpt lat="51.11117100" lon="8.06768901">
  <ele>277.888</ele>
 </trkpt>
 <trkpt lat="51.11127703" lon="8.06752598">
  <ele>277.381</ele>
 </trkpt>
 <trkpt lat="51.11151500" lon="8.06736203">
  <ele>278.405</ele>
 </trkpt>
 <trkpt lat="51.11174701" lon="8.06700203">
  <ele>278.115</ele>
 </trkpt>
 <trkpt lat="51.11185798" lon="8.06678502">
  <ele>277.705</ele>
 </trkpt>
 <trkpt lat="51.11223098" lon="8.06622502">
  <ele>277.773</ele>
 </trkpt>
 <trkpt lat="51.11273699" lon="8.06531902">
  <ele>278.059</ele>
 </trkpt>
 <trkpt lat="51.11293497" lon="8.06480002">
  <ele>278.000</ele>
 </trkpt>
 <trkpt lat="51.11303103" lon="8.06455703">
  <ele>277.335</ele>
 </trkpt>
 <trkpt lat="51.11334904" lon="8.06392704">
  <ele>278.017</ele>
 </trkpt>
 <trkpt lat="51.11338902" lon="8.06381296">
  <ele>277.636</ele>
 </trkpt>
 <trkpt lat="51.11375900" lon="8.06324501">
  <ele>277.731</ele>
 </trkpt>
 <trkpt lat="51.11385397" lon="8.06318298">
  <ele>277.818</ele>
 </trkpt>
 <trkpt lat="51.11416896" lon="8.06301601">
  <ele>278.145</ele>
 </trkpt>
 <trkpt lat="51.11438102" lon="8.06296396">
  <ele>277.914</ele>
 </trkpt>
 <trkpt lat="51.11453500" lon="8.06294602">
  <ele>277.909</ele>
 </trkpt>
 <trkpt lat="51.11474597" lon="8.06306496">
  <ele>278.091</ele>
 </trkpt>
 <trkpt lat="51.11484102" lon="8.06309103">
  <ele>278.016</ele>
 </trkpt>
 <trkpt lat="51.11533798" lon="8.06328298">
  <ele>277.938</ele>
 </trkpt>
 <trkpt lat="51.11545198" lon="8.06338901">
  <ele>278.166</ele>
 </trkpt>
 <trkpt lat="51.11560897" lon="8.06353301">
  <ele>278.321</ele>
 </trkpt>
 <trkpt lat="51.11570503" lon="8.06360903">
  <ele>278.296</ele>
 </trkpt>
 <trkpt lat="51.11615304" lon="8.06408797">
  <ele>278.314</ele>
 </trkpt>
 <trkpt lat="51.11634800" lon="8.06438997">
  <ele>278.330</ele>
 </trkpt>
 <trkpt lat="51.11644800" lon="8.06453297">
  <ele>278.183</ele>
 </trkpt>
 <trkpt lat="51.11656199" lon="8.06474696">
  <ele>278.011</ele>
 </trkpt>
 <trkpt lat="51.11676098" lon="8.06530704">
  <ele>278.102</ele>
 </trkpt>
 <trkpt lat="51.11678001" lon="8.06558800">
  <ele>278.805</ele>
 </trkpt>
 <trkpt lat="51.11701897" lon="8.06572697">
  <ele>278.925</ele>
 </trkpt>
 <trkpt lat="51.11708896" lon="8.06574499">
  <ele>279.136</ele>
 </trkpt>
 <trkpt lat="51.11720497" lon="8.06585002">
  <ele>278.338</ele>
 </trkpt>
 <trkpt lat="51.11743899" lon="8.06625403">
  <ele>277.965</ele>
 </trkpt>
 <trkpt lat="51.11754703" lon="8.06697696">
  <ele>278.341</ele>
 </trkpt>
 <trkpt lat="51.11759397" lon="8.06732900">
  <ele>278.557</ele>
 </trkpt>
 <trkpt lat="51.11779799" lon="8.06795999">
  <ele>279.430</ele>
 </trkpt>
 <trkpt lat="51.11809404" lon="8.06830600">
  <ele>281.788</ele>
 </trkpt>
 <trkpt lat="51.11833602" lon="8.06865502">
  <ele>283.526</ele>
 </trkpt>
 <trkpt lat="51.11861397" lon="8.06896297">
  <ele>283.529</ele>
 </trkpt>
 <trkpt lat="51.11912501" lon="8.06924804">
  <ele>282.201</ele>
 </trkpt>
 <trkpt lat="51.11942500" lon="8.06938500">
  <ele>278.779</ele>
 </trkpt>
 <trkpt lat="51.11976799" lon="8.06947402">
  <ele>275.635</ele>
 </trkpt>
 <trkpt lat="51.12039001" lon="8.06968197">
  <ele>273.695</ele>
 </trkpt>
 <trkpt lat="51.12084397" lon="8.06984701">
  <ele>274.736</ele>
 </trkpt>
 <trkpt lat="51.12143800" lon="8.07002102">
  <ele>274.868</ele>
 </trkpt>
 <trkpt lat="51.12184896" lon="8.07013300">
  <ele>276.562</ele>
 </trkpt>
 <trkpt lat="51.12215004" lon="8.07027600">
  <ele>278.043</ele>
 </trkpt>
 <trkpt lat="51.12251096" lon="8.07040701">
  <ele>279.209</ele>
 </trkpt>
 <trkpt lat="51.12297499" lon="8.07048697">
  <ele>277.237</ele>
 </trkpt>
 <trkpt lat="51.12337799" lon="8.07044196">
  <ele>276.275</ele>
 </trkpt>
 <trkpt lat="51.12396497" lon="8.07036904">
  <ele>274.292</ele>
 </trkpt>
 <trkpt lat="51.12422800" lon="8.07000702">
  <ele>273.886</ele>
 </trkpt>
 <trkpt lat="51.12454500" lon="8.06898502">
  <ele>273.821</ele>
 </trkpt>
 <trkpt lat="51.12466503" lon="8.06863197">
  <ele>273.993</ele>
 </trkpt>
 <trkpt lat="51.12491003" lon="8.06776796">
  <ele>273.382</ele>
 </trkpt>
 <trkpt lat="51.12531303" lon="8.06663901">
  <ele>272.348</ele>
 </trkpt>
 <trkpt lat="51.12556499" lon="8.06558196">
  <ele>271.973</ele>
 </trkpt>
 <trkpt lat="51.12564798" lon="8.06522104">
  <ele>272.323</ele>
 </trkpt>
 <trkpt lat="51.12578200" lon="8.06492700">
  <ele>272.980</ele>
 </trkpt>
 <trkpt lat="51.12621903" lon="8.06430196">
  <ele>274.390</ele>
 </trkpt>
 <trkpt lat="51.12642699" lon="8.06375102">
  <ele>276.687</ele>
 </trkpt>
 <trkpt lat="51.12658197" lon="8.06324802">
  <ele>280.075</ele>
 </trkpt>
 <trkpt lat="51.12685497" lon="8.06274201">
  <ele>283.557</ele>
 </trkpt>
 <trkpt lat="51.12686897" lon="8.06272097">
  <ele>283.798</ele>
 </trkpt>
 <trkpt lat="51.12705404" lon="8.06240296">
  <ele>285.405</ele>
 </trkpt>
 <trkpt lat="51.12720198" lon="8.06207699">
  <ele>286.113</ele>
 </trkpt>
 <trkpt lat="51.12738102" lon="8.06159704">
  <ele>286.516</ele>
 </trkpt>
 <trkpt lat="51.12761596" lon="8.06105498">
  <ele>287.253</ele>
 </trkpt>
 <trkpt lat="51.12784596" lon="8.06099899">
  <ele>288.084</ele>
 </trkpt>
 <trkpt lat="51.12796800" lon="8.06100897">
  <ele>291.111</ele>
 </trkpt>
 <trkpt lat="51.12799801" lon="8.06100201">
  <ele>290.659</ele>
 </trkpt>
 <trkpt lat="51.12812701" lon="8.06071803">
  <ele>291.788</ele>
 </trkpt>
 <trkpt lat="51.12814796" lon="8.06023498">
  <ele>291.546</ele>
 </trkpt>
 <trkpt lat="51.12814603" lon="8.06014798">
  <ele>291.593</ele>
 </trkpt>
 <trkpt lat="51.12814503" lon="8.05994497">
  <ele>292.994</ele>
 </trkpt>
 <trkpt lat="51.12805903" lon="8.05974296">
  <ele>293.175</ele>
 </trkpt>
 <trkpt lat="51.12804000" lon="8.05890100">
  <ele>292.722</ele>
 </trkpt>
 <trkpt lat="51.12802198" lon="8.05863898">
  <ele>292.107</ele>
 </trkpt>
 <trkpt lat="51.12801301" lon="8.05828904">
  <ele>292.216</ele>
 </trkpt>
 <trkpt lat="51.12801997" lon="8.05803004">
  <ele>292.314</ele>
 </trkpt>
 <trkpt lat="51.12811703" lon="8.05731397">
  <ele>292.899</ele>
 </trkpt>
 <trkpt lat="51.12822700" lon="8.05635198">
  <ele>294.303</ele>
 </trkpt>
 <trkpt lat="51.12815198" lon="8.05547004">
  <ele>295.126</ele>
 </trkpt>
 <trkpt lat="51.12817696" lon="8.05499101">
  <ele>296.639</ele>
 </trkpt>
 <trkpt lat="51.12818602" lon="8.05453403">
  <ele>298.486</ele>
 </trkpt>
 <trkpt lat="51.12818702" lon="8.05413304">
  <ele>300.462</ele>
 </trkpt>
 <trkpt lat="51.12818602" lon="8.05381201">
  <ele>303.700</ele>
 </trkpt>
 <trkpt lat="51.12818099" lon="8.05375099">
  <ele>304.369</ele>
 </trkpt>
 <trkpt lat="51.12821703" lon="8.05366801">
  <ele>304.577</ele>
 </trkpt>
 <trkpt lat="51.12824704" lon="8.05354899">
  <ele>305.925</ele>
 </trkpt>
 <trkpt lat="51.12826204" lon="8.05339099">
  <ele>309.427</ele>
 </trkpt>
 <trkpt lat="51.12824704" lon="8.05328202">
  <ele>311.283</ele>
 </trkpt>
 <trkpt lat="51.12827403" lon="8.05319301">
  <ele>312.660</ele>
 </trkpt>
 <trkpt lat="51.12826204" lon="8.05312897">
  <ele>314.012</ele>
 </trkpt>
 <trkpt lat="51.12810303" lon="8.05282697">
  <ele>313.587</ele>
 </trkpt>
 <trkpt lat="51.12788100" lon="8.05240997">
  <ele>312.569</ele>
 </trkpt>
 <trkpt lat="51.12769802" lon="8.05224703">
  <ele>309.060</ele>
 </trkpt>
 <trkpt lat="51.12760096" lon="8.05215499">
  <ele>306.561</ele>
 </trkpt>
 <trkpt lat="51.12741396" lon="8.05163599">
  <ele>306.326</ele>
 </trkpt>
 <trkpt lat="51.12732603" lon="8.05142703">
  <ele>308.106</ele>
 </trkpt>
 <trkpt lat="51.12713300" lon="8.05104598">
  <ele>305.661</ele>
 </trkpt>
 <trkpt lat="51.12709704" lon="8.05098597">
  <ele>304.266</ele>
 </trkpt>
 <trkpt lat="51.12679001" lon="8.05067098">
  <ele>299.371</ele>
 </trkpt>
 <trkpt lat="51.12669999" lon="8.05061004">
  <ele>298.900</ele>
 </trkpt>
 <trkpt lat="51.12653302" lon="8.05047903">
  <ele>294.661</ele>
 </trkpt>
 <trkpt lat="51.12642104" lon="8.05037200">
  <ele>291.583</ele>
 </trkpt>
 <trkpt lat="51.12620403" lon="8.05017997">
  <ele>288.976</ele>
 </trkpt>
 <trkpt lat="51.12611803" lon="8.05013001">
  <ele>287.478</ele>
 </trkpt>
 <trkpt lat="51.12595299" lon="8.05007997">
  <ele>285.013</ele>
 </trkpt>
 <trkpt lat="51.12581201" lon="8.04997997">
  <ele>282.755</ele>
 </trkpt>
 <trkpt lat="51.12561101" lon="8.04977001">
  <ele>279.601</ele>
 </trkpt>
 <trkpt lat="51.12551898" lon="8.04964202">
  <ele>278.039</ele>
 </trkpt>
 <trkpt lat="51.12531102" lon="8.04941403">
  <ele>273.892</ele>
 </trkpt>
 <trkpt lat="51.12522502" lon="8.04932602">
  <ele>273.745</ele>
 </trkpt>
 <trkpt lat="51.12515001" lon="8.04922996">
  <ele>273.513</ele>
 </trkpt>
 <trkpt lat="51.12470803" lon="8.04818499">
  <ele>270.819</ele>
 </trkpt>
 <trkpt lat="51.12442204" lon="8.04717304">
  <ele>271.136</ele>
 </trkpt>
 <trkpt lat="51.12432003" lon="8.04669603">
  <ele>270.361</ele>
 </trkpt>
 <trkpt lat="51.12430000" lon="8.04631096">
  <ele>269.404</ele>
 </trkpt>
 <trkpt lat="51.12420402" lon="8.04603998">
  <ele>268.577</ele>
 </trkpt>
 <trkpt lat="51.12415499" lon="8.04544101">
  <ele>269.192</ele>
 </trkpt>
 <trkpt lat="51.12421903" lon="8.04534696">
  <ele>268.970</ele>
 </trkpt>
 <trkpt lat="51.12433604" lon="8.04521897">
  <ele>269.024</ele>
 </trkpt>
 <trkpt lat="51.12443604" lon="8.04496701">
  <ele>269.333</ele>
 </trkpt>
 <trkpt lat="51.12450602" lon="8.04407098">
  <ele>267.956</ele>
 </trkpt>
 <trkpt lat="51.12463997" lon="8.04317102">
  <ele>267.168</ele>
 </trkpt>
 <trkpt lat="51.12468003" lon="8.04278101">
  <ele>268.038</ele>
 </trkpt>
 <trkpt lat="51.12463100" lon="8.04211699">
  <ele>268.155</ele>
 </trkpt>
 <trkpt lat="51.12449102" lon="8.04184701">
  <ele>268.195</ele>
 </trkpt>
 <trkpt lat="51.12448901" lon="8.04175297">
  <ele>267.456</ele>
 </trkpt>
 <trkpt lat="51.12479696" lon="8.04114402">
  <ele>266.867</ele>
 </trkpt>
 <trkpt lat="51.12494297" lon="8.04057799">
  <ele>266.397</ele>
 </trkpt>
 <trkpt lat="51.12524296" lon="8.03994399">
  <ele>266.137</ele>
 </trkpt>
 <trkpt lat="51.12552602" lon="8.03980501">
  <ele>269.109</ele>
 </trkpt>
 <trkpt lat="51.12568201" lon="8.03976201">
  <ele>267.522</ele>
 </trkpt>
 <trkpt lat="51.12606104" lon="8.03966101">
  <ele>268.062</ele>
 </trkpt>
 <trkpt lat="51.12661198" lon="8.03929699">
  <ele>267.327</ele>
 </trkpt>
 <trkpt lat="51.12686302" lon="8.03913396">
  <ele>267.860</ele>
 </trkpt>
 <trkpt lat="51.12746500" lon="8.03897101">
  <ele>266.564</ele>
 </trkpt>
 <trkpt lat="51.12807596" lon="8.03872802">
  <ele>264.196</ele>
 </trkpt>
 <trkpt lat="51.12870502" lon="8.03818203">
  <ele>263.563</ele>
 </trkpt>
 <trkpt lat="51.12904902" lon="8.03771499">
  <ele>262.726</ele>
 </trkpt>
 <trkpt lat="51.12951203" lon="8.03721199">
  <ele>264.375</ele>
 </trkpt>
 <trkpt lat="51.12961404" lon="8.03707796">
  <ele>264.448</ele>
 </trkpt>
 <trkpt lat="51.12991897" lon="8.03644697">
  <ele>263.001</ele>
 </trkpt>
 <trkpt lat="51.13014503" lon="8.03573200">
  <ele>263.112</ele>
 </trkpt>
 <trkpt lat="51.13018703" lon="8.03559604">
  <ele>263.296</ele>
 </trkpt>
 <trkpt lat="51.13053496" lon="8.03494602">
  <ele>264.011</ele>
 </trkpt>
 <trkpt lat="51.13101197" lon="8.03412904">
  <ele>264.789</ele>
 </trkpt>
 <trkpt lat="51.13117198" lon="8.03365001">
  <ele>265.453</ele>
 </trkpt>
 <trkpt lat="51.13131599" lon="8.03310703">
  <ele>263.055</ele>
 </trkpt>
 <trkpt lat="51.13150399" lon="8.03285097">
  <ele>263.272</ele>
 </trkpt>
 <trkpt lat="51.13164498" lon="8.03274997">
  <ele>263.064</ele>
 </trkpt>
 <trkpt lat="51.13209601" lon="8.03230003">
  <ele>263.661</ele>
 </trkpt>
 <trkpt lat="51.13259196" lon="8.03183500">
  <ele>264.825</ele>
 </trkpt>
 <trkpt lat="51.13320300" lon="8.03161598">
  <ele>265.648</ele>
 </trkpt>
 <trkpt lat="51.13377197" lon="8.03149100">
  <ele>267.862</ele>
 </trkpt>
 <trkpt lat="51.13416801" lon="8.03132001">
  <ele>267.187</ele>
 </trkpt>
 <trkpt lat="51.13467998" lon="8.03079204">
  <ele>264.980</ele>
 </trkpt>
 <trkpt lat="51.13531097" lon="8.03026699">
  <ele>262.565</ele>
 </trkpt>
 <trkpt lat="51.13618696" lon="8.02966601">
  <ele>261.825</ele>
 </trkpt>
 <trkpt lat="51.13720402" lon="8.02897601">
  <ele>261.323</ele>
 </trkpt>
 <trkpt lat="51.13812997" lon="8.02837604">
  <ele>260.630</ele>
 </trkpt>
 <trkpt lat="51.13858804" lon="8.02814998">
  <ele>260.766</ele>
 </trkpt>
 <trkpt lat="51.13887898" lon="8.02808904">
  <ele>260.394</ele>
 </trkpt>
 <trkpt lat="51.13927301" lon="8.02826498">
  <ele>259.870</ele>
 </trkpt>
 <trkpt lat="51.13981700" lon="8.02882900">
  <ele>260.145</ele>
 </trkpt>
 <trkpt lat="51.14004700" lon="8.02893301">
  <ele>259.670</ele>
 </trkpt>
 <trkpt lat="51.14046098" lon="8.02897501">
  <ele>258.949</ele>
 </trkpt>
 <trkpt lat="51.14109398" lon="8.02870997">
  <ele>258.830</ele>
 </trkpt>
 <trkpt lat="51.14174098" lon="8.02793900">
  <ele>258.639</ele>
 </trkpt>
 <trkpt lat="51.14243902" lon="8.02696100">
  <ele>257.979</ele>
 </trkpt>
 <trkpt lat="51.14304202" lon="8.02608702">
  <ele>257.953</ele>
 </trkpt>
 <trkpt lat="51.14365096" lon="8.02520801">
  <ele>257.921</ele>
 </trkpt>
 <trkpt lat="51.14388398" lon="8.02492504">
  <ele>257.987</ele>
 </trkpt>
 <trkpt lat="51.14445998" lon="8.02466202">
  <ele>258.293</ele>
 </trkpt>
 <trkpt lat="51.14516398" lon="8.02438600">
  <ele>258.486</ele>
 </trkpt>
 <trkpt lat="51.14532097" lon="8.02429003">
  <ele>258.699</ele>
 </trkpt>
 <trkpt lat="51.14532097" lon="8.02428097">
  <ele>258.968</ele>
 </trkpt>
 <trkpt lat="51.14530697" lon="8.02418802">
  <ele>258.377</ele>
 </trkpt>
 <trkpt lat="51.14526398" lon="8.02407302">
  <ele>258.530</ele>
 </trkpt>
 <trkpt lat="51.14519197" lon="8.02384696">
  <ele>258.117</ele>
 </trkpt>
 <trkpt lat="51.14504303" lon="8.02320298">
  <ele>257.060</ele>
 </trkpt>
 <trkpt lat="51.14502601" lon="8.02311597">
  <ele>257.573</ele>
 </trkpt>
 <trkpt lat="51.14489802" lon="8.02076301">
  <ele>257.755</ele>
 </trkpt>
 <trkpt lat="51.14489199" lon="8.02058003">
  <ele>257.974</ele>
 </trkpt>
 <trkpt lat="51.14487598" lon="8.02041700">
  <ele>258.020</ele>
 </trkpt>
 <trkpt lat="51.14468697" lon="8.02021701">
  <ele>258.382</ele>
 </trkpt>
 <trkpt lat="51.14436099" lon="8.02002104">
  <ele>258.595</ele>
 </trkpt>
 <trkpt lat="51.14391902" lon="8.01970202">
  <ele>257.552</ele>
 </trkpt>
 <trkpt lat="51.14365096" lon="8.01939198">
  <ele>256.298</ele>
 </trkpt>
 <trkpt lat="51.14352901" lon="8.01919299">
  <ele>255.606</ele>
 </trkpt>
 <trkpt lat="51.14339498" lon="8.01914404">
  <ele>255.509</ele>
 </trkpt>
 <trkpt lat="51.14327403" lon="8.01899199">
  <ele>254.823</ele>
 </trkpt>
 <trkpt lat="51.14300304" lon="8.01852001">
  <ele>255.030</ele>
 </trkpt>
 <trkpt lat="51.14273197" lon="8.01809496">
  <ele>255.809</ele>
 </trkpt>
 <trkpt lat="51.14226602" lon="8.01748702">
  <ele>257.631</ele>
 </trkpt>
 <trkpt lat="51.14232000" lon="8.01723498">
  <ele>257.088</ele>
 </trkpt>
 <trkpt lat="51.14236702" lon="8.01709098">
  <ele>255.823</ele>
 </trkpt>
 <trkpt lat="51.14232101" lon="8.01706499">
  <ele>255.516</ele>
 </trkpt>
 <trkpt lat="51.14218203" lon="8.01735098">
  <ele>254.397</ele>
 </trkpt>
 <trkpt lat="51.14203904" lon="8.01731201">
  <ele>254.159</ele>
 </trkpt>
 <trkpt lat="51.14200098" lon="8.01698897">
  <ele>254.078</ele>
 </trkpt>
 <trkpt lat="51.14207399" lon="8.01688001">
  <ele>254.737</ele>
 </trkpt>
 <trkpt lat="51.14211900" lon="8.01682502">
  <ele>256.067</ele>
 </trkpt>
 <trkpt lat="51.14205102" lon="8.01679803">
  <ele>255.950</ele>
 </trkpt>
 <trkpt lat="51.14202596" lon="8.01681899">
  <ele>256.301</ele>
 </trkpt>
 <trkpt lat="51.14189898" lon="8.01693097">
  <ele>257.310</ele>
 </trkpt>
 <trkpt lat="51.14188397" lon="8.01682301">
  <ele>257.522</ele>
 </trkpt>
 <trkpt lat="51.14198104" lon="8.01681002">
  <ele>257.806</ele>
 </trkpt>
 <trkpt lat="51.14218304" lon="8.01663299">
  <ele>256.970</ele>
 </trkpt>
 <trkpt lat="51.14243198" lon="8.01623099">
  <ele>256.417</ele>
 </trkpt>
 <trkpt lat="51.14281302" lon="8.01540404">
  <ele>255.476</ele>
 </trkpt>
 <trkpt lat="51.14313497" lon="8.01448898">
  <ele>254.280</ele>
 </trkpt>
 <trkpt lat="51.14322600" lon="8.01390996">
  <ele>256.575</ele>
 </trkpt>
 <trkpt lat="51.14322198" lon="8.01380502">
  <ele>256.634</ele>
 </trkpt>
 <trkpt lat="51.14319499" lon="8.01355197">
  <ele>255.121</ele>
 </trkpt>
 <trkpt lat="51.14322097" lon="8.01313698">
  <ele>256.217</ele>
 </trkpt>
 <trkpt lat="51.14337201" lon="8.01255503">
  <ele>257.405</ele>
 </trkpt>
 <trkpt lat="51.14347704" lon="8.01224699">
  <ele>259.249</ele>
 </trkpt>
 <trkpt lat="51.14364300" lon="8.01176302">
  <ele>260.928</ele>
 </trkpt>
 <trkpt lat="51.14386998" lon="8.01124502">
  <ele>259.929</ele>
 </trkpt>
 <trkpt lat="51.14389597" lon="8.01103799">
  <ele>258.073</ele>
 </trkpt>
 <trkpt lat="51.14396797" lon="8.01015001">
  <ele>255.525</ele>
 </trkpt>
 <trkpt lat="51.14398599" lon="8.00992998">
  <ele>255.374</ele>
 </trkpt>
 <trkpt lat="51.14399303" lon="8.00953302">
  <ele>254.757</ele>
 </trkpt>
 <trkpt lat="51.14406503" lon="8.00849902">
  <ele>255.151</ele>
 </trkpt>
 <trkpt lat="51.14417600" lon="8.00721198">
  <ele>252.860</ele>
 </trkpt>
 <trkpt lat="51.14434398" lon="8.00593098">
  <ele>251.082</ele>
 </trkpt>
 <trkpt lat="51.14453198" lon="8.00471200">
  <ele>251.630</ele>
 </trkpt>
 <trkpt lat="51.14476399" lon="8.00334902">
  <ele>251.843</ele>
 </trkpt>
 <trkpt lat="51.14510396" lon="8.00221302">
  <ele>250.937</ele>
 </trkpt>
 <trkpt lat="51.14547503" lon="8.00124298">
  <ele>251.358</ele>
 </trkpt>
 <trkpt lat="51.14558802" lon="8.00089597">
  <ele>252.215</ele>
 </trkpt>
 <trkpt lat="51.14593302" lon="8.00001302">
  <ele>253.260</ele>
 </trkpt>
 <trkpt lat="51.14599496" lon="7.99990598">
  <ele>253.498</ele>
 </trkpt>
 <trkpt lat="51.14638103" lon="7.99937801">
  <ele>252.926</ele>
 </trkpt>
 <trkpt lat="51.14653903" lon="7.99915002">
  <ele>253.646</ele>
 </trkpt>
 <trkpt lat="51.14688403" lon="7.99868600">
  <ele>253.520</ele>
 </trkpt>
 <trkpt lat="51.14707698" lon="7.99844502">
  <ele>253.856</ele>
 </trkpt>
 <trkpt lat="51.14758803" lon="7.99799700">
  <ele>252.346</ele>
 </trkpt>
 <trkpt lat="51.14788298" lon="7.99763901">
  <ele>252.572</ele>
 </trkpt>
 <trkpt lat="51.14813997" lon="7.99720600">
  <ele>253.099</ele>
 </trkpt>
 <trkpt lat="51.14835296" lon="7.99674600">
  <ele>253.262</ele>
 </trkpt>
 <trkpt lat="51.14848397" lon="7.99609104">
  <ele>253.107</ele>
 </trkpt>
 <trkpt lat="51.14847600" lon="7.99605098">
  <ele>253.129</ele>
 </trkpt>
 <trkpt lat="51.14838003" lon="7.99581402">
  <ele>250.911</ele>
 </trkpt>
 <trkpt lat="51.14836796" lon="7.99571101">
  <ele>250.643</ele>
 </trkpt>
 <trkpt lat="51.14845798" lon="7.99593396">
  <ele>249.695</ele>
 </trkpt>
 <trkpt lat="51.14851196" lon="7.99612499">
  <ele>249.766</ele>
 </trkpt>
 <trkpt lat="51.14865102" lon="7.99607101">
  <ele>249.490</ele>
 </trkpt>
 <trkpt lat="51.14871296" lon="7.99600898">
  <ele>250.315</ele>
 </trkpt>
 <trkpt lat="51.14882603" lon="7.99630604">
  <ele>249.899</ele>
 </trkpt>
 <trkpt lat="51.14894598" lon="7.99650997">
  <ele>249.869</ele>
 </trkpt>
 <trkpt lat="51.14923197" lon="7.99702504">
  <ele>251.414</ele>
 </trkpt>
 <trkpt lat="51.14929802" lon="7.99719402">
  <ele>251.776</ele>
 </trkpt>
 <trkpt lat="51.14942702" lon="7.99817202">
  <ele>251.616</ele>
 </trkpt>
 <trkpt lat="51.14944998" lon="7.99843404">
  <ele>251.918</ele>
 </trkpt>
 <trkpt lat="51.14941101" lon="7.99895698">
  <ele>253.625</ele>
 </trkpt>
 <trkpt lat="51.14950597" lon="7.99904399">
  <ele>253.084</ele>
 </trkpt>
 <trkpt lat="51.14963899" lon="7.99906201">
  <ele>253.670</ele>
 </trkpt>
 <trkpt lat="51.14996798" lon="7.99835701">
  <ele>252.275</ele>
 </trkpt>
 <trkpt lat="51.15049303" lon="7.99720298">
  <ele>250.713</ele>
 </trkpt>
 <trkpt lat="51.15113399" lon="7.99643403">
  <ele>250.688</ele>
 </trkpt>
 <trkpt lat="51.15193203" lon="7.99555602">
  <ele>250.888</ele>
 </trkpt>
 <trkpt lat="51.15248197" lon="7.99474399">
  <ele>251.218</ele>
 </trkpt>
 <trkpt lat="51.15296803" lon="7.99394804">
  <ele>250.502</ele>
 </trkpt>
 <trkpt lat="51.15356700" lon="7.99349600">
  <ele>250.709</ele>
 </trkpt>
 <trkpt lat="51.15458599" lon="7.99296099">
  <ele>250.484</ele>
 </trkpt>
 <trkpt lat="51.15555603" lon="7.99251004">
  <ele>249.308</ele>
 </trkpt>
 <trkpt lat="51.15655197" lon="7.99204996">
  <ele>248.581</ele>
 </trkpt>
 <trkpt lat="51.15742603" lon="7.99165098">
  <ele>248.048</ele>
 </trkpt>
 <trkpt lat="51.15863001" lon="7.99108998">
  <ele>246.940</ele>
 </trkpt>
 <trkpt lat="51.15934004" lon="7.99045103">
  <ele>246.096</ele>
 </trkpt>
 <trkpt lat="51.15991998" lon="7.98961099">
  <ele>246.143</ele>
 </trkpt>
 <trkpt lat="51.16027798" lon="7.98914798">
  <ele>247.166</ele>
 </trkpt>
 <trkpt lat="51.16053698" lon="7.98894304">
  <ele>247.271</ele>
 </trkpt>
 <trkpt lat="51.16102397" lon="7.98872503">
  <ele>247.756</ele>
 </trkpt>
 <trkpt lat="51.16117601" lon="7.98865596">
  <ele>248.073</ele>
 </trkpt>
 <trkpt lat="51.16130199" lon="7.98858102">
  <ele>247.781</ele>
 </trkpt>
 <trkpt lat="51.16166602" lon="7.98831699">
  <ele>247.064</ele>
 </trkpt>
 <trkpt lat="51.16222400" lon="7.98772498">
  <ele>245.902</ele>
 </trkpt>
 <trkpt lat="51.16233900" lon="7.98760302">
  <ele>246.649</ele>
 </trkpt>
 <trkpt lat="51.16283404" lon="7.98704504">
  <ele>245.587</ele>
 </trkpt>
 <trkpt lat="51.16308499" lon="7.98669199">
  <ele>244.609</ele>
 </trkpt>
 <trkpt lat="51.16319496" lon="7.98655797">
  <ele>244.780</ele>
 </trkpt>
 <trkpt lat="51.16321600" lon="7.98653400">
  <ele>244.857</ele>
 </trkpt>
 <trkpt lat="51.16348799" lon="7.98631104">
  <ele>244.922</ele>
 </trkpt>
 <trkpt lat="51.16379603" lon="7.98596604">
  <ele>244.592</ele>
 </trkpt>
 <trkpt lat="51.16387800" lon="7.98590401">
  <ele>244.046</ele>
 </trkpt>
 <trkpt lat="51.16409300" lon="7.98579102">
  <ele>244.303</ele>
 </trkpt>
 <trkpt lat="51.16454101" lon="7.98519599">
  <ele>244.353</ele>
 </trkpt>
 <trkpt lat="51.16463497" lon="7.98501897">
  <ele>244.460</ele>
 </trkpt>
 <trkpt lat="51.16517502" lon="7.98444397">
  <ele>244.603</ele>
 </trkpt>
 <trkpt lat="51.16554198" lon="7.98401398">
  <ele>244.460</ele>
 </trkpt>
 <trkpt lat="51.16596702" lon="7.98320102">
  <ele>243.907</ele>
 </trkpt>
 <trkpt lat="51.16607599" lon="7.98297504">
  <ele>243.636</ele>
 </trkpt>
 <trkpt lat="51.16644002" lon="7.98222704">
  <ele>243.842</ele>
 </trkpt>
 <trkpt lat="51.16647497" lon="7.98218404">
  <ele>243.572</ele>
 </trkpt>
 <trkpt lat="51.16661101" lon="7.98190802">
  <ele>242.970</ele>
 </trkpt>
 <trkpt lat="51.16648796" lon="7.98172002">
  <ele>243.273</ele>
 </trkpt>
 <trkpt lat="51.16613902" lon="7.98119003">
  <ele>243.827</ele>
 </trkpt>
 <trkpt lat="51.16571800" lon="7.98045502">
  <ele>243.658</ele>
 </trkpt>
 <trkpt lat="51.16545204" lon="7.97983501">
  <ele>244.169</ele>
 </trkpt>
 <trkpt lat="51.16522900" lon="7.97923403">
  <ele>243.481</ele>
 </trkpt>
 <trkpt lat="51.16495701" lon="7.97847597">
  <ele>243.582</ele>
 </trkpt>
 <trkpt lat="51.16463900" lon="7.97766896">
  <ele>243.278</ele>
 </trkpt>
 <trkpt lat="51.16449701" lon="7.97734198">
  <ele>244.197</ele>
 </trkpt>
 <trkpt lat="51.16447102" lon="7.97727300">
  <ele>243.241</ele>
 </trkpt>
 <trkpt lat="51.16442601" lon="7.97689397">
  <ele>243.799</ele>
 </trkpt>
 <trkpt lat="51.16440204" lon="7.97655299">
  <ele>244.109</ele>
 </trkpt>
 <trkpt lat="51.16457303" lon="7.97639198">
  <ele>243.298</ele>
 </trkpt>
 <trkpt lat="51.16478501" lon="7.97616198">
  <ele>243.102</ele>
 </trkpt>
 <trkpt lat="51.16488702" lon="7.97593399">
  <ele>242.575</ele>
 </trkpt>
 <trkpt lat="51.16521198" lon="7.97477201">
  <ele>241.974</ele>
 </trkpt>
 <trkpt lat="51.16554097" lon="7.97360801">
  <ele>240.269</ele>
 </trkpt>
 <trkpt lat="51.16591296" lon="7.97223204">
  <ele>239.742</ele>
 </trkpt>
 <trkpt lat="51.16607599" lon="7.97163298">
  <ele>239.668</ele>
 </trkpt>
 <trkpt lat="51.16607700" lon="7.97139703">
  <ele>240.139</ele>
 </trkpt>
 <trkpt lat="51.16602100" lon="7.97096302">
  <ele>240.617</ele>
 </trkpt>
 <trkpt lat="51.16604900" lon="7.97082597">
  <ele>240.517</ele>
 </trkpt>
 <trkpt lat="51.16618898" lon="7.97081198">
  <ele>240.269</ele>
 </trkpt>
 <trkpt lat="51.16656398" lon="7.97086797">
  <ele>241.656</ele>
 </trkpt>
 <trkpt lat="51.16658896" lon="7.97083000">
  <ele>241.587</ele>
 </trkpt>
 <trkpt lat="51.16670103" lon="7.97045097">
  <ele>242.075</ele>
 </trkpt>
 <trkpt lat="51.16684302" lon="7.96996297">
  <ele>241.944</ele>
 </trkpt>
 <trkpt lat="51.16686800" lon="7.96951496">
  <ele>239.798</ele>
 </trkpt>
 <trkpt lat="51.16703304" lon="7.96910098">
  <ele>238.968</ele>
 </trkpt>
 <trkpt lat="51.16735197" lon="7.96832498">
  <ele>239.145</ele>
 </trkpt>
 <trkpt lat="51.16769202" lon="7.96768603">
  <ele>238.632</ele>
 </trkpt>
 <trkpt lat="51.16811397" lon="7.96702101">
  <ele>239.437</ele>
 </trkpt>
 <trkpt lat="51.16865602" lon="7.96628600">
  <ele>239.073</ele>
 </trkpt>
 <trkpt lat="51.16934803" lon="7.96556599">
  <ele>238.285</ele>
 </trkpt>
 <trkpt lat="51.16976302" lon="7.96521303">
  <ele>239.022</ele>
 </trkpt>
 <trkpt lat="51.16992001" lon="7.96519099">
  <ele>239.535</ele>
 </trkpt>
 <trkpt lat="51.17023802" lon="7.96554001">
  <ele>239.450</ele>
 </trkpt>
 <trkpt lat="51.17036199" lon="7.96558997">
  <ele>237.977</ele>
 </trkpt>
 <trkpt lat="51.17080598" lon="7.96502301">
  <ele>237.579</ele>
 </trkpt>
 <trkpt lat="51.17095702" lon="7.96493199">
  <ele>238.131</ele>
 </trkpt>
 <trkpt lat="51.17165800" lon="7.96485001">
  <ele>237.337</ele>
 </trkpt>
 <trkpt lat="51.17214197" lon="7.96498496">
  <ele>237.996</ele>
 </trkpt>
 <trkpt lat="51.17259501" lon="7.96516199">
  <ele>238.189</ele>
 </trkpt>
 <trkpt lat="51.17268001" lon="7.96517598">
  <ele>237.965</ele>
 </trkpt>
 <trkpt lat="51.17323497" lon="7.96538503">
  <ele>237.880</ele>
 </trkpt>
 <trkpt lat="51.17374904" lon="7.96550103">
  <ele>238.114</ele>
 </trkpt>
 <trkpt lat="51.17451900" lon="7.96578200">
  <ele>238.397</ele>
 </trkpt>
 <trkpt lat="51.17531997" lon="7.96600697">
  <ele>238.131</ele>
 </trkpt>
    </trkseg>
  </trk>

<trk>
  <name>NW 4.25 Teil 2*</name>
    <extensions>
      <gpxx:TrackExtension xmlns:gpxx="http://www.garmin.com/xmlschemas/GpxExtensions/v3">
        <gpxx:DisplayColor>DarkRed</gpxx:DisplayColor>
      </gpxx:TrackExtension>
    </extensions>
  <trkseg>
    <trkpt lat="51.117760" lon="8.158700"/>
    <trkpt lat="51.117930" lon="8.160020"/>
    <trkpt lat="51.118100" lon="8.161300"/>
    <trkpt lat="51.118290" lon="8.162660"/>
    <trkpt lat="51.118420" lon="8.163440"/>
    <trkpt lat="51.118580" lon="8.164280"/>
    <trkpt lat="51.118700" lon="8.164940"/>
    <trkpt lat="51.118760" lon="8.165250"/>
    <trkpt lat="51.118810" lon="8.165650"/>
    <trkpt lat="51.118840" lon="8.166130"/>
    <trkpt lat="51.118850" lon="8.166510"/>
    <trkpt lat="51.118870" lon="8.166920"/>
    <trkpt lat="51.118910" lon="8.167250"/>
    <trkpt lat="51.118970" lon="8.167570"/>
    <trkpt lat="51.119060" lon="8.167870"/>
    <trkpt lat="51.119200" lon="8.168140"/>
    <trkpt lat="51.119400" lon="8.168510"/>
    <trkpt lat="51.119650" lon="8.168770"/>
    <trkpt lat="51.119840" lon="8.168910"/>
    <trkpt lat="51.120120" lon="8.169060"/>
    <trkpt lat="51.120360" lon="8.169120"/>
    <trkpt lat="51.120590" lon="8.169200"/>
  </trkseg>
</trk>

<trk>
  <name>NW 4.25 Teil 3*</name>
    <extensions>
      <gpxx:TrackExtension xmlns:gpxx="http://www.garmin.com/xmlschemas/GpxExtensions/v3">
        <gpxx:DisplayColor>DarkRed</gpxx:DisplayColor>
      </gpxx:TrackExtension>
    </extensions>
  <trkseg>
    <trkpt lat="51.138090" lon="8.261010"/>
    <trkpt lat="51.138360" lon="8.261550"/>
    <trkpt lat="51.138580" lon="8.261990"/>
    <trkpt lat="51.138810" lon="8.262370"/>
    <trkpt lat="51.139100" lon="8.262680"/>
    <trkpt lat="51.139420" lon="8.262890"/>
    <trkpt lat="51.139790" lon="8.263100"/>
    <trkpt lat="51.140170" lon="8.263290"/>
    <trkpt lat="51.140470" lon="8.263520"/>
    <trkpt lat="51.140800" lon="8.263840"/>
    <trkpt lat="51.141750" lon="8.264750"/>
    <trkpt lat="51.142310" lon="8.265240"/>
    <trkpt lat="51.142530" lon="8.265410"/>
    <trkpt lat="51.142820" lon="8.265530"/>
    <trkpt lat="51.143420" lon="8.265740"/>
    <trkpt lat="51.143840" lon="8.265870"/>
    <trkpt lat="51.144060" lon="8.265980"/>
    <trkpt lat="51.144320" lon="8.266170"/>
    <trkpt lat="51.144560" lon="8.266410"/>
    <trkpt lat="51.144870" lon="8.266820"/>
    <trkpt lat="51.145130" lon="8.267130"/>
    <trkpt lat="51.145380" lon="8.267340"/>
    <trkpt lat="51.145690" lon="8.267520"/>
    <trkpt lat="51.146130" lon="8.267740"/>
    <trkpt lat="51.146570" lon="8.267960"/>
    <trkpt lat="51.146890" lon="8.268220"/>
    <trkpt lat="51.147260" lon="8.268670"/>
    <trkpt lat="51.147600" lon="8.269150"/>
    <trkpt lat="51.147900" lon="8.269460"/>
    <trkpt lat="51.148260" lon="8.269760"/>
    <trkpt lat="51.148630" lon="8.270010"/>
    <trkpt lat="51.148970" lon="8.270260"/>
    <trkpt lat="51.149210" lon="8.270450"/>
    <trkpt lat="51.149470" lon="8.270750"/>
    <trkpt lat="51.149740" lon="8.271100"/>
    <trkpt lat="51.150010" lon="8.271540"/>
    <trkpt lat="51.150260" lon="8.271980"/>
    <trkpt lat="51.150460" lon="8.272420"/>
    <trkpt lat="51.150630" lon="8.272990"/>
    <trkpt lat="51.150880" lon="8.273910"/>
    <trkpt lat="51.151270" lon="8.275320"/>
    <trkpt lat="51.151580" lon="8.276430"/>
    <trkpt lat="51.151800" lon="8.277000"/>
    <trkpt lat="51.152010" lon="8.277430"/>
    <trkpt lat="51.152220" lon="8.277830"/>
    <trkpt lat="51.152380" lon="8.278240"/>
    <trkpt lat="51.152500" lon="8.278570"/>
  </trkseg>
</trk>

</gpx>
